variable_objetivo,variable_vinculada,tipo_vinculo,nivel,modulo,rol_provisional,n_unicos,pct_nan,etiqueta_codebook,presente_eda,predictor_candidato
IRAMDEYR,AMDEYR,Variable de origen,1,ADULT DEPRESSION,Predictor candidato,2.0,3.467,ADULT: PAST YEAR MAJOR DEPRESSIVE EPISODE (MDE),True,True
IRAMDEYR,ADPB2WK,Variable de origen,2,ADULT DEPRESSION,Predictor candidato,6.0,0.0,FELT THIS 2 WKS+ W/OTH PRBS DURING PAST 12 MOS,True,True
IRAMDEYR,AMDELT,Variable de origen,2,ADULT DEPRESSION,Predictor candidato,2.0,3.281,ADULT: LIFETIME MAJOR DEPRESSIVE EPISODE (MDE),True,True
IRAMDEYR,AD38,Variable de origen,3,,,,,,False,False
IRAMDEYR,ADDPPROB,Variable de origen,3,ADULT DEPRESSION,Predictor candidato,6.0,0.0,EVER HAVE OTH PRBLMS DURING 2 WKS OR LONGER,True,True
IRAMDEYR,ADDPR2WK,Variable de origen,3,ADULT DEPRESSION,Predictor candidato,7.0,0.0,TIME WHEN [FEELFILL] LSTD EVRYDY 2 WKS OR LNGR,True,True
IRAMDEYR,ADDPREV,Variable de origen,3,ADULT DEPRESSION,Predictor candidato,6.0,0.0,SEVERAL DAYS OR LNGR WHEN FELT SAD/EMPTY/DPRSD,True,True
IRAMDEYR,ADDSCEV,Variable de origen,3,ADULT DEPRESSION,Predictor candidato,6.0,0.0,SEVERAL DAYS OR LNGR FELT DISCOURAGED ABT LIFE,True,True
IRAMDEYR,ADLOSEV,Variable de origen,3,ADULT DEPRESSION,Predictor candidato,6.0,0.0,EVER HAD PER OF TIME LST INTRST IN ENJOYABLE THGS,True,True
IRAMDEYR,ADLSI2WK,Variable de origen,3,ADULT DEPRESSION,Predictor candidato,6.0,0.0,PERIOD OF TIME LASTED EVERY DAY FOR 2 WKS /LNGR,True,True
IRAMDEYR,ADSMMDEA,Variable de origen,3,ADULT DEPRESSION,Predictor candidato,5.0,0.0,SCORE OF SYMPTOM INDICATORS 1 THRU 9,True,True
IRAMDEYR,ADWRCHR,Variable de origen,3,ADULT DEPRESSION,Predictor candidato,8.0,0.0,EMOT DISTRSS SO SEVERE NOTHING COULD CHEER YOU UP,True,True
IRAMDEYR,ADWRDST,Variable de origen,3,ADULT DEPRESSION,Predictor candidato,8.0,0.0,HOW SEVERE WAS EMOTIONAL DISTRESS DURING 2 WKS,True,True
IRAMDEYR,ADWRHRS,Variable de origen,3,ADULT DEPRESSION,Predictor candidato,9.0,0.0,TIME THAT MOST SEVERE/FREQUENT MOOD LASTED,True,True
IRAMDEYR,ADWRIMP,Variable de origen,3,ADULT DEPRESSION,Predictor candidato,8.0,0.0,EMOT DISTRSS SO SEVERE COULD NT DO DLY ACTIVITIES,True,True
IRAMDEYR,AD09,Variable de origen,4,,,,,,False,False
IRAMDEYR,AD12,Variable de origen,4,,,,,,False,False
IRAMDEYR,AD16,Variable de origen,4,,,,,,False,False
IRAMDEYR,AD17,Variable de origen,4,,,,,,False,False
IRAMDEYR,AD18,Variable de origen,4,,,,,,False,False
IRAMDEYR,AD19,Variable de origen,4,,,,,,False,False
IRAMDEYR,AD21,Variable de origen,4,,,,,,False,False
IRAMDEYR,ASC21,Variable de origen,4,,,,,,False,False
IRAMDEYR,ASC22,Variable de origen,4,,,,,,False,False
IRAMDEYR,ASC23,Variable de origen,4,,,,,,False,False
IRAMDEYR,DSMMDEA2,Variable de origen,4,,,,,,False,False
IRAMDEYR,SMIPPPY,Variable derivada,1,RECODED ADULT MENTAL HEALTH,Predictor candidato,4185.0,0.0,RC-IMP PREDICTED SERIOUS MENTAL ILLNESS PROB PY,True,True
IRAMDEYR,AMIPY,Variable derivada,2,RECODED ADULT MENTAL HEALTH,Predictor candidato,2.0,0.0,RC-IMP AMI IND (1/0) BASED ON PREDICTED SMI PROB PY,True,True
IRAMDEYR,SMIPY,Variable derivada,2,RECODED ADULT MENTAL HEALTH,Predictor candidato,2.0,0.0,RC-IMP SMI IND (1/0) BASED ON PREDICTED SMI PROB PY,True,True
IRAMDEYR,SMMIPY,Variable derivada,2,RECODED ADULT MENTAL HEALTH,Predictor candidato,2.0,0.0,RC-IMP SMMI IND (1/0) BASED ON PREDICTED SMI PROB PY,True,True
IRAMDEYR,AMIRSUD5ANY,Variable derivada,3,RECODED ADULT MENTAL HEALTH,Predictor candidato,2.0,0.0,RC-IMP AMI OR SUB USE DISORDER - PAST YEAR-DSM-5 - ANY,True,True
IRAMDEYR,AMISUD5ANY,Variable derivada,3,RECODED ADULT MENTAL HEALTH,Predictor candidato,2.0,0.0,RC-IMP AMI AND SUB USE DISORDER - PAST YEAR-DSM-5 - ANY,True,True
IRAMDEYR,AMISUD5ANYO,Variable derivada,3,RECODED ADULT MENTAL HEALTH,Predictor candidato,4.0,0.0,"RC-ONLY IMP AMI, ONLY SUD, BOTH, OR NEITHER - PY-DSM-5-ANY",True,True
IRAMDEYR,LMIPY,Variable derivada,3,RECODED ADULT MENTAL HEALTH,Predictor candidato,2.0,0.0,RC-IMP MILD MI IND (1/0) BASED ON PRED SMI PROB PY,True,True
IRAMDEYR,MICATPY,Variable derivada,3,RECODED ADULT MENTAL HEALTH,Predictor candidato,4.0,0.0,RC-IMP CATEGORICAL MI INDICATOR PY,True,True
IRAMDEYR,MMIPY,Variable derivada,3,RECODED ADULT MENTAL HEALTH,Predictor candidato,2.0,0.0,RC-IMP MOD MI IND (1/0) BASED ON PRED SMI PROB PY,True,True
IRAMDEYR,SMIRSUD5ANY,Variable derivada,3,RECODED ADULT MENTAL HEALTH,Predictor candidato,2.0,0.0,RC-IMP SMI OR SUB USE DISORDER - PAST YEAR-DSM-5 - ANY,True,True
IRAMDEYR,SMISUD5ANY,Variable derivada,3,RECODED ADULT MENTAL HEALTH,Predictor candidato,2.0,0.0,RC-IMP SMI AND SUB USE DISORDER - PAST YEAR-DSM-5 - ANY,True,True
IRAMDEYR,SMISUD5ANYO,Variable derivada,3,RECODED ADULT MENTAL HEALTH,Predictor candidato,4.0,0.0,"RC-ONLY IMP SMI, ONLY SUD, BOTH, OR NEITHER - PY-DSM-5-ANY",True,True
IRAMDEYR,LMMIPY,Variable derivada,4,RECODED ADULT MENTAL HEALTH,Predictor candidato,2.0,0.0,RC-IMP LMMI IND (1/0) BASED ON PREDICTED SMI PROB PY,True,True
IRAMDEYR,LMMISUD5ANY,Variable derivada,5,RECODED ADULT MENTAL HEALTH,Predictor candidato,2.0,0.0,RC-IMP LMMI AND SUB USE DISORDER - PAST YEAR-DSM-5 - ANY,True,True
IRSUICTHNK,SUICTHNK,Variable de origen,1,ADULT MENTAL HEALTH,Predictor candidato,6.0,0.0,SERIOUSLY THINK ABOUT KILLING SELF PST 12 MOS,True,True
IRSUICTHNK,SUI01,Variable de origen,2,,,,,,False,False
IRSUICTHNK,ADSUITPACOM,Variable derivada,1,RECODED ADULT MENTAL HEALTH,Predictor candidato,8.0,0.0,RC-ADULT PY SUICIDE THOUGHTS/PLANS/ATTEMPTS COMBINATIONS,True,True
IRSUICTHNK,ADSUITPAYR,Variable derivada,1,RECODED ADULT MENTAL HEALTH,Predictor candidato,2.0,0.0,"RC-ADULT THOUGHT ABOUT, PLANNED, OR ATTEMPTED SUICIDE - PY",True,True
IRSUICTHNK,SMIPPPY,Variable derivada,1,RECODED ADULT MENTAL HEALTH,Predictor candidato,4185.0,0.0,RC-IMP PREDICTED SERIOUS MENTAL ILLNESS PROB PY,True,True
IRSUICTHNK,AMIPY,Variable derivada,2,RECODED ADULT MENTAL HEALTH,Predictor candidato,2.0,0.0,RC-IMP AMI IND (1/0) BASED ON PREDICTED SMI PROB PY,True,True
IRSUICTHNK,SMIPY,Variable derivada,2,RECODED ADULT MENTAL HEALTH,Predictor candidato,2.0,0.0,RC-IMP SMI IND (1/0) BASED ON PREDICTED SMI PROB PY,True,True
IRSUICTHNK,SMMIPY,Variable derivada,2,RECODED ADULT MENTAL HEALTH,Predictor candidato,2.0,0.0,RC-IMP SMMI IND (1/0) BASED ON PREDICTED SMI PROB PY,True,True
IRSUICTHNK,AMIRSUD5ANY,Variable derivada,3,RECODED ADULT MENTAL HEALTH,Predictor candidato,2.0,0.0,RC-IMP AMI OR SUB USE DISORDER - PAST YEAR-DSM-5 - ANY,True,True
IRSUICTHNK,AMISUD5ANY,Variable derivada,3,RECODED ADULT MENTAL HEALTH,Predictor candidato,2.0,0.0,RC-IMP AMI AND SUB USE DISORDER - PAST YEAR-DSM-5 - ANY,True,True
IRSUICTHNK,AMISUD5ANYO,Variable derivada,3,RECODED ADULT MENTAL HEALTH,Predictor candidato,4.0,0.0,"RC-ONLY IMP AMI, ONLY SUD, BOTH, OR NEITHER - PY-DSM-5-ANY",True,True
IRSUICTHNK,LMIPY,Variable derivada,3,RECODED ADULT MENTAL HEALTH,Predictor candidato,2.0,0.0,RC-IMP MILD MI IND (1/0) BASED ON PRED SMI PROB PY,True,True
IRSUICTHNK,MICATPY,Variable derivada,3,RECODED ADULT MENTAL HEALTH,Predictor candidato,4.0,0.0,RC-IMP CATEGORICAL MI INDICATOR PY,True,True
IRSUICTHNK,MMIPY,Variable derivada,3,RECODED ADULT MENTAL HEALTH,Predictor candidato,2.0,0.0,RC-IMP MOD MI IND (1/0) BASED ON PRED SMI PROB PY,True,True
IRSUICTHNK,SMIRSUD5ANY,Variable derivada,3,RECODED ADULT MENTAL HEALTH,Predictor candidato,2.0,0.0,RC-IMP SMI OR SUB USE DISORDER - PAST YEAR-DSM-5 - ANY,True,True
IRSUICTHNK,SMISUD5ANY,Variable derivada,3,RECODED ADULT MENTAL HEALTH,Predictor candidato,2.0,0.0,RC-IMP SMI AND SUB USE DISORDER - PAST YEAR-DSM-5 - ANY,True,True
IRSUICTHNK,SMISUD5ANYO,Variable derivada,3,RECODED ADULT MENTAL HEALTH,Predictor candidato,4.0,0.0,"RC-ONLY IMP SMI, ONLY SUD, BOTH, OR NEITHER - PY-DSM-5-ANY",True,True
IRSUICTHNK,LMMIPY,Variable derivada,4,RECODED ADULT MENTAL HEALTH,Predictor candidato,2.0,0.0,RC-IMP LMMI IND (1/0) BASED ON PREDICTED SMI PROB PY,True,True
IRSUICTHNK,LMMISUD5ANY,Variable derivada,5,RECODED ADULT MENTAL HEALTH,Predictor candidato,2.0,0.0,RC-IMP LMMI AND SUB USE DISORDER - PAST YEAR-DSM-5 - ANY,True,True
IRSUIPLANYR,SUIPLANYR,Variable de origen,1,ADULT MENTAL HEALTH,Predictor candidato,6.0,0.0,ADULT MAKE PLANS TO KILL SELF PST 12 MOS,True,True
IRSUIPLANYR,SUI02,Variable de origen,2,,,,,,False,False
IRSUIPLANYR,ADSUITPACOM,Variable derivada,1,RECODED ADULT MENTAL HEALTH,Predictor candidato,8.0,0.0,RC-ADULT PY SUICIDE THOUGHTS/PLANS/ATTEMPTS COMBINATIONS,True,True
IRSUIPLANYR,ADSUITPAYR,Variable derivada,1,RECODED ADULT MENTAL HEALTH,Predictor candidato,2.0,0.0,"RC-ADULT THOUGHT ABOUT, PLANNED, OR ATTEMPTED SUICIDE - PY",True,True
IRSUITRYYR,ADSUITPACOM,Variable derivada,1,RECODED ADULT MENTAL HEALTH,Predictor candidato,8.0,0.0,RC-ADULT PY SUICIDE THOUGHTS/PLANS/ATTEMPTS COMBINATIONS,True,True
IRSUITRYYR,ADSUITPAYR,Variable derivada,1,RECODED ADULT MENTAL HEALTH,Predictor candidato,2.0,0.0,"RC-ADULT THOUGHT ABOUT, PLANNED, OR ATTEMPTED SUICIDE - PY",True,True
