variable,nombre,modulo,tipo_version,n_unicos,pct_nan,tipo_entrada
AGE3,RECODE - FINAL EDITED AGE,DEMOGRAPHICS,Original u otra,8,0.0,Categórica
SERVICE,EVER BEEN IN THE US ARMED FORCES,DEMOGRAPHICS,Original u otra,5,0.0,Categórica
MILSTAT,CURRENT MILITARY STATUS,DEMOGRAPHICS,Original u otra,7,0.0,Categórica
ACTDEVER,EVER ON ACTIVE DUTY IN US MILITARY/RESERV,DEMOGRAPHICS,Original u otra,6,0.0,Categórica
ACTD2001,SEPTEMBER 2001 OR LATER,DEMOGRAPHICS,Original u otra,7,0.0,Categórica
ACTD9001,AUG 1990 TO AUG 2001 (INCLUDING PERSIAN GULF WAR),DEMOGRAPHICS,Original u otra,7,0.0,Categórica
ACTD7590,MAY 1975 TO JULY 1990,DEMOGRAPHICS,Original u otra,7,0.0,Categórica
ACTDVIET,VIETNAM ERA (MARCH 1961 TO APRIL 1975),DEMOGRAPHICS,Original u otra,7,0.0,Categórica
ACTDPRIV,ANY TIME BEFORE VIETNAM ERA (MARCH 1961),DEMOGRAPHICS,Original u otra,7,0.0,Categórica
COMBATPY,EVER IN COMBAT ZONE ON ACTIVE DUTY,DEMOGRAPHICS,Original u otra,7,0.0,Categórica
NOMARR2,NUMBER OF TIMES MARRIED,DEMOGRAPHICS,Original u otra,5,0.0,Categórica
HEALTH,OVERALL HEALTH,DEMOGRAPHICS,Original u otra,7,0.0,Categórica
MOVSINPYR2,# TIMES MOVED PAST 12 MONTHS- RECODED,DEMOGRAPHICS,Original u otra,8,0.0,Categórica
SPEAKENGL,HOW WELL SPEAK ENGLISH,DEMOGRAPHICS,Original u otra,8,0.0,Categórica
LVLDIFSEE2,LEVEL OF DIFFICULTY SEEING EVEN WITH GLASSES,DEMOGRAPHICS,Original u otra,7,0.0,Categórica
LVLDIFHEAR2,LEVEL OF DIFFICULTY HEARING EVEN WITH HEARING AIDS,DEMOGRAPHICS,Original u otra,7,0.0,Categórica
LVLDIFWALK2,LEVEL OF DIFFICULTY WALKING OR CLIMBING STEPS,DEMOGRAPHICS,Original u otra,7,0.0,Categórica
LVLDIFMEM2,LEVEL OF DIFFICULTY REMEMBERING OR CONCENTRATING,DEMOGRAPHICS,Original u otra,7,0.0,Categórica
LVLDIFCARE2,LEVEL OF DIFFICULTY WITH SELF-CARE,DEMOGRAPHICS,Original u otra,7,0.0,Categórica
LVLDIFCOMM2,LEVEL OF DIFFICULTY COMMUNICATING USING YOUR USUAL LANGUAGE,DEMOGRAPHICS,Original u otra,7,0.0,Categórica
IRSEX,RESPONDENT SEX - IMPUTATION REVISED,IMPUTED DEMOGRAPHICS,Imputada,2,0.0,Categórica
IRMARIT,IMPUTATION REVISED MARITAL STATUS,IMPUTED DEMOGRAPHICS,Imputada,4,0.0,Categórica
IREDUHIGHST2,EDUCATION - RECODED IMPUTATION REVISED,IMPUTED DEMOGRAPHICS,Imputada,11,0.0,Categórica
CATAGE,RC-AGE CATEGORY,RECODED DEMOGRAPHICS,Recodificada,3,0.0,Categórica
CATAG2,RC-AGE CATEGORY RECODE (3 LEVELS),RECODED DEMOGRAPHICS,Recodificada,2,0.0,Categórica
CATAG3,RC-AGE CATEGORY RECODE (5 LEVELS),RECODED DEMOGRAPHICS,Recodificada,4,0.0,Categórica
CATAG6,RC-AGE CATEGORY RECODE (6 LEVELS),RECODED DEMOGRAPHICS,Recodificada,5,0.0,Categórica
CATAG7,RC-AGE CATEGORY RECODE (7 LEVELS),RECODED DEMOGRAPHICS,Recodificada,4,0.0,Categórica
PREGAGE2,RC-PREGNANCY AGE CATEGORY RECODE,RECODED DEMOGRAPHICS,Recodificada,3,0.0,Categórica
DRVINAGE,RC-DUI AGE CATEGORY RECODE,RECODED DEMOGRAPHICS,Recodificada,2,0.0,Categórica
DRVINDETAG,RC-DUI DETAILED AGE CATEGORY RECODE,RECODED DEMOGRAPHICS,Recodificada,3,0.0,Categórica
SEXAGE,RC-COMBINED SEX BY AGE CATEGORY INDICATOR,RECODED DEMOGRAPHICS,Recodificada,3,0.0,Categórica
NEWRACE2,RC-RACE/HISPANICITY RECODE (7 LEVELS),RECODED DEMOGRAPHICS,Recodificada,7,0.0,Categórica
SEXRACE,RC-COMBINED SEX BY RACE INDICATOR,RECODED DEMOGRAPHICS,Recodificada,7,0.0,Categórica
EDUHIGHCAT,RC-EDUCATION CATEGORIES,RECODED DEMOGRAPHICS,Recodificada,4,0.0,Categórica
HEALTH2,RC-OVERALL HEALTH RECODE,RECODED DEMOGRAPHICS,Recodificada,4,0.053,Categórica
EDUSCHLGO,NOW GOING TO SCHOOL,EDUCATION,Original u otra,7,0.0,Categórica
EDUSCHGRD2,WHAT GRADE IN NOW/WILL BE IN,EDUCATION,Original u otra,13,0.0,Categórica
EDUFULPAR,FULL OR PART TIME,EDUCATION,Original u otra,7,0.0,Categórica
EDUSCKMON,HOW MANY DAYS MISSED SCHOOL FROM SICK,EDUCATION,Original u otra,31,0.0,Numérica
EDUSCKEST,BEST ESTIMATE # DAYS MISSED BECAUSE SICK OR INURED,EDUCATION,Original u otra,10,0.0,Categórica
EDUSCKCOM,RC - HOW MANY DAYS MISSED SCHOOL FROM SICK (COMBINED),EDUCATION,Original u otra,30,0.0,Numérica
EDUSKPMON,HOW MANY DAYS MISSED SCHOOL FROM SKIPPING,EDUCATION,Original u otra,25,0.0,Numérica
EDUSKPEST,BEST ESTIMATE # DAYS MISSED BECAUSE SKIPPED OR CUT,EDUCATION,Original u otra,9,0.0,Categórica
EDUSKPCOM,RC - HOW MANY DAYS MISSED SCHOOL FROM SKIPPING (COMBINED),EDUCATION,Original u otra,25,0.0,Numérica
MILTFAMLY,ANY IMMEDIATE FAMILY CURRENTLY IN US MILITARY,EDUCATION,Original u otra,6,0.0,Categórica
MILTSPPAR,SPOUSE OR PARTNER IN MILITARY,EDUCATION,Original u otra,7,0.0,Categórica
MILTPARNT,FATHER OR MOTHER IN MILITARY,EDUCATION,Original u otra,7,0.0,Categórica
MILTCHLDR,SON OR DAUGHTER IN MILITARY,EDUCATION,Original u otra,7,0.0,Categórica
MILTSIBLN,SISTER OR BROTHER IN MILITARY,EDUCATION,Original u otra,7,0.0,Categórica
ENRLCOLLFT2,RC-COLLEGE ENROLLMENT-FULL TIME,RECODED EDUCATION,Recodificada,3,0.0,Categórica
ENRLCOLLST2,RC-COLLEGE ENROLLMENT,RECODED EDUCATION,Recodificada,5,0.0,Categórica
WRKSTATWK2,WORK SITUATION IN PAST WEEK - RECODE,EMPLOYMENT,Original u otra,10,0.0,Categórica
WRKDPSTWK,WORK AT JOB LAST WEEK,EMPLOYMENT,Original u otra,7,0.0,Categórica
WRKHADJOB,DID YOU HAVE A JOB OR BUSINESS,EMPLOYMENT,Original u otra,8,0.0,Categórica
WRKDHRSWK2,HOW MANY HOURS WORKED LAST WEEK,EMPLOYMENT,Original u otra,66,0.0,Numérica
WRK35WKUS,USUALLY WORK 35 OR MORE HRS PER WEEK,EMPLOYMENT,Original u otra,7,0.0,Categórica
WRKRSNNOT,REASON FOR NOT WORKING AT JOB - PAST WK,EMPLOYMENT,Original u otra,11,0.0,Categórica
WRKRSNJOB,REASON FOR NOT HAVING A JOB - PAST WK,EMPLOYMENT,Original u otra,13,0.0,Categórica
WRKEFFORT,"PAST 30 DAYS, MAKE EFFORT TO FIND WORK",EMPLOYMENT,Original u otra,6,0.0,Categórica
WRKDPSTYR,"PAST 12 MOS, WORKED AT ANY JOB",EMPLOYMENT,Original u otra,7,0.0,Categórica
WRKSELFEM,"PAST 12 MOS, SELF EMPLOYED",EMPLOYMENT,Original u otra,8,0.0,Categórica
WRKNUMJOB2,"PAST 12 MOS, HOW MANY EMPLOYERS",EMPLOYMENT,Original u otra,9,0.0,Categórica
WRKNJBPYR,"PAST 12 MOS, TIME WITH NO JOB",EMPLOYMENT,Original u otra,7,0.0,Categórica
WRKNJBWKS,HOW MANY WKS W/O JOB IN PAST 12 MOS,EMPLOYMENT,Original u otra,57,0.0,Numérica
WRKLASTYR2,WHAT YEAR LAST WORKED,EMPLOYMENT,Original u otra,46,0.0,Numérica
WRKSICKMO,# DAYS MISSED WORK FOR INJURY/ILLNESS PAST 30 DAYS,EMPLOYMENT,Original u otra,36,0.0,Numérica
WRKSKIPMO,# DAYS SKIPPED WORK PAST 30 DAYS,EMPLOYMENT,Original u otra,34,0.0,Numérica
IRWRKSTAT18,Situación laboral (18+),IMPUTED EMPLOYMENT,Imputada,4,0.0,Categórica
EDFAM18,RC-EDITED INDICATOR: FAMILY IN HH 18 OR OLDER,HOUSEHOLD COMPOSITION (ROSTER),Original u otra,3,0.0,Categórica
NRCH17_2,RECODED # R's CHILDREN < 18 IN HOUSEHOLD,HOUSEHOLD COMPOSITION (ROSTER),Original u otra,4,3.592,Numérica
IRHHSIZ2,RECODE - IMPUTATION-REVISED # PERSONS IN HH,IMPUTED HOUSEHOLD COMPOSITION (ROSTER),Imputada,6,0.0,Categórica
IRKI17_2,RECODE - IMPUTATION-REVISED # KIDS AGED<18 IN HH,IMPUTED HOUSEHOLD COMPOSITION (ROSTER),Imputada,4,0.0,Categórica
IRHH65_2,REC - IMPUTATION-REVISED # OF PER IN HH AGED>=65,IMPUTED HOUSEHOLD COMPOSITION (ROSTER),Imputada,3,0.0,Categórica
MEDICARE,COVERED BY MEDICARE,HEALTH INSURANCE,Original u otra,5,0.0,Categórica
CAIDCHIP,COVERED BY MEDICAID/CHIP,HEALTH INSURANCE,Original u otra,6,0.0,Categórica
CHAMPUS,"COV BY TRICARE, CHAMPUS, CHAMPVA, VA, MILITARY",HEALTH INSURANCE,Original u otra,5,0.0,Categórica
PRVHLTIN,COVERED BY PRIVATE INSURANCE,HEALTH INSURANCE,Original u otra,5,0.0,Categórica
GRPHLTIN,PRIVATE PLAN OFFERED THROUGH EMPLOYER OR UNION,HEALTH INSURANCE,Original u otra,6,0.0,Categórica
HLTINALC,PRIVATE INSURANCE COVERS TRMT FOR ALCOHOL ABUSE/ALCOHOLISM,HEALTH INSURANCE,Original u otra,6,0.0,Categórica
HLTINDRG,PRIVATE INSURANCE COVERS TRMT FOR DRUG ABUSE,HEALTH INSURANCE,Original u otra,6,0.0,Categórica
HLTINMNT,PRIVATE INSURANCE COVERS TRMT FOR MENTAL/EMOTIONAL PROBLEMS,HEALTH INSURANCE,Original u otra,6,0.0,Categórica
HLTINNOS,COVERED BY HEALTH INSUR (NOT OTHERWISE SPECIFIED),HEALTH INSURANCE,Original u otra,6,0.0,Categórica
HLCNOTYR,ANYTIME DID NOT HAVE HEALTH INS/COVER PAST 12 MOS,HEALTH INSURANCE,Original u otra,7,0.0,Categórica
HLCNOTMO,"PAST 12 MOS, HOW MANY MOS W/O COVERAGE",HEALTH INSURANCE,Original u otra,16,0.0,Numérica
HLCLAST,TIME SINCE LAST HAD HEALTH CARE COVERAGE,HEALTH INSURANCE,Original u otra,9,0.0,Categórica
HLLOSRSN,MAIN REASON STOPPED COVERED BY HEALTH INSURANCE,HEALTH INSURANCE,Original u otra,17,0.0,Categórica
HLNVCOST,NEVER HAD HEALTH INSURANCE BECAUSE COST TOO HIGH,HEALTH INSURANCE,Original u otra,6,0.0,Categórica
HLNVOFFR,NEVER HAD HEALTH INSURANCE BECAUSE EMPLOYER DOESN'T OFFER,HEALTH INSURANCE,Original u otra,6,0.0,Categórica
HLNVREF,NEVER HAD HEALTH INSURANCE BC INS COMPANY REFUSED COVERAGE,HEALTH INSURANCE,Original u otra,6,0.0,Categórica
HLNVNEED,NEVER HAD HEALTH INSURANCE BECAUSE DON'T NEED IT,HEALTH INSURANCE,Original u otra,6,0.0,Categórica
HLNVSOR,NEVER HAD HEALTH INSURANCE BECAUSE OF SOME OTHER REASON,HEALTH INSURANCE,Original u otra,6,0.0,Categórica
IRMEDICR,MEDICARE - IMPUTATION REVISED,IMPUTED HEALTH INSURANCE,Imputada,2,0.0,Categórica
IRMCDCHP,MEDICAID/CHIP - IMPUTATION REVISED,IMPUTED HEALTH INSURANCE,Imputada,2,0.0,Categórica
IRCHMPUS,CHAMPUS - IMPUTATION REVISED,IMPUTED HEALTH INSURANCE,Imputada,2,0.0,Categórica
IRPRVHLT,PRIVATE HEALTH INSURANCE - IMPUTATION REVISED,IMPUTED HEALTH INSURANCE,Imputada,2,0.0,Categórica
IROTHHLT,OTHER HEALTH INSURANCE - IMPUTATION REVISED,IMPUTED HEALTH INSURANCE,Imputada,3,0.0,Categórica
HLCALL99,YES TO MEDICARE/MEDICAID/CHAMPUS/PRVHLTIN,RECODED HEALTH INSURANCE,Recodificada,2,0.0,Categórica
ANYHLTI2,COVERED BY ANY HEALTH INSURANCE - RECODE,RECODED HEALTH INSURANCE,Recodificada,5,0.0,Categórica
IRINSUR4,RC-OVERALL HEALTH INSURANCE - IMPUTATION REVISED,RECODED HEALTH INSURANCE,Recodificada,2,0.0,Categórica
OTHINS,"RC-HEALTH INSURANCE OTHER THAN PRIVATE, MEDICAID/CHIP",RECODED HEALTH INSURANCE,Recodificada,2,0.0,Categórica
CELLWRKNG,WORKING CELL PHONE,INCOME,Original u otra,6,0.0,Categórica
CELLNOTCL,NOT A CELL PHONE,INCOME,Original u otra,6,0.0,Categórica
IRFAMSOC,FAM RECEIVE SS OR RR PAYMENTS - IMPUTATION REVISED,IMPUTED INCOME,Imputada,2,0.0,Categórica
IRFAMSSI,FAM RECEIVE SSI - IMPUTATION REVISED,IMPUTED INCOME,Imputada,2,0.0,Categórica
IRFSTAMP,RESP/OTH FAM MEM REC FOOD STAMPS - IMPUTATION REVISED,IMPUTED INCOME,Imputada,2,0.0,Categórica
IRFAMPMT,FAM RECEIVE PUBLIC ASSIST - IMPUTATION REVISED,IMPUTED INCOME,Imputada,2,0.0,Categórica
IRFAMSVC,FAM REC WELFARE/JOB PL/CHILDCARE - IMPUTATION REVISED,IMPUTED INCOME,Imputada,2,0.0,Categórica
IRWELMOS,NO OF MONTHS ON WELFARE - IMPUTATION REVISED,IMPUTED INCOME,Imputada,13,0.0,Numérica
IRPINC3,RECODE -RESP TOT INCOME - IMPUTATION REVISED,IMPUTED INCOME,Imputada,7,0.0,Categórica
IRFAMIN3,RECODE - TOT FAM INCOME - IMPUTATION REVISED,IMPUTED INCOME,Imputada,7,0.0,Categórica
GOVTPROG,RC-PARTICIPATED IN ONE OR MORE GOVT ASSIST PROGRAMS,RECODED INCOME,Recodificada,2,0.0,Categórica
INCOME,RC-TOTAL FAMILY INCOME RECODE,RECODED INCOME,Recodificada,4,0.0,Categórica
POVERTY3,RC-POVERTY LEVEL (% OF US CENSUS POVERTY THRESHOLD),RECODED INCOME,Recodificada,3,0.288,Categórica
BOOKED,EVER ARRESTED AND BOOKED FOR BREAKING THE LAW,SPECIAL TOPICS,Original u otra,7,0.0,Categórica
NOBOOKY2,# TIMES ARRESTED AND BOOKED PAST 12 MONTHS,SPECIAL TOPICS,Original u otra,9,0.0,Categórica
BKMVTHFT,ARRSTD & BOOKED FOR MOT VEH THEFT PAST 12 MONTHS,SPECIAL TOPICS,Original u otra,8,0.0,Categórica
BKLARCNY,ARRSTD & BOOKED FOR LARCENY/THEFT PAST 12 MONTHS,SPECIAL TOPICS,Original u otra,9,0.0,Categórica
BKBURGL,ARRSTD & BOOKED FOR BURGLARY/B & E PAST 12 MOS,SPECIAL TOPICS,Original u otra,8,0.0,Categórica
BKSRVIOL,ARRSTD & BOOKED SERIOUS VIOL OFFENSE PST 12 MOS,SPECIAL TOPICS,Original u otra,9,0.0,Categórica
BKSMASLT,ARRSTD & BOOKED FOR OTHER ASSAULT PAST 12 MONTHS,SPECIAL TOPICS,Original u otra,9,0.0,Categórica
BKROB,ARRSTD & BOOKED FOR ROBBERY PAST 12 MONTHS,SPECIAL TOPICS,Original u otra,7,0.0,Categórica
BKARSON,ARRSTD & BOOKED FOR ARSON PAST 12 MONTHS,SPECIAL TOPICS,Original u otra,7,0.0,Categórica
BKDRVINF,ARRSTD & BOOKED FOR DUI PAST 12 MONTHS,SPECIAL TOPICS,Original u otra,8,0.0,Categórica
BKDRUNK,ARRSTD & BOOKED FOR DRUNKENNESS PAST 12 MONTHS,SPECIAL TOPICS,Original u otra,8,0.0,Categórica
BKDRUG,ARRSTD & BOOKED FOR POSSES/SALE DRUGS PAST 12 MOS,SPECIAL TOPICS,Original u otra,8,0.0,Categórica
BKSEXNR,ARRSTD & BOOKED SEX OFFENSE EXCL RAPE PST 12 MOS,SPECIAL TOPICS,Original u otra,7,0.0,Categórica
BKFRAUD,ARRSTD & BOOKED FOR FRAUD/STOL GOODS PAST 12 MOS,SPECIAL TOPICS,Original u otra,9,0.0,Categórica
BKOTH,ARRSTD & BOOKED FOR SOME OTHER OFF PAST 12 MOS,SPECIAL TOPICS,Original u otra,9,0.0,Categórica
PROBATON,ON PROBATION AT ANY TIME PAST 12 MONTHS,SPECIAL TOPICS,Original u otra,6,0.0,Categórica
PAROLREL,ON PAROLE/SUPRV RELEASE PAST 12 MONTHS,SPECIAL TOPICS,Original u otra,6,0.0,Categórica
DRVINALCO,DROVE UNDER INFLUENCE OF ALCOHOL PST 12 MOS,SPECIAL TOPICS,Original u otra,7,0.0,Categórica
DRVINMARJ,DROVE UNDER INFLUENCE OF MARIJUANA PST 12 MOS,SPECIAL TOPICS,Original u otra,7,0.0,Categórica
DRVINCOCN,DROVE UNDER INFLU OF COCAINE PST 12 MOS,SPECIAL TOPICS,Original u otra,8,0.0,Categórica
DRVINHERN,DROVE UNDER INFLUENCE OF HEROIN PAST 12 MOS,SPECIAL TOPICS,Original u otra,8,0.0,Categórica
DRVINHALL,DROVE UNDER INFLU OF HALLUCINOGENS PAST 12 MOS,SPECIAL TOPICS,Original u otra,8,0.0,Categórica
DRVININHL,DROVE UNDER INFLUENCE OF INHALANTS PAST 12 MOS,SPECIAL TOPICS,Original u otra,6,0.0,Categórica
DRVINMETH,DROVE UNDER INFLU OF METHAMPHETAMINE PAST 12 MOS,SPECIAL TOPICS,Original u otra,7,0.0,Categórica
DRVINALON,DROVE UNDER INFLUENCE OF ONLY ALCOHOL PST 12 MOS,SPECIAL TOPICS,Original u otra,6,0.0,Categórica
MXMJPNLT,MAX PENALTY FOR 1ST MJ POSS < OUNCE IN YOUR STATE,SPECIAL TOPICS,Original u otra,10,0.0,Categórica
DRVINALCO2,RC-DROVE UNDER INFLUENCE OF ALCOHOL IN PAST YEAR,RECODED SPECIAL TOPICS,Recodificada,2,1.106,Categórica
DRVINMARJ2,RC-DROVE UNDER INFLUENCE OF MARIJUANA IN PAST YEAR,RECODED SPECIAL TOPICS,Recodificada,2,0.668,Categórica
DRVINDRG,RC-DROVE UNDER INFLUENCE OF SELECTED ILL DRUGS IN PAST YR,RECODED SPECIAL TOPICS,Recodificada,2,1.438,Categórica
DRVINDROTMJ,RC-DROVE UNDER INFLUENCE OF SELECTED ILL DRG OTH MRJ IN PY,RECODED SPECIAL TOPICS,Recodificada,2,1.03,Categórica
DRVINALDRG,RC-DROVE UNDER INFLUENCE OF ALC OR SELECTED ILL DRG IN PY,RECODED SPECIAL TOPICS,Recodificada,2,2.08,Categórica
PAROL,RC-PAROLE/SUPERVISED RELEASE STATUS IN THE PAST YEAR,RECODED SPECIAL TOPICS,Recodificada,2,1.355,Categórica
PROB,RC-PROBATION STATUS IN THE PAST YEAR,RECODED SPECIAL TOPICS,Recodificada,2,1.349,Categórica
CIGIRTBL,NEED TO SMOKE TO FEEL LESS IRRITABLE,NICOTINE DEPENDENCE,Original u otra,10,0.0,Categórica
CIGCRAVE,START TO CRAVE CIGS WHEN DON'T SMOKE FOR FEW HRS,NICOTINE DEPENDENCE,Original u otra,10,0.0,Categórica
CIGCRAGP,CRAVING OF CIGS LIKE STRONG FORCE CAN'T CONTROL,NICOTINE DEPENDENCE,Original u otra,10,0.0,Categórica
CIGINCTL,FEEL A SENSE OF CONTROL OVER YOUR SMOKING,NICOTINE DEPENDENCE,Original u otra,10,0.0,Categórica
CIGAVOID,TEND TO AVOID PLACES THAT DON'T ALLOW SMOKING,NICOTINE DEPENDENCE,Original u otra,10,0.0,Categórica
CIGFNSMK,HAVE FRIENDS WHO DO NOT SMOKE CIGARETTES,NICOTINE DEPENDENCE,Original u otra,7,0.0,Categórica
CIGFNLKE,CHOOSE NOT TO BE AROUND FRIENDS WHO DON'T SMOKE,NICOTINE DEPENDENCE,Original u otra,11,0.0,Categórica
CIGPLANE,RATHER NOT TRAVEL BY AIRPLANE B/C NO SMOKING,NICOTINE DEPENDENCE,Original u otra,10,0.0,Categórica
CIGRNOUT,SOMETIMES WORRY THAT YOU WILL RUN OUT OF CIGS,NICOTINE DEPENDENCE,Original u otra,10,0.0,Categórica
CIGREGDY,SMOKE CIGS FAIRLY REGULARLY THROUGHOUT THE DAY,NICOTINE DEPENDENCE,Original u otra,10,0.0,Categórica
CIGREGWK,SMOKE SAME AMOUNT ON WEEKENDS AS ON WEEKDAYS,NICOTINE DEPENDENCE,Original u otra,10,0.0,Categórica
CIGREGNM,SMOKE SAME NUMBER OF CIGS FROM DAY TO DAY,NICOTINE DEPENDENCE,Original u otra,10,0.0,Categórica
CIGNMCHG,NUMBER OF CIGS SMOKE PER DAY OFTEN CHANGES,NICOTINE DEPENDENCE,Original u otra,10,0.0,Categórica
CIGSVLHR,"HAVE MANY CIGS IN HR, THEN NO CIGS TIL HRS LATER",NICOTINE DEPENDENCE,Original u otra,10,0.0,Categórica
CIGINFLU,# OF CIGS SMOKE PER DAY INFLUENCED BY OTHER THINGS,NICOTINE DEPENDENCE,Original u otra,10,0.0,Categórica
CIGNOINF,SMOKING NOT AFFECTED BY OTHER THINGS,NICOTINE DEPENDENCE,Original u otra,10,0.0,Categórica
CIGINCRS,AMOUNT OF SMOKING HAS INCR. SINCE STARTED SMOKING,NICOTINE DEPENDENCE,Original u otra,10,0.0,Categórica
CIGSATIS,NEED TO SMOKE A LOT MORE TO BE SATISFIED,NICOTINE DEPENDENCE,Original u otra,10,0.0,Categórica
CIGLOTMR,SMOKE MUCH MORE NOW BEFORE FEEL ANYTHING,NICOTINE DEPENDENCE,Original u otra,10,0.0,Categórica
CIGWAKE,HOW SOON AFTER WAKING DO YOU HAVE YOUR FIRST CIG,NICOTINE DEPENDENCE,Original u otra,9,0.0,Categórica
NDSSDEPND,NICOTINE DEPENDENCE BASED ON NDSS SCORE,NICOTINE DEPENDENCE,Original u otra,3,0.275,Categórica
FTNDDEPND,NICOTINE DEPENDENCE BASED ON FTND SCALE,NICOTINE DEPENDENCE,Original u otra,3,0.526,Categórica
PMNICDEP,NICOTINE DEPENDENCE IN PAST MONTH,NICOTINE DEPENDENCE,Original u otra,3,0.529,Categórica
IRPMNICDEP,NICOTINE DEPENDENCE IN PAST MONTH - IMPUTATION REVISED,IMPUTED NICOTINE DEPENDENCE,Imputada,2,0.0,Categórica
UADPEOP,RC-SOCIAL CONTEXT OF MOST RECENT ALCOHOL USE,RECODED CONSUMPTION OF ALCOHOL,Recodificada,4,0.211,Categórica
UADCAR,RC-MOST RECENT ALCOHOL USE IN A CAR,RECODED CONSUMPTION OF ALCOHOL,Recodificada,2,97.285,Categórica
UADHOME,RC-MOST RECENT ALCOHOL USE AT HOME,RECODED CONSUMPTION OF ALCOHOL,Recodificada,2,97.285,Categórica
UADOTHM,RC-MOST RECENT ALCOHOL USE AT SOMEONE ELSE'S HOME,RECODED CONSUMPTION OF ALCOHOL,Recodificada,2,97.285,Categórica
UADPUBL,"RC-MOST RECENT ALCOHOL USE AT A PARK, BEACH, OR LOT",RECODED CONSUMPTION OF ALCOHOL,Recodificada,2,97.285,Categórica
UADBAR,"RC-MOST RECENT ALCOHOL USE AT RESTAURANT, BAR, OR CLUB",RECODED CONSUMPTION OF ALCOHOL,Recodificada,2,97.285,Categórica
UADEVNT,RC-MOST RECENT ALCOHOL USE AT CONCERT OR SPORTS GAME,RECODED CONSUMPTION OF ALCOHOL,Recodificada,2,97.285,Categórica
UADSCHL,RC-MOST RECENT ALCOHOL USE AT SCHOOL,RECODED CONSUMPTION OF ALCOHOL,Recodificada,2,97.285,Categórica
UADROTH,RC-MOST RECENT ALCOHOL USE AT SOME OTHER PLACE,RECODED CONSUMPTION OF ALCOHOL,Recodificada,2,97.319,Categórica
UADOTSP2,RC-OTHER LOCATIONS OF MOST RECENT ALCOHOL USE,RECODED CONSUMPTION OF ALCOHOL,Recodificada,6,0.264,Categórica
UADPAID,RC-UNDERAGE DRINKER PAID FOR MOST RECENT ALCOHOL,RECODED CONSUMPTION OF ALCOHOL,Recodificada,3,0.228,Categórica
UADMONY,RC-UNDERAGE DRINKER PURCHASED MOST RECENT ALCOHOL,RECODED CONSUMPTION OF ALCOHOL,Recodificada,3,0.237,Categórica
UADBWHO,RC-HOW UNDERAGE DRINKER PURCHASED MOST RECNT ALCOHOL,RECODED CONSUMPTION OF ALCOHOL,Recodificada,3,0.237,Categórica
UADPLACE,RC-WHERE UNDERAGE DRINKER PURCHSD MOST RECNT ALCOHOL,RECODED CONSUMPTION OF ALCOHOL,Recodificada,4,0.243,Categórica
UADBUND,RC-AGE PERSON WHO PURCHASED ALC FOR UNDERAGE DRINKER,RECODED CONSUMPTION OF ALCOHOL,Recodificada,3,0.237,Categórica
UADCAG,RC-WHO PURCHASED UNDERAGE DRINKER MOST RECENT ALCOHOL,RECODED CONSUMPTION OF ALCOHOL,Recodificada,5,0.252,Categórica
UADFWHO,RC-WHO GAVE UNDERAGE DRINKER MOST RECENT ALCOHOL,RECODED CONSUMPTION OF ALCOHOL,Recodificada,8,0.319,Categórica
UADFRD,"RC-MOST RECENT ALCOHOL FROM FRIEND, UNSPEC AGE/METHOD",RECODED CONSUMPTION OF ALCOHOL,Recodificada,3,0.319,Categórica
CADRKMARJ2,RC-USED MARIJUANA WITH LAST ALCOHOL USE,RECODED CONSUMPTION OF ALCOHOL,Recodificada,2,0.753,Categórica
CADRKCOCN2,RC-USED COCAINE WITH LAST ALCOHOL USE,RECODED CONSUMPTION OF ALCOHOL,Recodificada,2,0.099,Categórica
CADRKHERN2,RC-USED HEROIN WITH LAST ALCOHOL USE,RECODED CONSUMPTION OF ALCOHOL,Recodificada,2,0.027,Categórica
CADRKHALL2,RC-USED HALLUCINOGENS WITH LAST ALCOHOL USE,RECODED CONSUMPTION OF ALCOHOL,Recodificada,2,0.285,Categórica
CADRKINHL2,RC-USED INHALANTS WITH LAST ALCOHOL USE,RECODED CONSUMPTION OF ALCOHOL,Recodificada,2,0.104,Categórica
CADRKMETH2,RC-USED METHAMPHETAMINE WITH LAST ALCOHOL USE,RECODED CONSUMPTION OF ALCOHOL,Recodificada,2,0.055,Categórica
CIGFLAG,RC-CIGARETTES - EVER USED,RECODED DRUG USE,Recodificada,2,0.0,Categórica
CIGYR,RC-CIGARETTES - PAST YEAR USE,RECODED DRUG USE,Recodificada,2,0.0,Categórica
CIGMON,RC-CIGARETTES - PAST MONTH USE,RECODED DRUG USE,Recodificada,2,0.0,Categórica
CGRFLAG,RC-CIGARS - EVER USED,RECODED DRUG USE,Recodificada,2,0.0,Categórica
CGRYR,RC-CIGARS - PAST YEAR USE,RECODED DRUG USE,Recodificada,2,0.0,Categórica
CGRMON,RC-CIGARS - PAST MONTH USE,RECODED DRUG USE,Recodificada,2,0.0,Categórica
PIPFLAG,RC-PIPES - EVER USED,RECODED DRUG USE,Recodificada,2,0.0,Categórica
PIPMON,RC-PIPES - PAST MONTH USE,RECODED DRUG USE,Recodificada,2,0.0,Categórica
SMKLSSFLAG,RC-SMOKELESS TOBACCO - EVER USED,RECODED DRUG USE,Recodificada,2,0.0,Categórica
SMKLSSYR,RC-SMOKELESS TOBACCO - PAST YEAR USE,RECODED DRUG USE,Recodificada,2,0.0,Categórica
SMKLSSMON,RC-SMOKELESS TOBACCO - PAST MONTH USE,RECODED DRUG USE,Recodificada,2,0.0,Categórica
TOBCIGONL,RC-CIGARETTE/NONCIGARETTE TOBACCO ONLY - PAST MONTH USE,RECODED DRUG USE,Recodificada,4,0.0,Categórica
TOBFLAG,RC-ANY TOBACCO - EVER USED,RECODED DRUG USE,Recodificada,2,0.0,Categórica
TOBYR,RC-ANY TOBACCO - PAST YEAR USE,RECODED DRUG USE,Recodificada,2,0.0,Categórica
TOBMON,RC-ANY TOBACCO - PAST MONTH USE,RECODED DRUG USE,Recodificada,2,0.0,Categórica
NICVAPFLAG,RC-NICOTINE VAPING - EVER USED,RECODED DRUG USE,Recodificada,2,0.0,Categórica
NICVAPYR,RC-NICOTINE VAPING - PAST YEAR USE,RECODED DRUG USE,Recodificada,2,0.0,Categórica
NICVAPMON,RC-NICOTINE VAPING - PAST MONTH USE,RECODED DRUG USE,Recodificada,2,0.0,Categórica
TOBVNICFLAG,RC-ANY TOBACCO PRODUCTS OR NICOTINE VAPING - EVER USED,RECODED DRUG USE,Recodificada,2,0.0,Categórica
TOBVNICYR,RC-ANY TOBACCO PRODUCTS OR NICOTINE VAPING - PAST YEAR USE,RECODED DRUG USE,Recodificada,2,0.0,Categórica
TOBVNICMON,RC-ANY TOBACCO PRODUCTS OR NICOTINE VAPING - PAST MONTH USE,RECODED DRUG USE,Recodificada,2,0.0,Categórica
TOBVAPONL2,RC-NIC VAPING / TOBACCO PRODUCTS ONLY - PAST MONTH USE,RECODED DRUG USE,Recodificada,4,0.0,Categórica
TOBCIGVAP2,RC-NIC VAPING AND CIG/NONCIG TOBACCO COMBINATIONS-PM USE,RECODED DRUG USE,Recodificada,4,0.0,Categórica
ALCFLAG,RC-ALCOHOL - EVER USED,RECODED DRUG USE,Recodificada,2,0.0,Categórica
ALCYR,RC-ALCOHOL - PAST YEAR USE,RECODED DRUG USE,Recodificada,2,0.0,Categórica
ALCMON,RC-ALCOHOL - PAST MONTH USE,RECODED DRUG USE,Recodificada,2,0.0,Categórica
CBDHMPFLAG,RC-CBD OR HEMP - EVER USED,RECODED DRUG USE,Recodificada,2,0.0,Categórica
CBDHMPYR,RC-CBD OR HEMP - PAST YEAR USE,RECODED DRUG USE,Recodificada,2,0.0,Categórica
CBDHMPMON,RC-CBD OR HEMP - PAST MONTH USE,RECODED DRUG USE,Recodificada,2,0.0,Categórica
MRJFLAG,RC-MARIJUANA - EVER USED,RECODED DRUG USE,Recodificada,2,0.0,Categórica
MRJYR,RC-MARIJUANA - PAST YEAR USE,RECODED DRUG USE,Recodificada,2,0.0,Categórica
MRJMON,RC-MARIJUANA - PAST MONTH USE,RECODED DRUG USE,Recodificada,2,0.0,Categórica
MJSMKYR,RC-MARIJUANA SMOKING - PAST YEAR USE,RECODED DRUG USE,Recodificada,2,0.0,Categórica
MJVAPFLAG,RC-MARIJUANA VAPING - EVER USED,RECODED DRUG USE,Recodificada,2,0.0,Categórica
MJVAPYR,RC-MARIJUANA VAPING - PAST YEAR USE,RECODED DRUG USE,Recodificada,2,0.0,Categórica
MJDABYR,"RC-MARIJUANA DABBING WAXES, SHATTER, OR CONC - PAST YEAR USE",RECODED DRUG USE,Recodificada,2,0.0,Categórica
MJEATYR,RC-MARIJUANA EATING OR DRINKING - PAST YEAR USE,RECODED DRUG USE,Recodificada,2,0.0,Categórica
MJMTHYR,RC-MARIJUANA DRPS/STRPS/LZNGS/SPRYS IN MOUTH - PAST YEAR USE,RECODED DRUG USE,Recodificada,2,0.0,Categórica
MJSKNYR,RC-MARIJUANA LOTION/CREAM/PATCH TO SKIN - PAST YEAR USE,RECODED DRUG USE,Recodificada,2,0.0,Categórica
MJPLLYR,RC-MARIJUANA PILLS - PAST YEAR USE,RECODED DRUG USE,Recodificada,2,0.0,Categórica
MJOTHYR,RC-MARIJUANA USE - SOME OTHER MODE - PAST YEAR,RECODED DRUG USE,Recodificada,2,0.0,Categórica
MJCMOTHYR,RC-COMBINED OTHER MARIJUANA MODES - PAST YEAR USE,RECODED DRUG USE,Recodificada,2,0.0,Categórica
MJSMKMON,RC-MARIJUANA SMOKING - PAST MONTH USE,RECODED DRUG USE,Recodificada,2,0.0,Categórica
MJVAPMON,RC-MARIJUANA VAPING - PAST MONTH USE,RECODED DRUG USE,Recodificada,2,0.0,Categórica
MRJMONVAP2,"RC-MRJ VAPE, MRJ USE BUT NOT VAPE, OR NO MRJ USE - PAST MON",RECODED DRUG USE,Recodificada,3,0.0,Categórica
MJDABMON,"RC-MARIJUANA DABBING WAXES, SHATTER, OR CONC-PAST MONTH USE",RECODED DRUG USE,Recodificada,2,0.0,Categórica
MJEATMON,RC-MARIJUANA EATING OR DRINKING - PAST MONTH USE,RECODED DRUG USE,Recodificada,2,0.0,Categórica
MJMTHMON,RC-MARIJUANA DRPS/STRPS/LZNGS/SPRYS IN MOUTH-PAST MONTH USE,RECODED DRUG USE,Recodificada,2,0.0,Categórica
MJSKNMON,RC-MARIJUANA LOTION/CREAM/PATCH TO SKIN - PAST MONTH USE,RECODED DRUG USE,Recodificada,2,0.0,Categórica
MJPLLMON,RC-MARIJUANA PILLS - PAST MONTH USE,RECODED DRUG USE,Recodificada,2,0.0,Categórica
MJCMOTHMON,RC-COMBINED OTHER MARIJUANA MODES - PAST MONTH USE,RECODED DRUG USE,Recodificada,2,0.0,Categórica
COCFLAG,RC-COCAINE - EVER USED,RECODED DRUG USE,Recodificada,2,0.0,Categórica
COCYR,RC-COCAINE - PAST YEAR USE,RECODED DRUG USE,Recodificada,2,0.0,Categórica
COCMON,RC-COCAINE - PAST MONTH USE,RECODED DRUG USE,Recodificada,2,0.0,Categórica
CRKFLAG,"RC-""CRACK"" - EVER USED",RECODED DRUG USE,Recodificada,2,0.0,Categórica
CRKYR,"RC-""CRACK"" - PAST YEAR USE",RECODED DRUG USE,Recodificada,2,0.0,Categórica
CRKMON,"RC-""CRACK"" - PAST MONTH USE",RECODED DRUG USE,Recodificada,2,0.0,Categórica
HERFLAG,RC-HEROIN - EVER USED,RECODED DRUG USE,Recodificada,2,0.0,Categórica
HERYR,RC-HEROIN - PAST YEAR USE,RECODED DRUG USE,Recodificada,2,0.0,Categórica
HERMON,RC-HEROIN - PAST MONTH USE,RECODED DRUG USE,Recodificada,2,0.0,Categórica
HALLUCFLAG,RC-HALLUCINOGENS - EVER USED,RECODED DRUG USE,Recodificada,2,0.0,Categórica
HALLUCYR,RC-HALLUCINOGENS - PAST YEAR USE,RECODED DRUG USE,Recodificada,2,0.0,Categórica
HALLUCMON,RC-HALLUCINOGENS - PAST MONTH USE,RECODED DRUG USE,Recodificada,2,0.0,Categórica
LSDFLAG,RC-LSD - EVER USED,RECODED DRUG USE,Recodificada,2,0.0,Categórica
LSDYR,RC-LSD - PAST YEAR USE,RECODED DRUG USE,Recodificada,2,0.0,Categórica
LSDMON,RC-LSD - PAST MONTH USE,RECODED DRUG USE,Recodificada,2,0.0,Categórica
PCPFLAG,RC-PCP - EVER USED,RECODED DRUG USE,Recodificada,2,0.0,Categórica
PCPYR,RC-PCP - PAST YEAR USE,RECODED DRUG USE,Recodificada,2,0.0,Categórica
PCPMON,RC-PCP - PAST MONTH USE,RECODED DRUG USE,Recodificada,2,0.0,Categórica
PSILCYFLAG,RC-PSILOCYBIN - EVER USED,RECODED DRUG USE,Recodificada,2,0.0,Categórica
PSILCYYR,RC-PSILOCYBIN - PAST YEAR USE,RECODED DRUG USE,Recodificada,2,0.0,Categórica
PSILCYMON,RC-PSILOCYBIN - PAST MONTH USE,RECODED DRUG USE,Recodificada,2,0.0,Categórica
ECSTMOFLAG,RC-ECSTASY - EVER USED,RECODED DRUG USE,Recodificada,2,0.0,Categórica
ECSTMOYR,RC-ECSTASY - PAST YEAR USE,RECODED DRUG USE,Recodificada,2,0.0,Categórica
ECSTMOMON,RC-ECSTASY - PAST MONTH USE,RECODED DRUG USE,Recodificada,2,0.0,Categórica
DAMTFXFLAG,RC-DMT/AMT/FOXY - EVER USED,RECODED DRUG USE,Recodificada,2,0.0,Categórica
DAMTFXYR,RC-DMT/AMT/FOXY - PAST YEAR USE,RECODED DRUG USE,Recodificada,2,0.0,Categórica
DAMTFXMON,RC-DMT/AMT/FOXY - PAST MONTH USE,RECODED DRUG USE,Recodificada,2,0.0,Categórica
KETMINFLAG,RC-KETAMINE - EVER USED,RECODED DRUG USE,Recodificada,2,0.0,Categórica
KETMINYR,RC-KETAMINE - PAST YEAR USE,RECODED DRUG USE,Recodificada,2,0.0,Categórica
KETMINMON,RC-KETAMINE - PAST MONTH USE,RECODED DRUG USE,Recodificada,2,0.0,Categórica
SALVIAFLAG,RC-SALVIA - EVER USED,RECODED DRUG USE,Recodificada,2,0.0,Categórica
SALVIAYR,RC-SALVIA - PAST YEAR USE,RECODED DRUG USE,Recodificada,2,0.0,Categórica
SALVIAMON,RC-SALVIA - PAST MONTH USE,RECODED DRUG USE,Recodificada,2,0.0,Categórica
INHALFLAG2,RC-INHALANTS - EVER USED,RECODED DRUG USE,Recodificada,2,0.0,Categórica
INHALYR2,RC-INHALANTS - PAST YEAR USE,RECODED DRUG USE,Recodificada,2,0.0,Categórica
INHALMON2,RC-INHALANTS - PAST MONTH USE,RECODED DRUG USE,Recodificada,2,0.0,Categórica
METHAMFLAG,RC-METHAMPHETAMINE - EVER USED,RECODED DRUG USE,Recodificada,2,0.0,Categórica
METHAMYR,RC-METHAMPHETAMINE - PAST YEAR USE,RECODED DRUG USE,Recodificada,2,0.0,Categórica
METHAMMON,RC-METHAMPHETAMINE - PAST MONTH USE,RECODED DRUG USE,Recodificada,2,0.0,Categórica
PNRANYFLAG2,RC-ANY PAIN RELIEVER - EVER USED,RECODED DRUG USE,Recodificada,2,0.0,Categórica
PNRANYYR2,RC-ANY PAIN RELIEVER - PAST YEAR USE,RECODED DRUG USE,Recodificada,2,0.0,Categórica
OXYCNANYYR2,RC-OXYCONTIN - PAST YEAR USE,RECODED DRUG USE,Recodificada,2,0.0,Categórica
TRQANYFLAG,RC-ANY TRANQUILIZERS - EVER USED,RECODED DRUG USE,Recodificada,2,0.0,Categórica
TRQANYYR,RC-ANY TRANQUILIZERS - PAST YEAR USE,RECODED DRUG USE,Recodificada,2,0.0,Categórica
STMANYFLAG,RC-ANY STIMULANTS - EVER USED,RECODED DRUG USE,Recodificada,2,0.0,Categórica
STMANYYR,RC-ANY STIMULANTS - PAST YEAR USE,RECODED DRUG USE,Recodificada,2,0.0,Categórica
SEDANYFLAG,RC-ANY SEDATIVES - EVER USED,RECODED DRUG USE,Recodificada,2,0.0,Categórica
SEDANYYR,RC-ANY SEDATIVES - PAST YEAR USE,RECODED DRUG USE,Recodificada,2,0.0,Categórica
TQSDANYFLG,RC-ANY TRANQUILIZERS OR SEDATIVES - EVER USED,RECODED DRUG USE,Recodificada,2,0.0,Categórica
TQSDANYYR,RC-ANY TRANQUILIZERS OR SEDATIVES - PAST YEAR USE,RECODED DRUG USE,Recodificada,2,0.0,Categórica
BZOANYYR,RC - ANY BENZODIAZEPINES - PAST YEAR USE,RECODED DRUG USE,Recodificada,2,0.101,Categórica
PSYANYFLAG2,RC-ANY PSYCHOTHERAPEUTICS - EVER USED,RECODED DRUG USE,Recodificada,2,0.0,Categórica
PSYANYYR2,RC-ANY PSYCHOTHERAPEUTICS - PAST YEAR USE,RECODED DRUG USE,Recodificada,2,0.0,Categórica
OPIANYYR2,RC-ANY OPIOIDS (RX OPIOIDS OR HEROIN) - PAST YEAR USE,RECODED DRUG USE,Recodificada,2,0.0,Categórica
CNSANYYR,RC-ANY CENTRAL NERVOUS SYSTEM STIMULANTS - PAST YEAR USE,RECODED DRUG USE,Recodificada,2,0.0,Categórica
PNRNMFLAG,RC-PAIN RELIEVERS - EVER MISUSED,RECODED DRUG USE,Recodificada,2,0.0,Categórica
PNRNMYR,RC-PAIN RELIEVERS - PAST YEAR MISUSE,RECODED DRUG USE,Recodificada,2,0.0,Categórica
PNRNMMON,RC-PAIN RELIEVERS - PAST MONTH MISUSE,RECODED DRUG USE,Recodificada,2,0.0,Categórica
OXYCNNMYR,RC-OXYCONTIN - PAST YEAR MISUSE,RECODED DRUG USE,Recodificada,2,0.0,Categórica
TRQNMFLAG,RC-TRANQUILIZERS - EVER MISUSED,RECODED DRUG USE,Recodificada,2,0.0,Categórica
TRQNMYR,RC-TRANQUILIZERS - PAST YEAR MISUSE,RECODED DRUG USE,Recodificada,2,0.0,Categórica
TRQNMMON,RC-TRANQUILIZERS - PAST MONTH MISUSE,RECODED DRUG USE,Recodificada,2,0.0,Categórica
STMNMFLAG,RC-STIMULANTS - EVER MISUSED,RECODED DRUG USE,Recodificada,2,0.0,Categórica
STMNMYR,RC-STIMULANTS - PAST YEAR MISUSE,RECODED DRUG USE,Recodificada,2,0.0,Categórica
STMNMMON,RC-STIMULANTS - PAST MONTH MISUSE,RECODED DRUG USE,Recodificada,2,0.0,Categórica
SEDNMFLAG,RC-SEDATIVES - EVER MISUSED,RECODED DRUG USE,Recodificada,2,0.0,Categórica
SEDNMYR,RC-SEDATIVES - PAST YEAR MISUSE,RECODED DRUG USE,Recodificada,2,0.0,Categórica
SEDNMMON,RC-SEDATIVES - PAST MONTH MISUSE,RECODED DRUG USE,Recodificada,2,0.0,Categórica
TQSDNMFLAG,RC-TRANQUILIZERS OR SEDATIVES - EVER MISUSED,RECODED DRUG USE,Recodificada,2,0.0,Categórica
TQSDNMYR,RC-TRANQUILIZERS OR SEDATIVES - PAST YEAR MISUSE,RECODED DRUG USE,Recodificada,2,0.0,Categórica
TQSDNMMON,RC-TRANQUILIZERS OR SEDATIVES - PAST MONTH MISUSE,RECODED DRUG USE,Recodificada,2,0.0,Categórica
BZONMYR,RC - ANY BENZODIAZEPINES - PAST YEAR MISUSE,RECODED DRUG USE,Recodificada,2,0.017,Categórica
PSYCHFLAG,RC-ANY PSYCHOTHERAPEUTICS - EVER MISUSED,RECODED DRUG USE,Recodificada,2,0.0,Categórica
PSYCHYR,RC-ANY PSYCHOTHERAPEUTICS - PAST YEAR MISUSE,RECODED DRUG USE,Recodificada,2,0.0,Categórica
PSYCHMON,RC-ANY PSYCHOTHERAPEUTICS - PAST MONTH MISUSE,RECODED DRUG USE,Recodificada,2,0.0,Categórica
OPINMYR2,RC-OPIOIDS (RX OPIOIDS OR HEROIN) - PAST YEAR MISUSE,RECODED DRUG USE,Recodificada,2,0.0,Categórica
OPINMMON2,RC-OPIOIDS (RX OPIOIDS OR HEROIN) - PAST MONTH MISUSE,RECODED DRUG USE,Recodificada,2,0.0,Categórica
HERRXOPYR,RC-HEROIN USE AND/OR RX OPIOID MISUSE - PAST YEAR,RECODED DRUG USE,Recodificada,4,0.0,Categórica
CNSNMYR,RC-CENTRAL NERVOUS SYSTEM STIMULANTS - PAST YEAR MISUSE,RECODED DRUG USE,Recodificada,2,0.0,Categórica
CNSNMMON,RC-CENTRAL NERVOUS SYSTEM STIMULANTS - PAST MONTH MISUSE,RECODED DRUG USE,Recodificada,2,0.0,Categórica
ILLFLAG,RC-ANY ILLICIT DRUG - EVER USED,RECODED DRUG USE,Recodificada,2,0.0,Categórica
ILLYR,RC-ANY ILLICIT DRUG - PAST YEAR USE,RECODED DRUG USE,Recodificada,2,0.0,Categórica
ILLMON,RC-ANY ILLICIT DRUG - PAST MONTH USE,RECODED DRUG USE,Recodificada,2,0.0,Categórica
MJONLYFLAG2,RC-MARIJUANA ONLY - EVER USED,RECODED DRUG USE,Recodificada,2,0.0,Categórica
MJONLYYR2,RC-MARIJUANA ONLY - PAST YEAR USE,RECODED DRUG USE,Recodificada,2,0.0,Categórica
MJONLYMON2,RC-MARIJUANA ONLY - PAST MONTH USE,RECODED DRUG USE,Recodificada,2,0.0,Categórica
ILLEMFLAG2,RC-ILLICIT DRUG OTHER THAN MARIJUANA - EVER USED,RECODED DRUG USE,Recodificada,2,0.0,Categórica
ILLEMYR2,RC-ILLICIT DRUG OTHER THAN MARIJUANA - PAST YEAR,RECODED DRUG USE,Recodificada,2,0.0,Categórica
ILLEMMON2,RC-ILLICIT DRUG OTHER THAN MARIJUANA-PAST MONTH,RECODED DRUG USE,Recodificada,2,0.0,Categórica
CDUFLAG,RC-CIGARETTES DAILY - EVER USED,RECODED DRUG USE,Recodificada,2,0.0,Categórica
DCIGMON,RC-PAST MONTH DAILY CIGARETTE USE,RECODED DRUG USE,Recodificada,2,0.0,Categórica
CDCGMO,RC-EVER USED CIG DAILY AND PAST MONTH CIG USE,RECODED DRUG USE,Recodificada,2,0.0,Categórica
CDNOCGMO,RC-EVER USED CIG DAILY AND NO PAST MONTH CIG USE,RECODED DRUG USE,Recodificada,2,0.0,Categórica
BNGDRKMON,RC-BINGE ALCOHOL USE PAST 30 DAYS,RECODED DRUG USE,Recodificada,2,0.0,Categórica
HVYDRKMON,RC-HEAVY ALCOHOL USE PAST 30 DAYS,RECODED DRUG USE,Recodificada,2,0.0,Categórica
ILTOBALCFG,"RC-ILLICIT DRUG, TOBACCO PRD, OR ALCOHOL - EVER USED",RECODED DRUG USE,Recodificada,2,0.0,Categórica
ILTOBALCYR,"RC-ILLICIT DRUG, TOBACCO PRD, OR ALCOHOL - PAST YEAR USE",RECODED DRUG USE,Recodificada,2,0.0,Categórica
ILTOBALCMN,"RC-ILLICIT DRUG, TOBACCO PRD, OR ALC - PAST MONTH USE",RECODED DRUG USE,Recodificada,2,0.0,Categórica
ILTOBVAPALC,"RC-TOBACCO, NICOTINE VAPING, ALCOHOL, ILLICIT DRUG - PST MON",RECODED DRUG USE,Recodificada,2,0.0,Categórica
ILLALCMON,RC-ILLICIT DRUG OR ALCOHOL - PAST MONTH USE,RECODED DRUG USE,Recodificada,2,0.0,Categórica
TOBALCFLG,RC-TOBACCO PRODUCT OR ALCOHOL - EVER USED,RECODED DRUG USE,Recodificada,2,0.0,Categórica
TOBALCYR,RC-TOBACCO PRODUCT OR ALCOHOL - PAST YEAR USE,RECODED DRUG USE,Recodificada,2,0.0,Categórica
TOBALCMN,RC-TOBACCO PRODUCT OR ALCOHOL - PAST MONTH USE,RECODED DRUG USE,Recodificada,2,0.0,Categórica
ILLANDALC,RC-ILLICIT DRUG AND ALCOHOL USE - PAST YEAR USE,RECODED DRUG USE,Recodificada,2,0.0,Categórica
ILLORALC,RC-ILLICIT DRUG OR ALCOHOL USE - PAST YEAR USE,RECODED DRUG USE,Recodificada,2,0.0,Categórica
ILLALCFLG,RC-ILLICIT DRUG OR ALCOHOL - EVER USED,RECODED DRUG USE,Recodificada,2,0.0,Categórica
PEYOTEEVER,RC-EVER USED PEYOTE,RECODED DRUG USE,Recodificada,2,0.027,Categórica
MESCEVER,RC-EVER USED MESCALINE,RECODED DRUG USE,Recodificada,2,0.042,Categórica
AMYLNIEVER2,"RC-EVER INHALED AMYL NITRITE, ""POPPERS"", RUSH, ETC.",RECODED DRUG USE,Recodificada,2,0.032,Categórica
CLEFLUEVER2,"RC-EVER INHALED CORRECTION FLUID, DEGREASER, ETC.",RECODED DRUG USE,Recodificada,2,0.011,Categórica
GASEVER2,RC-EVER INHALED GASOLINE OR LIGHTER FLUID,RECODED DRUG USE,Recodificada,2,0.004,Categórica
GLUEEVER2,"RC-EVER INHALED GLUE, SHOE POLISH, OR TOLUENE",RECODED DRUG USE,Recodificada,2,0.006,Categórica
ETHEREVER2,"RC-EVER INHALED HALOTHANE, ETHER, OR OTHER ANESTHETIC",RECODED DRUG USE,Recodificada,2,0.015,Categórica
SOLVENEVER2,"RC-EVER INHALED LACQUER THINNER, OTHER PAINT SOLVENTS",RECODED DRUG USE,Recodificada,2,0.013,Categórica
LGASEVER2,"RC-EVER INHALED LIGHTER GASES (BUTANE, PROPANE)",RECODED DRUG USE,Recodificada,2,0.008,Categórica
NITOXIEVER2,"RC-EVER INHALED NITROUS OXIDE OR ""WHIPPITS""",RECODED DRUG USE,Recodificada,2,0.023,Categórica
FLTMRKEVER2,RC-EVER USED FELT-TIP PENS/MARKERS TO GET HIGH,RECODED DRUG USE,Recodificada,2,0.015,Categórica
SPAINTEVER2,RC-EVER INHALED SPRAY PAINTS,RECODED DRUG USE,Recodificada,2,0.008,Categórica
AIRDUSEVER2,RC-EVER USED COMPUTER CLEANER/AIR DUSTER TO GET HIGH,RECODED DRUG USE,Recodificada,2,0.006,Categórica
OTHAEREVER2,RC-EVER USED OTHER AEROSOL SPRAY,RECODED DRUG USE,Recodificada,2,0.013,Categórica
RXHYDCANY2,RC-HYDROCODONE PRODUCTS - ANY PAST YEAR USE,RECODED DRUG USE,Recodificada,2,0.167,Categórica
RXZOHYANY2,RC-ZOHYDRO ER - ANY PAST YEAR USE,RECODED DRUG USE,Recodificada,2,0.169,Categórica
RXOXCOANY2,RC-OXYCODONE PRODUCTS - ANY PAST YEAR USE,RECODED DRUG USE,Recodificada,2,0.178,Categórica
RXTRAMANY2,RC-TRAMADOL PRODUCTS - ANY PAST YEAR USE,RECODED DRUG USE,Recodificada,2,0.201,Categórica
RXCODEANY2,RC-CODEINE PRODUCTS - ANY PAST YEAR USE,RECODED DRUG USE,Recodificada,2,0.173,Categórica
RXMORPANY2,RC-MORPHINE PRODUCTS - ANY PAST YEAR USE,RECODED DRUG USE,Recodificada,2,0.199,Categórica
RXBUPRANY2,RC-BUPRENORPHINE PRODUCTS - ANY PAST YEAR USE,RECODED DRUG USE,Recodificada,2,0.173,Categórica
RXOXYMANY2,RC-OXYMORPHONE PRODUCTS - ANY PAST YEAR USE,RECODED DRUG USE,Recodificada,2,0.18,Categórica
RXDEMEANY2,RC-DEMEROL PRODUCTS - ANY PAST YEAR USE,RECODED DRUG USE,Recodificada,2,0.197,Categórica
RXHYDMANY2,RC-HYDROMORPHONE PRODUCTS - ANY PAST YEAR USE,RECODED DRUG USE,Recodificada,2,0.197,Categórica
RXMTDNANY2,RC-METHADONE PRODUCTS - ANY PAST YEAR USE,RECODED DRUG USE,Recodificada,2,0.197,Categórica
OTHRPNRANY2,RC-OTHER PAIN RELIEVER PRODUCTS - ANY PAST YEAR USE,RECODED DRUG USE,Recodificada,2,1.0,Categórica
RXBZOTANY,RC-BENZODIAZEPINE TRANQUILIZERS - ANY PAST YEAR USE,RECODED DRUG USE,Recodificada,2,0.051,Categórica
RXALPRANY,RC-ALPRAZOLEM PRODUCTS - ANY PAST YEAR USE,RECODED DRUG USE,Recodificada,2,0.072,Categórica
RXLORAANY,RC-LORAZEPAM PRODUCTS - ANY PAST YEAR USE,RECODED DRUG USE,Recodificada,2,0.078,Categórica
RXCLONANY,RC-CLONAZEP AM PRODUCTS - ANY PAST YEAR USE,RECODED DRUG USE,Recodificada,2,0.078,Categórica
RXDIAZANY,RC-DIAZEPAM PRODUCTS - ANY PAST YEAR USE,RECODED DRUG USE,Recodificada,2,0.082,Categórica
RXMRLXANY,RC-MUSCLE RELAXANTS - ANY PAST YEAR USE,RECODED DRUG USE,Recodificada,2,0.097,Categórica
RXCYCLANY,RC-CYCLOBENZAPRINE PRODUCTS - ANY PAST YEAR USE,RECODED DRUG USE,Recodificada,2,0.097,Categórica
RXSOMAANY,RC-SOMA PRODUCTS - ANY PAST YEAR USE,RECODED DRUG USE,Recodificada,2,0.097,Categórica
OTHRTRQANY,RC-OTHER TRANQUILIZER- ANY PAST YEAR USE,RECODED DRUG USE,Recodificada,2,0.104,Categórica
RXAMMEANY,RC-AMPHETAMINE OR METHYLPHENIDATE PRODS - ANY PAST YEAR USE,RECODED DRUG USE,Recodificada,2,0.036,Categórica
RXAMPHANY,RC-AMPHETAMINE - ANY PAST YEAR USE,RECODED DRUG USE,Recodificada,2,0.044,Categórica
RXMTHPANY,RC-METHYLPHENIDATE PRODUCTS - ANY PAST YEAR USE,RECODED DRUG USE,Recodificada,2,0.049,Categórica
RXANORANY,RC-ANORECTIC STIMULANTS - ANY PAST YEAR USE,RECODED DRUG USE,Recodificada,2,0.053,Categórica
RXPROVANY,RC-PROVIGIL PRODUCTS- ANY PAST YEAR USE,RECODED DRUG USE,Recodificada,2,0.053,Categórica
OTHRSTMANY,RC-OTHER STIMULANT - ANY PAST YEAR USE,RECODED DRUG USE,Recodificada,2,0.068,Categórica
RXZOLPANY,RC-ZOLPIDEM PRODUCTS - ANY PAST YEAR USE,RECODED DRUG USE,Recodificada,2,0.044,Categórica
RXESZOANY,RC-ESZOPICLONE PRODUCTS - ANY PAST YEAR USE,RECODED DRUG USE,Recodificada,2,0.049,Categórica
RXZALEANY,RC-ZALEPLON PRODUCTS - ANY PAST YEAR USE,RECODED DRUG USE,Recodificada,2,0.049,Categórica
RXBZOSANY,RC-BENZODIAZEPINE SEDATIVES - ANY PAST YEAR USE,RECODED DRUG USE,Recodificada,2,0.036,Categórica
RXTRIAANY,RC-TRIAZOLAM PRODUCTS - ANY PAST YEAR USE,RECODED DRUG USE,Recodificada,2,0.036,Categórica
RXTEMAANY,RC-TEMAZEPAM PRODUCTS - ANY PAST YEAR USE,RECODED DRUG USE,Recodificada,2,0.036,Categórica
RXFLURANY,RC-FLURAZEPAM PRODUCTS - ANY PAST YEAR USE,RECODED DRUG USE,Recodificada,2,0.036,Categórica
RXBARBANY,RC-BARBITUATES - ANY PAST YEAR USE,RECODED DRUG USE,Recodificada,2,0.051,Categórica
OTHRSEDANY,RC-OTHER SEDATIVE - ANY PAST YEAR USE,RECODED DRUG USE,Recodificada,2,0.057,Categórica
RXHYDCMIS,RC-HYDROCODONE PRODUCTS - PAST YEAR MISUSE,RECODED DRUG USE,Recodificada,2,0.025,Categórica
RXZOHYMIS,RC-ZOHYDRO ER - PAST YEAR MISUSE,RECODED DRUG USE,Recodificada,2,0.021,Categórica
RXOXCOMIS,RC-OXYCODONE PRODUCTS - PAST YEAR MISUSE,RECODED DRUG USE,Recodificada,2,0.038,Categórica
RXTRAMMIS,RC-TRAMADOL PRODUCTS - PAST YEAR MISUSE,RECODED DRUG USE,Recodificada,2,0.047,Categórica
RXCODEMIS,RC-CODEINE PRODUCTS - PAST YEAR MISUSE,RECODED DRUG USE,Recodificada,2,0.04,Categórica
RXMORPMIS,RC-MORPHINE PRODUCTS - PAST YEAR MISUSE,RECODED DRUG USE,Recodificada,2,0.027,Categórica
RXBUPRMIS,RC-BUPRENORPHINE PRODUCTS - PAST YEAR MISUSE,RECODED DRUG USE,Recodificada,2,0.03,Categórica
RXOXYMMIS,RC-OXYMORPHONE PRODUCTS - PAST YEAR MISUSE,RECODED DRUG USE,Recodificada,2,0.023,Categórica
RXDEMEMIS,RC-DEMEROL PRODUCTS - PAST YEAR MISUSE,RECODED DRUG USE,Recodificada,2,0.025,Categórica
RXHYDMMIS,RC-HYDROMORPHONE PRODUCTS - PAST YEAR MISUSE,RECODED DRUG USE,Recodificada,2,0.025,Categórica
RXMTDNMIS,RC-METHADONE PRODUCTS - PAST YEAR MISUSE,RECODED DRUG USE,Recodificada,2,0.027,Categórica
OTHRPNRMIS,RC-OTHER PAIN RELIEVER PRODUCTS - PAST YEAR MISUSE,RECODED DRUG USE,Recodificada,2,0.129,Categórica
RXBZOTMIS,RC-BENZODIAZEPINE TRANQUILIZERS - PAST YEAR MISUSE,RECODED DRUG USE,Recodificada,2,0.011,Categórica
RXALPRMIS,RC-ALPRAZOLEM PRODUCTS - PAST YEAR MISUSE,RECODED DRUG USE,Recodificada,2,0.011,Categórica
RXLORAMIS,RC-LORAZEPAM PRODUCTS - PAST YEAR MISUSE,RECODED DRUG USE,Recodificada,2,0.013,Categórica
RXCLONMIS,RC-CLONAZEPAM PRODUCTS - PAST YEAR MISUSE,RECODED DRUG USE,Recodificada,2,0.013,Categórica
RXDIAZMIS,RC-DIAZEPAM PRODUCTS - PAST YEAR MISUSE,RECODED DRUG USE,Recodificada,2,0.013,Categórica
RXMRLXMIS,RC-MUSCLE RELAXANTS - PAST YEAR MISUSE,RECODED DRUG USE,Recodificada,2,0.023,Categórica
RXCYCLMIS,RC-CYCLOBENZAPRINE PRODUCTS - PAST YEAR MISUSE,RECODED DRUG USE,Recodificada,2,0.019,Categórica
RXSOMAMIS,RC-SOMA PRODUCTS - PAST YEAR MISUSE,RECODED DRUG USE,Recodificada,2,0.017,Categórica
OTHRTRQMIS,RC-OTHER TRANQUILIZER PRODUCTS - PAST YEAR MISUSE,RECODED DRUG USE,Recodificada,2,0.042,Categórica
RXAMMEMIS,RC-AMPHETAMINE OR METHYLPHENIDATE PRODS - PAST YEAR MISUSE,RECODED DRUG USE,Recodificada,2,0.006,Categórica
RXAMPHMIS,RC-AMPHETAMINE - PAST YEAR MISUSE,RECODED DRUG USE,Recodificada,2,0.008,Categórica
RXMTHPMIS,RC-METHYLPHENIDATE PRODUCTS - PAST YEAR MISUSE,RECODED DRUG USE,Recodificada,2,0.004,Categórica
RXANORMIS,RC-ANORECTIC STIMULANTS - PAST YEAR MISUSE,RECODED DRUG USE,Recodificada,2,0.002,Categórica
RXPROVMIS,RC-PROVIGIL PRODUCTS- PAST YEAR MISUSE,RECODED DRUG USE,Recodificada,2,0.002,Categórica
OTHRSTMMIS,RC-OTHER STIMULANT PRODUCTS - PAST YEAR MISUSE,RECODED DRUG USE,Recodificada,2,0.025,Categórica
RXZOLPMIS,RC-ZOLPIDEM PRODUCTS - PAST YEAR MISUSE,RECODED DRUG USE,Recodificada,2,0.0,Categórica
RXESZOMIS,RC-ESZOPICLONE PRODUCTS - PAST YEAR MISUSE,RECODED DRUG USE,Recodificada,2,0.002,Categórica
OTHRSEDMIS2,RC-OTHER SEDATIVE PRODUCTS - PAST YEAR MISUSE,RECODED DRUG USE,Recodificada,2,0.034,Categórica
RXBZOSMIS,RC-BENZODIAZEPINE SEDATIVES - PAST YEAR MISUSE,RECODED DRUG USE,Recodificada,2,0.002,Categórica
RXBARBMIS,RC-BARBITURATES - PAST YEAR MISUSE,RECODED DRUG USE,Recodificada,2,0.004,Categórica
ALCYDAYS,RC-# OF DAYS USED ALCOHOL IN PAST YEAR,RECODED DRUG USE,Recodificada,6,0.0,Categórica
MRJYDAYS,RC-# OF DAYS USED MARIJUANA IN PAST YEAR,RECODED DRUG USE,Recodificada,6,0.0,Categórica
COCYDAYS,RC-# OF DAYS USED COCAINE IN PAST YEAR,RECODED DRUG USE,Recodificada,6,0.0,Categórica
CRKYDAYS,RC-# OF DAYS USED CRACK IN PAST YEAR,RECODED DRUG USE,Recodificada,6,0.0,Categórica
HERYDAYS,RC-# OF DAYS USED HEROIN IN PAST YEAR,RECODED DRUG USE,Recodificada,6,0.0,Categórica
HALLNDAYYR,RC-# OF DAYS USED HALLUCINOGENS IN PAST YEAR,RECODED DRUG USE,Recodificada,6,0.0,Categórica
INHNDAYYR2,RC-# OF DAYS USED INHALANTS IN PAST YEAR,RECODED DRUG USE,Recodificada,6,0.0,Categórica
METHNDAYYR,RC-# OF DAYS USED METHAMPHETAMINE IN PAST YEAR,RECODED DRUG USE,Recodificada,6,0.0,Categórica
CIGMDAYS,RC-# OF DAYS USED CIGARETTES IN PAST MONTH,RECODED DRUG USE,Recodificada,6,0.0,Categórica
CGRMDAYS,RC-# OF DAYS USED CIGARS IN PAST MONTH,RECODED DRUG USE,Recodificada,5,0.0,Categórica
SMKLSMDAYS,RC-# OF DAYS USED SMOKELESS TOBACCO IN PAST MONTH,RECODED DRUG USE,Recodificada,5,0.0,Categórica
NICVPMDAYS,RC-# OF DAYS VAPED NICOTINE IN PAST MONTH,RECODED DRUG USE,Recodificada,5,0.0,Categórica
ALCMDAYS,RC-# OF DAYS USED ALCOHOL IN PAST MONTH,RECODED DRUG USE,Recodificada,5,0.0,Categórica
MRJMDAYS,RC-# OF DAYS USED MARIJUANA IN PAST MONTH,RECODED DRUG USE,Recodificada,5,0.0,Categórica
COCMDAYS,RC-# OF DAYS USED COCAINE IN PAST MONTH,RECODED DRUG USE,Recodificada,5,0.0,Categórica
CRKMDAYS,RC-# OF DAYS USED CRACK IN PAST MONTH,RECODED DRUG USE,Recodificada,5,0.0,Categórica
HERMDAYS,RC-# OF DAYS USED HEROIN IN PAST MONTH,RECODED DRUG USE,Recodificada,5,0.0,Categórica
HALLNDAYPM,RC-# OF DAYS USED HALLUCINOGENS IN PAST MONTH,RECODED DRUG USE,Recodificada,5,0.0,Categórica
INHNDAYPM2,RC-# OF DAYS USED INHALANTS IN PAST MONTH,RECODED DRUG USE,Recodificada,5,0.0,Categórica
METHNDAYPM,RC-# OF DAYS USED METHAMPHETAMINE IN PAST MONTH,RECODED DRUG USE,Recodificada,5,0.0,Categórica
PNRNDAYPM,RC-# OF DAYS MISUSED PAIN RELIEVERS IN PAST MONTH,RECODED DRUG USE,Recodificada,5,0.0,Categórica
TRQNDAYPM,RC-# OF DAYS MISUSED TRANQUILIZERS IN PAST MONTH,RECODED DRUG USE,Recodificada,5,0.0,Categórica
STMNDAYPM,RC-# OF DAYS MISUSED STIMULANTS IN PAST MONTH,RECODED DRUG USE,Recodificada,5,0.0,Categórica
SEDNDAYPM,RC-# OF DAYS MISUSED SEDATIVES IN PAST MONTH,RECODED DRUG USE,Recodificada,5,0.0,Categórica
BNGDRMDAYS,RC-# OF DAYS BINGE USED ALCOHOL IN PAST MONTH,RECODED DRUG USE,Recodificada,5,0.0,Categórica
CIGPDAY,RC-# OF CIGARETTES SMOKED PER DAY AMONG DAILY SMOKERS,RECODED DRUG USE,Recodificada,6,0.0,Categórica
CIG1PACK,RC-SMKED 1+ PCK OF CIGS PER DAY AMNG DLY SMKERS (1/0),RECODED DRUG USE,Recodificada,2,92.835,Categórica
CIGAVGD,RC-AVG NUMBER OF CIGARETTES SMOKED PER DAY,RECODED DRUG USE,Recodificada,7,86.182,Categórica
CIGAVGM,RC-NUMBER OF CIGARETTES SMOKED PER USER IN PAST MONTH,RECODED DRUG USE,Recodificada,142,86.182,Numérica
ALCNUMDKPM,RC-NUMBER OF ALC BEVS DRANK PER USER IN PAST MONTH,RECODED DRUG USE,Recodificada,199,52.248,Numérica
FUCIG18,RC-FIRST USED CIGARETTES PRIOR TO AGE 18,RECODED DRUG USE,Recodificada,2,0.0,Categórica
FUCIG21,RC-FIRST USED CIGARETTES PRIOR TO AGE 21,RECODED DRUG USE,Recodificada,2,0.0,Categórica
FUCD218,RC-FIRST USED CIGARETTES DAILY PRIOR TO AGE 18,RECODED DRUG USE,Recodificada,2,0.0,Categórica
FUCD221,RC-FIRST USED CIGARETTES DAILY PRIOR TO AGE 21,RECODED DRUG USE,Recodificada,2,0.0,Categórica
FUCGR18,RC-FIRST USED CIGARS PRIOR TO AGE 18,RECODED DRUG USE,Recodificada,2,0.0,Categórica
FUCGR21,RC-FIRST USED CIGARS PRIOR TO AGE 21,RECODED DRUG USE,Recodificada,2,0.0,Categórica
FUSMKLSS18,RC-FIRST USED SMOKELESS TOBACCO PRIOR TO AGE 18,RECODED DRUG USE,Recodificada,2,0.0,Categórica
FUSMKLSS21,RC-FIRST USED SMOKELESS TOBACCO PRIOR TO AGE 21,RECODED DRUG USE,Recodificada,2,0.0,Categórica
FUNICVAP18,RC-FIRST VAPED NICOTINE PRIOR TO AGE 18,RECODED DRUG USE,Recodificada,2,0.0,Categórica
FUNICVAP21,RC-FIRST VAPED NICOTINE PRIOR TO AGE 21,RECODED DRUG USE,Recodificada,2,0.0,Categórica
FUALC18,RC-FIRST USED ALCOHOL PRIOR TO AGE 18,RECODED DRUG USE,Recodificada,2,0.0,Categórica
FUALC21,RC-FIRST USED ALCOHOL PRIOR TO AGE 21,RECODED DRUG USE,Recodificada,2,0.0,Categórica
FUMJ18,RC-FIRST USED MARIJUANA PRIOR TO AGE 18,RECODED DRUG USE,Recodificada,2,0.0,Categórica
FUMJ21,RC-FIRST USED MARIJUANA PRIOR TO AGE 21,RECODED DRUG USE,Recodificada,2,0.0,Categórica
FUCOC18,RC-FIRST USED COCAINE PRIOR TO AGE 18,RECODED DRUG USE,Recodificada,2,0.0,Categórica
FUCOC21,RC-FIRST USED COCAINE PRIOR TO AGE 21,RECODED DRUG USE,Recodificada,2,0.0,Categórica
FUCRK18,RC-FIRST USED CRACK PRIOR TO AGE 18,RECODED DRUG USE,Recodificada,2,0.0,Categórica
FUCRK21,RC-FIRST USED CRACK PRIOR TO AGE 21,RECODED DRUG USE,Recodificada,2,0.0,Categórica
FUHER18,RC-FIRST USED HEROIN PRIOR TO AGE 18,RECODED DRUG USE,Recodificada,2,0.0,Categórica
FUHER21,RC-FIRST USED HEROIN PRIOR TO AGE 21,RECODED DRUG USE,Recodificada,2,0.0,Categórica
FUHALLUC18,RC-FIRST USED HALLUCINOGENS PRIOR TO AGE 18,RECODED DRUG USE,Recodificada,2,0.0,Categórica
FUHALLUC21,RC-FIRST USED HALLUCINOGENS PRIOR TO AGE 21,RECODED DRUG USE,Recodificada,2,0.0,Categórica
FULSD18,RC-FIRST USED LSD PRIOR TO AGE 18,RECODED DRUG USE,Recodificada,2,0.0,Categórica
FULSD21,RC-FIRST USED LSD PRIOR TO AGE 21,RECODED DRUG USE,Recodificada,2,0.0,Categórica
FUPCP18,RC-FIRST USED PCP PRIOR TO AGE 18,RECODED DRUG USE,Recodificada,2,0.0,Categórica
FUPCP21,RC-FIRST USED PCP PRIOR TO AGE 21,RECODED DRUG USE,Recodificada,2,0.0,Categórica
FUECSTMO18,RC-FIRST USED ECSTASY PRIOR TO AGE 18,RECODED DRUG USE,Recodificada,2,0.0,Categórica
FUECSTMO21,RC-FIRST USED ECSTASY PRIOR TO AGE 21,RECODED DRUG USE,Recodificada,2,0.0,Categórica
FUINHAL182,RC-FIRST USED INHALANTS PRIOR TO AGE 18,RECODED DRUG USE,Recodificada,2,0.0,Categórica
FUINHAL212,RC-FIRST USED INHALANTS PRIOR TO AGE 21,RECODED DRUG USE,Recodificada,2,0.0,Categórica
FUMETHAM18,RC-FIRST USED METHAMPHETAMINE PRIOR TO AGE 18,RECODED DRUG USE,Recodificada,2,0.0,Categórica
FUMETHAM21,RC-FIRST USED METHAMPHETAMINE PRIOR TO AGE 21,RECODED DRUG USE,Recodificada,2,0.0,Categórica
FUPNRNM18,RC-FIRST MISUSED PAIN RELIEVERS PRIOR TO AGE 18,RECODED DRUG USE,Recodificada,2,0.0,Categórica
FUPNRNM21,RC-FIRST MISUSED PAIN RELIEVERS PRIOR TO AGE 21,RECODED DRUG USE,Recodificada,2,0.0,Categórica
FUTRQNM18,RC-FIRST MISUSED TRANQUILIZERS PRIOR TO AGE 18,RECODED DRUG USE,Recodificada,2,0.0,Categórica
FUTRQNM21,RC-FIRST MISUSED TRANQUILIZERS PRIOR TO AGE 21,RECODED DRUG USE,Recodificada,2,0.0,Categórica
FUSTMNM18,RC-FIRST MISUSED STIMULANTS PRIOR TO AGE 18,RECODED DRUG USE,Recodificada,2,0.0,Categórica
FUSTMNM21,RC-FIRST MISUSED STIMULANTS PRIOR TO AGE 21,RECODED DRUG USE,Recodificada,2,0.0,Categórica
FUSEDNM21,RC-FIRST MISUSED SEDATIVES PRIOR TO AGE 21,RECODED DRUG USE,Recodificada,2,0.0,Categórica
PNRMAINRSN,RC-MAIN REASON FOR MISUSING PAIN RELIEVERS LAST EPISODE,RECODED DRUG USE,Recodificada,10,0.488,Categórica
TRQMAINRSN,RC-MAIN REASON FOR MISUSING TRANQUILIZERS LAST EPISODE,RECODED DRUG USE,Recodificada,9,0.383,Categórica
STMMAINRSN,RC-MAIN REASON FOR MISUSING STIMULANTS LAST EPISODE,RECODED DRUG USE,Recodificada,10,0.457,Categórica
SEDMAINRSN,RC-MAIN REASON FOR MISUSING SEDATIVES LAST EPISODE,RECODED DRUG USE,Recodificada,7,0.537,Categórica
SRCPNRNM2,RC-SOURCE OF PAIN RELIEVERS FOR LAST MISUSE,RECODED DRUG USE,Recodificada,8,97.139,Categórica
SRCTRQNM2,RC-SOURCE OF TRANQUILIZERS FOR LAST MISUSE,RECODED DRUG USE,Recodificada,8,98.448,Categórica
SRCSTMNM2,RC-SOURCE OF STIMULANTS FOR LAST MISUSE,RECODED DRUG USE,Recodificada,8,98.243,Categórica
SRCSEDNM2,RC-SOURCE OF SEDATIVES FOR LAST MISUSE,RECODED DRUG USE,Recodificada,8,99.698,Categórica
SRCFRPNRNM,RC-SOURCE OF FRIEND/RELATIVE PAIN RELIEVERS FOR LAST MISUSE,RECODED DRUG USE,Recodificada,8,99.152,Categórica
SRCFRTRQNM,RC-SOURCE OF FRIEND/RELATIVE TRANQUILIZERS FOR LAST MISUSE,RECODED DRUG USE,Recodificada,8,99.372,Categórica
SRCFRSTMNM,RC-SOURCE OF FRIEND/RELATIVE STIMULANTS FOR LAST MISUSE,RECODED DRUG USE,Recodificada,6,99.076,Categórica
SRCFRSEDNM,RC-SOURCE OF FRIEND/RELATIVE SEDATIVES FOR LAST MISUSE,RECODED DRUG USE,Recodificada,3,99.884,Categórica
SRCCLFRPNR,RC-COLLAPSED SOURCE OF FRND/REL PAIN RLVRS FOR LAST MISUSE,RECODED DRUG USE,Recodificada,3,99.152,Categórica
SRCCLFRTRQ,RC-COLLAPSED SOURCE OF FRND/REL TRANQLZRS FOR LAST MISUSE,RECODED DRUG USE,Recodificada,3,99.372,Categórica
SRCCLFRSTM,RC-COLLAPSED SOURCE OF FRND/REL STIMULANTS FOR LAST MISUSE,RECODED DRUG USE,Recodificada,3,99.076,Categórica
SRCCLFRSED,RC-COLLAPSED SOURCE OF FRND/REL SEDATIVES FOR LAST MISUSE,RECODED DRUG USE,Recodificada,2,99.884,Categórica
RXOPPRNMMON,RC-PRESCRIPTION OPIOIDS - PAST MONTH MISUSE,RECODED DRUG USE,Recodificada,2,0.0,Categórica
NOOPPRANYYR,RC-NONOPIOID PRESCRIPTION PNR - ANY PAST YEAR USE,RECODED DRUG USE,Recodificada,2,0.0,Categórica
NOOPPRNMYR,RC-NONOPIOID PRESCRIPTION PNR - PAST YEAR MISUSE,RECODED DRUG USE,Recodificada,2,0.0,Categórica
IRNPCOLDREC,NONPRESCRIPTION COUGH OR COLD MEDS RECENCY - IMPUTATION REV,IMPUTED SPECIAL DRUGS,Imputada,4,0.0,Categórica
IINPCOLDREC,NONPRESCRIPTION COUGH OR COLD MEDS RECENCY - IMPUTATION IND,IMPUTED SPECIAL DRUGS,Imputada,3,0.0,Categórica
IRGHBREC,GHB RECENCY - IMPUTATION REVISED,IMPUTED SPECIAL DRUGS,Imputada,4,0.0,Categórica
ANYNDLREC,RC-MOST RECENT USE OF ANY DRUG WITH A NEEDLE,RECODED SPECIAL DRUGS,Recodificada,7,0.0,Categórica
CHMNDLREC,RC-MOST RECENT USE OF COC/HER/METH WITH A NEEDLE,RECODED SPECIAL DRUGS,Recodificada,8,0.0,Categórica
HERNEDEVER,RC-EVER USED A NEEDLE TO INJECT HEROIN,RECODED SPECIAL DRUGS,Recodificada,2,0.021,Categórica
COCNEDEVER,RC-EVER USED A NEEDLE TO INJECT COCAINE,RECODED SPECIAL DRUGS,Recodificada,2,0.093,Categórica
MTHNEDEVER,RC-EVER USED NEEDLE TO INJECT METHAMPHETAMINE,RECODED SPECIAL DRUGS,Recodificada,2,0.042,Categórica
HERSMOEVER,RC-EVER SMOKED HEROIN,RECODED SPECIAL DRUGS,Recodificada,2,0.023,Categórica
HERSNIEVER,RC-EVER SNIFFED HEROIN,RECODED SPECIAL DRUGS,Recodificada,2,0.023,Categórica
NPCOLDFLAG,RC-NONPRESCRIPTION COUGH OR COLD MEDS - EVER USED,RECODED SPECIAL DRUGS,Recodificada,2,0.0,Categórica
NPCOLDYR,RC-NONPRESCRIPTION COUGH OR COLD MEDS - PAST YEAR USE,RECODED SPECIAL DRUGS,Recodificada,2,0.0,Categórica
NPCOLDMON,RC-NONPRESCRIPTION COUGH OR COLD MEDS - PAST MONTH USE,RECODED SPECIAL DRUGS,Recodificada,2,0.0,Categórica
GHBFLAG,RC-GHB - EVER USED,RECODED SPECIAL DRUGS,Recodificada,2,0.0,Categórica
GHBYR,RC-GHB - PAST YEAR USE,RECODED SPECIAL DRUGS,Recodificada,2,0.0,Categórica
GHBMON,RC-GHB - PAST MONTH USE,RECODED SPECIAL DRUGS,Recodificada,2,0.0,Categórica
IRPYUD5ALC,ALCOHOL USE DISORDER IN THE PAST YEAR - IMP REV,IMPUTED SUBSTANCE USE DISORDER,Imputada,2,0.0,Categórica
IRPYUD5MRJ,MARIJUANA USE DISORDER IN THE PAST YEAR - IMP REV,IMPUTED SUBSTANCE USE DISORDER,Imputada,2,0.0,Categórica
IRPYUD5COC,COCAINE USE DISORDER IN THE PAST YEAR - IMP REV,IMPUTED SUBSTANCE USE DISORDER,Imputada,2,0.0,Categórica
IRPYUD5HER,HEROIN USE DISORDER IN THE PAST YEAR - IMP REV,IMPUTED SUBSTANCE USE DISORDER,Imputada,2,0.0,Categórica
IRPYUD5HAL,HALLUCINOGEN USE DISORDER IN THE PAST YEAR - IMP REV,IMPUTED SUBSTANCE USE DISORDER,Imputada,2,0.0,Categórica
IRPYUD5INH,INHALANT USE DISORDER IN THE PAST YEAR - IMP REV,IMPUTED SUBSTANCE USE DISORDER,Imputada,2,0.0,Categórica
IRPYUD5MTH,METHAMPHETAMINE USE DISORDER IN THE PAST YEAR - IMP REV,IMPUTED SUBSTANCE USE DISORDER,Imputada,2,0.0,Categórica
IRUD5PNRMIS,"PAIN RELIEVER USE DISORDER, PY MISUERS - IMP REV",IMPUTED SUBSTANCE USE DISORDER,Imputada,2,0.0,Categórica
IRUD5PNRUNM2,"PAIN RELIEVER USE DISORD, PY USERS BUT NOT MISUSERS-IMP REV",IMPUTED SUBSTANCE USE DISORDER,Imputada,2,0.0,Categórica
IRUD5TRQMIS,"TRANQUILIZER USE DISORDER, PY MISUSERS - IMP REV",IMPUTED SUBSTANCE USE DISORDER,Imputada,2,0.0,Categórica
IRUD5TRQUNM,"TRANQUILIZER USE DISORDER, PY USERS BUT NOT MISUSERS-IMP REV",IMPUTED SUBSTANCE USE DISORDER,Imputada,2,0.0,Categórica
IRUD5STMMIS,"STIMULANT USE DISORDER, PY MISUSERS - IMP REV",IMPUTED SUBSTANCE USE DISORDER,Imputada,2,0.0,Categórica
IRUD5STMUNM,"STIMULANT USE DISORDER, PY USERS BUT NOT MISUSERS - IMP REV",IMPUTED SUBSTANCE USE DISORDER,Imputada,2,0.0,Categórica
IRUD5SEDMIS,"SEDATIVE USE DISORDER, PY MISUSERS - IMP REV",IMPUTED SUBSTANCE USE DISORDER,Imputada,2,0.0,Categórica
IRUD5SEDUNM,"SEDATIVE USE DISORDER, PY USERS BUT NOT MISUSERS - IMP REV",IMPUTED SUBSTANCE USE DISORDER,Imputada,2,0.0,Categórica
IRPYSEV5ALC,ALCOHOL USE DISORDER SEVERITY IN THE PAST YEAR - IMP REV,IMPUTED SUBSTANCE USE DISORDER,Imputada,4,0.0,Categórica
IRPYSEV5MRJ,MARIJUANA USE DISORDER SEVERITY IN THE PAST YEAR - IMP REV,IMPUTED SUBSTANCE USE DISORDER,Imputada,4,0.0,Categórica
IRPYSEV5COC,COCAINE USE DISORDER SEVERITY IN THE PAST YEAR - IMP REV,IMPUTED SUBSTANCE USE DISORDER,Imputada,4,0.0,Categórica
IRPYSEV5HER,HEROIN USE DISORDER SEVERITY IN THE PAST YEAR - IMP REV,IMPUTED SUBSTANCE USE DISORDER,Imputada,4,0.0,Categórica
IRPYSEV5HAL,HALLUCINOGEN USE DISORDER SEVERITY IN THE PAST YR - IMP REV,IMPUTED SUBSTANCE USE DISORDER,Imputada,4,0.0,Categórica
IRPYSEV5INH,INHALANT USE DISORDER SEVERITY IN THE PAST YEAR - IMP REV,IMPUTED SUBSTANCE USE DISORDER,Imputada,4,0.0,Categórica
IRPYSEV5MTH,METHAMPHETAMINE USE DISORDER SEVERITY IN PAST YR - IMP REV,IMPUTED SUBSTANCE USE DISORDER,Imputada,4,0.0,Categórica
IRSEVPNRMIS,"PAIN RELIEVER USE DISORDER SEVERITY, PY MISUSERS - IMP REV",IMPUTED SUBSTANCE USE DISORDER,Imputada,4,0.0,Categórica
IRSEVPNRUNM2,"PAIN RELIEVER USE DIS SEV, PY USERS BUT NOT MISUSERS-IMP REV",IMPUTED SUBSTANCE USE DISORDER,Imputada,4,0.0,Categórica
IRSEVTRQMIS,"TRANQUILIZER USE DISORDER SEVERITY, PY MISUSERS - IMP REV",IMPUTED SUBSTANCE USE DISORDER,Imputada,4,0.0,Categórica
IRSEVTRQUNM,"TRANQUILIZER USE DIS SEV, PY USERS BUT NOT MISUSERS-IMP REV",IMPUTED SUBSTANCE USE DISORDER,Imputada,4,0.0,Categórica
IRSEVSTMMIS,"STIMULANT USE DISORDER SEVERITY, PY MISUSERS - IMP REV",IMPUTED SUBSTANCE USE DISORDER,Imputada,4,0.0,Categórica
IRSEVSTMUNM,"STIMULANT USE DIS SEV, PY USERS BUT NOT MISUSERS - IMP REV",IMPUTED SUBSTANCE USE DISORDER,Imputada,4,0.0,Categórica
IRSEVSEDMIS,"SEDATIVE USE DISORDER SEVERITY, PY MISUSERS - IMP REV",IMPUTED SUBSTANCE USE DISORDER,Imputada,4,0.0,Categórica
IRSEVSEDUNM,"SEDATIVE USE DIS SEV, PY USERS BUT NOT MISUSERS - IMP REV",IMPUTED SUBSTANCE USE DISORDER,Imputada,4,0.0,Categórica
UD5TRQSDANY,RC-TRANQUILIZER OR SEDATIVE USE DISORDER - PAST YEAR USERS,RECODED SUBSTANCE USE DISORDER,Recodificada,2,0.0,Categórica
UD5PSYANY,RC-PSYCHOTHERAPEUTIC USE DISORDER - PAST YEAR USERS,RECODED SUBSTANCE USE DISORDER,Recodificada,2,0.0,Categórica
UD5OPIANY2,RC-OPIOID (RX OPI OR HEROIN) USE DISORDER - PAST YEAR USERS,RECODED SUBSTANCE USE DISORDER,Recodificada,2,0.0,Categórica
UD5HROPANY,RC-HEROIN/RX OPIOID USE DISORDER - PAST YEAR USERS,RECODED SUBSTANCE USE DISORDER,Recodificada,4,0.0,Categórica
UD5CNSANY,RC-CNS STIMULANT USE DISORDER - PAST YEAR USERS,RECODED SUBSTANCE USE DISORDER,Recodificada,2,0.0,Categórica
UD5ILLANY,RC-DRUG USE DISORDER - PAST YEAR USERS,RECODED SUBSTANCE USE DISORDER,Recodificada,2,0.0,Categórica
UD5IEMANY,RC-DRUG OTHER THAN MRJ USE DISORDER - PAST YEAR USERS,RECODED SUBSTANCE USE DISORDER,Recodificada,2,0.0,Categórica
UD5ILALANY,RC-DRUG OR ALCOHOL USE DISORDER - PAST YEAR USERS,RECODED SUBSTANCE USE DISORDER,Recodificada,2,0.0,Categórica
UD5ILAALANY,RC-DRUG AND ALCOHOL USE DISORDER - PAST YEAR USERS,RECODED SUBSTANCE USE DISORDER,Recodificada,2,0.0,Categórica
UD5ILNALANY,"RC-DRUG USE DISORDER, NO ALC USE DISORDER - PAST YEAR USERS",RECODED SUBSTANCE USE DISORDER,Recodificada,2,0.0,Categórica
UD5ALNILANY,"RC-ALC USE DISORDER, NO DRUG USE DISORDER - PAST YEAR USERS",RECODED SUBSTANCE USE DISORDER,Recodificada,2,0.0,Categórica
UDYR5OPPRANY,"RC-RX OPIOID USE DISORDER, PY USERS",RECODED SUBSTANCE USE DISORDER,Recodificada,2,0.0,Categórica
UDYR5PNRANY2,"RC-PAIN RELIEVER USE DISORDER, PY USERS",RECODED SUBSTANCE USE DISORDER,Recodificada,2,0.0,Categórica
UDYR5SEDANY,"RC-SEDATIVE USE DISORDER, PY USERS",RECODED SUBSTANCE USE DISORDER,Recodificada,2,0.0,Categórica
UDYR5STMANY,"RC-STIMULANT USE DISORDER, PY USERS",RECODED SUBSTANCE USE DISORDER,Recodificada,2,0.0,Categórica
UDYR5TRQANY,"RC-TRANQUILIZER USE DISORDER, PY USERS",RECODED SUBSTANCE USE DISORDER,Recodificada,2,0.0,Categórica
UD5CNSGRP,"RC-CNS STM USE DISORDER - PY USE, MISUSE, USE/NOT MISUSE",RECODED SUBSTANCE USE DISORDER,Recodificada,3,0.0,Categórica
UD5OPIGRP,"RC-OPIOID USE DISORDER - PY USE, MISUSE, USE/NOT MISUSE",RECODED SUBSTANCE USE DISORDER,Recodificada,3,0.0,Categórica
UD5TRQSDGRP,"RC-TRQ/STM USE DISORDER - PY USE, MISUSE, USE/NOT MISUSE",RECODED SUBSTANCE USE DISORDER,Recodificada,3,0.0,Categórica
SEVYRPNRANY2,"RC-PAIN RELIEVER USE DISORDER SEVERITY, PY USERS",RECODED SUBSTANCE USE DISORDER,Recodificada,4,0.0,Categórica
SEVYROPPRANY,"RC-RX OPIOID USE DISORDER SEVERITY, PY USERS",RECODED SUBSTANCE USE DISORDER,Recodificada,4,0.0,Categórica
SEVYRTRQANY,"RC-TRANQUILIZER USE DISORDER SEVERITY, PY USERS",RECODED SUBSTANCE USE DISORDER,Recodificada,4,0.0,Categórica
SEVYRSTMANY,"RC-STIMULANT USE DISORDER SEVERITY, PY USERS",RECODED SUBSTANCE USE DISORDER,Recodificada,4,0.0,Categórica
SEVYRSEDANY,"RC-SEDATIVE USE DISORDER SEVERITY, PY USERS",RECODED SUBSTANCE USE DISORDER,Recodificada,4,0.0,Categórica
SVYRTQSDANY,"RC-TRANQUILIZER OR SEDATIVE USE DISORDER SEVERITY, PY USERS",RECODED SUBSTANCE USE DISORDER,Recodificada,4,0.0,Categórica
SVYRPSYANY,"RC-PSYCHOTHERAPUETIC USE DISORDER SEVERITY, PY USERS",RECODED SUBSTANCE USE DISORDER,Recodificada,4,0.0,Categórica
SVYROPIANY2,"RC-OPIOID (RX OPIOIDS OR HEROIN) USE DISORDER SEV, PY USERS",RECODED SUBSTANCE USE DISORDER,Recodificada,4,0.0,Categórica
SVYRCNSANY,"RC-CNS STIMULANT USE DISORDER SEVERITY, PY USERS",RECODED SUBSTANCE USE DISORDER,Recodificada,4,0.0,Categórica
SVYRDUDANY,"RC-DRUG USE DISORDER SEVERITY, PY USERS",RECODED SUBSTANCE USE DISORDER,Recodificada,4,0.0,Categórica
SVYRSUDANY,"RC-SUBSTANCE USE DISORDER SEVERITY, PY USERS",RECODED SUBSTANCE USE DISORDER,Recodificada,4,0.0,Categórica
SVYRTQSDMIS,"RC-TRANQUILIZER/SEDATIVE USE DISORDER SEVERITY, PY MISUSERS",RECODED SUBSTANCE USE DISORDER,Recodificada,4,0.0,Categórica
SVYROPIMIS,"RC-OPIOID USE DISORDER SEVERITY, PY MISUSERS",RECODED SUBSTANCE USE DISORDER,Recodificada,4,0.0,Categórica
SVYRCNSMIS,"RC-CNS STIMULANT USE DISORDER SEVERITY, PY MISUSERS",RECODED SUBSTANCE USE DISORDER,Recodificada,4,0.0,Categórica
SVYRTQSDUNM,"RC-TRANQ/SED USE DIS SEV, PY USERS/NOT MISUSERS ONLY",RECODED SUBSTANCE USE DISORDER,Recodificada,4,0.0,Categórica
SVYROPIUNM,"RC-OPIOID USE DIS SEV, PY RX OPIOID USERS/NOT MISUSERS ONLY",RECODED SUBSTANCE USE DISORDER,Recodificada,4,0.0,Categórica
SVYRCNSUNM,"RC-CNS STIM USE DIS SEV, PY STM USERS/ NOT MISUSERS ONLY",RECODED SUBSTANCE USE DISORDER,Recodificada,4,0.0,Categórica
MRJYRBFR,USE MJ/CANNABIS EVEN ONCE YR BEFORE LAST,PRIOR SUBSTANCE USE,Original u otra,7,0.0,Categórica
MRJAGLST,HOW OLD WERE YOU THE LAST TIME USED MARIJUANA/CANNABIS,PRIOR SUBSTANCE USE,Original u otra,91,0.0,Numérica
MRJYLU,YEAR OF LAST MARIJUANA/CANNABIS USE - RECODE,PRIOR SUBSTANCE USE,Original u otra,10,0.0,Numérica
MRJMLU,MONTH OF LAST MARIJUANA/CANNABIS USE - RECODE,PRIOR SUBSTANCE USE,Original u otra,19,0.0,Categórica
CIGAGLST,HOW OLD WERE YOU THE LAST TIME SMOKED CIGARETTE,PRIOR SUBSTANCE USE,Original u otra,91,0.0,Numérica
CIGYLU,YEAR OF LAST CIGARETTE USE - RECODE,PRIOR SUBSTANCE USE,Original u otra,10,0.0,Numérica
CIGMLU,MONTH OF LAST CIGARETTE USE - RECODE,PRIOR SUBSTANCE USE,Original u otra,19,0.0,Categórica
CIGDLLST,HOW OLD WERE YOU THE LAST TIME SMOKED CIGS DAILY,PRIOR SUBSTANCE USE,Original u otra,84,0.0,Numérica
CIGDLYLU,YEAR OF LAST CIGARETTE USE EVERY DAY - RECODE,PRIOR SUBSTANCE USE,Original u otra,10,0.0,Numérica
CIGDLMLU,MONTH OF LAST CIGARETTE USE EVERY DAY - RECODE,PRIOR SUBSTANCE USE,Original u otra,19,0.0,Categórica
SMKAGLAST,HOW OLD WERE YOU LAST THE TIME USED SMOKELESS TOB,PRIOR SUBSTANCE USE,Original u otra,79,0.0,Numérica
SMKYRLAST,YEAR OF LAST SMOKELESS TOBACCO USE - RECODE,PRIOR SUBSTANCE USE,Original u otra,10,0.0,Numérica
SMKMOLAST,MONTH OF LAST SMOKELESS TOBACCO USE - RECODE,PRIOR SUBSTANCE USE,Original u otra,19,0.0,Categórica
CGRAGLST,HOW OLD WERE YOU THE LAST TIME SMOKED CIGAR/CIGARILLO,PRIOR SUBSTANCE USE,Original u otra,85,0.0,Numérica
CIGARYLU,YEAR OF LAST CIGAR/CIGARILLO USE - RECODE,PRIOR SUBSTANCE USE,Original u otra,10,0.0,Numérica
CIGARMLU,MONTH OF LAST CIGAR/CIGARILLO USE - RECODE,PRIOR SUBSTANCE USE,Original u otra,19,0.0,Categórica
ALCAGLST,HOW OLD WERE YOU LAST TIME DRANK ALCOHOL BEVERAGE,PRIOR SUBSTANCE USE,Original u otra,101,0.0,Numérica
ALCYLU,YEAR OF LAST ALCOHOL USE - RECODE,PRIOR SUBSTANCE USE,Original u otra,10,0.0,Numérica
ALCMLU,MONTH OF LAST ALCOHOL USE - RECODE,PRIOR SUBSTANCE USE,Original u otra,19,0.0,Categórica
COCAGLST,HOW OLD WERE YOU THE LAST TIME USED COCAINE,PRIOR SUBSTANCE USE,Original u otra,71,0.0,Numérica
COCYLU,YEAR OF LAST COCAINE USE - RECODE,PRIOR SUBSTANCE USE,Original u otra,10,0.0,Numérica
COCMLU,MONTH OF LAST COCAINE USE - RECODE,PRIOR SUBSTANCE USE,Original u otra,19,0.0,Categórica
CRKAGLST,HOW OLD WERE YOU THE LAST TIME USED CRACK,PRIOR SUBSTANCE USE,Original u otra,64,0.0,Numérica
CRKYLU,YEAR OF LAST CRACK USE - RECODE,PRIOR SUBSTANCE USE,Original u otra,10,0.0,Numérica
CRKMLU,MONTH OF LAST CRACK USE - RECODE,PRIOR SUBSTANCE USE,Original u otra,19,0.0,Categórica
HERAGLST,HOW OLD WERE YOU THE LAST TIME USED HEROIN,PRIOR SUBSTANCE USE,Original u otra,56,0.0,Numérica
HERYLU,YEAR OF LAST HEROIN USE - RECODE,PRIOR SUBSTANCE USE,Original u otra,10,0.0,Numérica
HERMLU,MONTH OF LAST HEROIN USE - RECODE,PRIOR SUBSTANCE USE,Original u otra,19,0.0,Categórica
HALLAGLST,HOW OLD WERE YOU THE LAST TIME USED HALLUCINOGEN,PRIOR SUBSTANCE USE,Original u otra,73,0.0,Numérica
HALLYRLST,YEAR OF LAST HALLUCINOGEN USE - RECODE,PRIOR SUBSTANCE USE,Original u otra,10,0.0,Numérica
HALLMOLST,MONTH OF LAST HALLUCINOGEN USE - RECODE,PRIOR SUBSTANCE USE,Original u otra,19,0.0,Categórica
LSDAGLST,HOW OLD WERE YOU THE LAST TIME USED LSD,PRIOR SUBSTANCE USE,Original u otra,63,0.0,Numérica
LSDYLU,YEAR OF LAST LSD USE - RECODE,PRIOR SUBSTANCE USE,Original u otra,10,0.0,Numérica
LSDMLU,MONTH OF LAST LSD USE - RECODE,PRIOR SUBSTANCE USE,Original u otra,19,0.0,Categórica
PCPAGLST,HOW OLD WERE YOU THE LAST TIME USED PCP,PRIOR SUBSTANCE USE,Original u otra,51,0.0,Numérica
PCPYLU,YEAR OF LAST PCP USE - RECODE,PRIOR SUBSTANCE USE,Original u otra,10,0.0,Numérica
PCPMLU,MONTH OF LAST PCP USE - RECODE,PRIOR SUBSTANCE USE,Original u otra,18,0.0,Categórica
ECSTMOAGL,HOW OLD WERE YOU THE LAST TIME USED ECSTASY/MOLLY,PRIOR SUBSTANCE USE,Original u otra,58,0.0,Numérica
ECSTMOYLU,YEAR OF LAST ECSTASY OR MOLLY USE - RECODE,PRIOR SUBSTANCE USE,Original u otra,10,0.0,Numérica
ECSTMOMLU,MONTH OF LAST ECSTASY OR MOLLY USE - RECODE,PRIOR SUBSTANCE USE,Original u otra,19,0.0,Categórica
INHLAGLST,HOW OLD WERE YOU THE LAST TIME USED INHALANTS,PRIOR SUBSTANCE USE,Original u otra,74,0.0,Numérica
INHLYRLST,YEAR OF LAST INHALANT USE - RECODE,PRIOR SUBSTANCE USE,Original u otra,10,0.0,Numérica
INHLMOLST,MONTH OF LAST INHALANT USE - RECODE,PRIOR SUBSTANCE USE,Original u otra,19,0.0,Categórica
METHAGLST,HOW OLD WERE YOU THE LAST TIME USED METH,PRIOR SUBSTANCE USE,Original u otra,67,0.0,Numérica
METHYRLST,YEAR OF LAST METHAMPHETAMINE USE - RECODE,PRIOR SUBSTANCE USE,Original u otra,10,0.0,Numérica
METHMOLST,MONTH OF LAST METH USE - RECODE,PRIOR SUBSTANCE USE,Original u otra,19,0.0,Categórica
CIGYRBFR,SMOKE ALL OR PART OF CIGARETTE IN YR BEFORE LAST,PRIOR SUBSTANCE USE,Original u otra,8,0.0,Categórica
ALCYRBFR,HAVE ALCOHOLIC BEVERAGE IN YEAR BEFORE LAST,PRIOR SUBSTANCE USE,Original u otra,7,0.0,Categórica
COCYRBFR,HAVE ANY FORM OF COCAINE IN YEAR BEFORE LAST,PRIOR SUBSTANCE USE,Original u otra,7,0.0,Categórica
RSKCIGPKD,RISK SMOKING 1 OR MORE PACKS CIGARETTES PER DAY,RISK/AVAILABILITY,Original u otra,8,0.0,Categórica
RSKMRJMON,RISK SMOKING MARIJUANA ONCE A MONTH,RISK/AVAILABILITY,Original u otra,8,0.0,Categórica
RSKMRJWK,RISK SMOKING MARIJUANA ONCE OR TWICE A WEEK,RISK/AVAILABILITY,Original u otra,8,0.0,Categórica
RSKLSDTRY,RISK TRYING LSD ONCE OR TWICE,RISK/AVAILABILITY,Original u otra,8,0.0,Categórica
RSKLSDWK,RISK USING LSD ONCE OR TWICE A WEEK,RISK/AVAILABILITY,Original u otra,8,0.0,Categórica
RSKHERTRY,RISK TRYING HEROIN ONCE OR TWICE,RISK/AVAILABILITY,Original u otra,8,0.0,Categórica
RSKHERWK,RISK USING HEROIN ONCE OR TWICE A WEEK,RISK/AVAILABILITY,Original u otra,8,0.0,Categórica
RSKCOCMON,RISK USING COCAINE ONCE A MONTH,RISK/AVAILABILITY,Original u otra,8,0.0,Categórica
RSKCOCWK,RISK USING COCAINE ONCE OR TWICE A WEEK,RISK/AVAILABILITY,Original u otra,8,0.0,Categórica
RSKBNGDLY,RISK HAVING 4 OR 5 DRINKS NEARLY EVERY DAY,RISK/AVAILABILITY,Original u otra,8,0.0,Categórica
RSKBNGWK,RISK HAVING 5 OR MORE DRINKS ONCE OR TWICE A WEEK,RISK/AVAILABILITY,Original u otra,8,0.0,Categórica
DIFGETMRJ,HOW DIFFICULT TO GET MARIJUANA,RISK/AVAILABILITY,Original u otra,9,0.0,Categórica
DIFGETLSD,HOW DIFFICULT TO GET LSD,RISK/AVAILABILITY,Original u otra,9,0.0,Categórica
DIFGETCOC,HOW DIFFICULT TO GET COCAINE,RISK/AVAILABILITY,Original u otra,9,0.0,Categórica
DIFGETCRK,"HOW DIFFICULT TO GET ""CRACK""",RISK/AVAILABILITY,Original u otra,9,0.0,Categórica
DIFGETHER,HOW DIFFICULT TO GET HEROIN,RISK/AVAILABILITY,Original u otra,9,0.0,Categórica
APPDRGMON,APPROACHED BY SOMEONE SELLING ILL DRUG PST 30 DYS,RISK/AVAILABILITY,Original u otra,6,0.0,Categórica
RSKYFQDGR,GET A REAL KICK OUT OF DOING DANGEROUS THINGS,RISK/AVAILABILITY,Original u otra,8,0.0,Categórica
RSKYFQTES,LIKE TO TEST YOURSELF BY DOING RISKY THINGS,RISK/AVAILABILITY,Original u otra,8,0.0,Categórica
RKFQPBLT,WEAR A SEATBELT WHEN RIDE FRONT PASS SEAT OF CAR,RISK/AVAILABILITY,Original u otra,8,0.0,Categórica
RKFQDBLT,WEAR A SEATBELT WHEN YOU DRIVE A CAR,RISK/AVAILABILITY,Original u otra,9,0.0,Categórica
GRSKCIGPKD,RC-GREAT RISK:  SMOKE 1+ PACKS CIGARETTES PER DAY,RECODED RISK/AVAILABILITY,Recodificada,2,1.173,Categórica
GRSKMRJMON,RC-GREAT RISK:  USE MARIJUANA ONCE A MONTH,RECODED RISK/AVAILABILITY,Recodificada,2,1.419,Categórica
GRSKMRJWK,RC-GREAT RISK:  USE MARIJUANA 1-2 TIMES PER WEEK,RECODED RISK/AVAILABILITY,Recodificada,2,1.467,Categórica
GRSKCOCMON,RC-GREAT RISK:  USE COCAINE ONCE A MONTH,RECODED RISK/AVAILABILITY,Recodificada,2,1.725,Categórica
GRSKCOCWK,RC-GREAT RISK:  USE COCAINE 1-2 TIMES PER WEEK,RECODED RISK/AVAILABILITY,Recodificada,2,1.683,Categórica
GRSKHERTRY,RC-GREAT RISK:  TRYING HEROIN ONCE OR TWICE,RECODED RISK/AVAILABILITY,Recodificada,2,1.727,Categórica
GRSKHERWK,RC-GREAT RISK:  USE HEROIN 1-2 TIMES PER WEEK,RECODED RISK/AVAILABILITY,Recodificada,2,1.645,Categórica
GRSKLSDTRY,RC-GREAT RISK:  TRYING LSD ONCE OR TWICE,RECODED RISK/AVAILABILITY,Recodificada,2,2.169,Categórica
GRSKLSDWK,RC-GREAT RISK:  USE LSD 1-2 TIMES PER WEEK,RECODED RISK/AVAILABILITY,Recodificada,2,2.23,Categórica
GRSKBNGDLY,RC-GREAT RISK:  HAVE 4-5 ALC DRINKS PER DAY,RECODED RISK/AVAILABILITY,Recodificada,2,1.264,Categórica
GRSKBNGWK,RC-GREAT RISK:  HAVE 5+ ALC DRINKS 1-2 TIMES PER WEEK,RECODED RISK/AVAILABILITY,Recodificada,2,1.298,Categórica
DIFOBTMRJ,RC-MARIJUANA FAIRLY OR VERY EASY TO OBTAIN,RECODED RISK/AVAILABILITY,Recodificada,2,2.161,Categórica
DIFOBTCOC,RC-COCAINE FAIRLY OR VERY EASY TO OBTAIN,RECODED RISK/AVAILABILITY,Recodificada,2,3.241,Categórica
DIFOBTCRK,RC-CRACK FAIRLY OR VERY EASY TO OBTAIN,RECODED RISK/AVAILABILITY,Recodificada,2,3.34,Categórica
DIFOBTHER,RC-HEROIN FAIRLY OR VERY EASY TO OBTAIN,RECODED RISK/AVAILABILITY,Recodificada,2,3.374,Categórica
DIFOBTLSD,RC-LSD FAIRLY OR VERY EASY TO OBTAIN,RECODED RISK/AVAILABILITY,Recodificada,2,3.535,Categórica
APPDRGMON2,RC-APPROACHED BY SOMEONE SELLING DRUGS,RECODED RISK/AVAILABILITY,Recodificada,2,0.799,Categórica
SNYSELL,SOLD ILLEGAL DRUGS,SOCIAL ENVIRONMENT,Original u otra,9,0.0,Categórica
SNYSTOLE,STOLEN/TRIED TO STEAL ANYTHING WORTH > $50,SOCIAL ENVIRONMENT,Original u otra,9,0.0,Categórica
SNYATTAK,ATTACKED SOMEONE W/INTENT TO SERIOUSLY HURT THEM,SOCIAL ENVIRONMENT,Original u otra,9,0.0,Categórica
SNAFLMJTRY,HOW YOU FEEL ABOUT ADULTS TRYING MJ/CANNABIS,SOCIAL ENVIRONMENT,Original u otra,9,0.0,Categórica
SNRLGIMP,MY RELIGIOUS BELIEFS ARE VERY IMPORTANT,SOCIAL ENVIRONMENT,Original u otra,8,0.0,Categórica
SNRLDCSN,MY RELIGIOUS BELIEFS INFLUENCE MY DECISIONS,SOCIAL ENVIRONMENT,Original u otra,8,0.0,Categórica
SNRLFRND,IT IS IMPORTANT THAT MY FRIENDS SHARE REL BELIEFS,SOCIAL ENVIRONMENT,Original u otra,8,0.0,Categórica
PREGSTAT,CURRENTLY PREGNANT (FEMALES AGED 12-50),HEALTH,Original u otra,7,0.0,Categórica
HTANSWER,PREFERRED WAY TO REPORT HEIGHT,HEALTH,Original u otra,6,0.0,Categórica
HTINCHE2,HEIGHT IN INCHES WITHOUT SHOES - RECODE,HEALTH,Original u otra,25,0.0,Numérica
WTANSWER,PREFERRED WAY TO REPORT WEIGHT,HEALTH,Original u otra,6,0.0,Categórica
WTPOUND2,WEIGHT IN POUNDS - RECODE,HEALTH,Original u otra,225,0.0,Numérica
NMERTMT2,# OF TIMES BEEN TREATED IN EMER ROOM PAST 12 MOS,HEALTH,Original u otra,31,0.0,Numérica
INHOSPYR,STAYED OVERNIGHT AS INPNT IN HOSP PAST 12 MOS,HEALTH,Original u otra,6,0.0,Categórica
NMNGTHS2,# NIGHTS STAYED IN HOSPITAL OVERNIGHT OR LONGER,HEALTH,Original u otra,36,0.0,Numérica
NMVSOPT2,# OUTPATIENT VISITS PAST 12 MOS - RECODE,HEALTH,Original u otra,24,0.0,Numérica
NMVSOEST,# TIMES VISITED DR ABOUT OWN HEALTH PST YR,HEALTH,Original u otra,13,0.0,Categórica
TELEAPTYR,TALK TO DOC ABOUT HEALTH OVER PHONE/EMAIL/VIDEO PST 12 MOS,HEALTH,Original u otra,6,0.0,Categórica
HPUSETOB,HEALTH PROF ASKED PST 12 MOS: TOBACCO USE,HEALTH,Original u otra,7,0.0,Categórica
HPUSEALC,HEALTH PROF ASKED PST 12 MOS: ALCOHOL USE,HEALTH,Original u otra,7,0.0,Categórica
HPUSEDRG,HEALTH PROF ASKED PST 12 MOS: DRUG USE,HEALTH,Original u otra,7,0.0,Categórica
HPQTTOB,HEALTH PROF ADVISED YOU TO QUIT TOBACCO USE,HEALTH,Original u otra,9,0.0,Categórica
HPALCAMT2,DOCTOR ASKED HOW MUCH YOU DRINK,HEALTH,Original u otra,8,0.0,Categórica
HPALCFRQ2,DOCTOR ASKED HOW OFTEN YOU DRINK,HEALTH,Original u otra,9,0.0,Categórica
HPALCPRB2,DOCTOR ASKED IF ANY DRINKING PROBS,HEALTH,Original u otra,8,0.0,Categórica
HPALCCUT2,DOCTOR ADVISED YOU TO CUT DOWN ON DRINKING,HEALTH,Original u otra,8,0.0,Categórica
HPALCTX2,DOCTOR OFFERED INFO ABOUT ALCOHOL TREATMT,HEALTH,Original u otra,8,0.0,Categórica
HPALCNOT2,DOCTOR DIDNT DISCUSS MY ALCOHOL USE WITH ME,HEALTH,Original u otra,8,0.0,Categórica
HPDRGTALK,HEALTH PROF DISCUSSED MY DRUG USE WITH ME,HEALTH,Original u otra,9,0.0,Categórica
HRTCONDEV2,EVER TOLD HAD HEART CONDITION,HEALTH,Original u otra,6,0.0,Categórica
DIABETEVR2,EVER TOLD HAD DIABETES/SUGAR DIABETES,HEALTH,Original u otra,6,0.0,Categórica
COPDEVER2,EVER TOLD HAD CHRONIC BRONCHITIS OR COPD,HEALTH,Original u otra,6,0.0,Categórica
CIRROSEVR2,EVER TOLD HAD CIRRHOSIS OF THE LIVER,HEALTH,Original u otra,6,0.0,Categórica
HEPBCEVER2,EVER TOLD HAD HEPATITIS B OR C,HEALTH,Original u otra,6,0.0,Categórica
KIDNYDSEV2,EVER TOLD HAD KIDNEY DISEASE,HEALTH,Original u otra,6,0.0,Categórica
ASTHMAEVR2,EVER TOLD HAD ASTHMA,HEALTH,Original u otra,6,0.0,Categórica
HIVAIDSEV2,EVER TOLD HAD HIV OR AIDS,HEALTH,Original u otra,6,0.0,Categórica
CANCEREVR2,EVER TOLD HAD CANCER,HEALTH,Original u otra,6,0.0,Categórica
HIGHBPEVR2,EVER TOLD HAD HIGH BLOOD PRESSURE,HEALTH,Original u otra,6,0.0,Categórica
NONABOVEV2,NEVER HAD ANY OF THESE CONDITIONS,HEALTH,Original u otra,6,0.0,Categórica
CABLADDER,TYPE OF CANCER: BLADDER,HEALTH,Original u otra,7,0.0,Categórica
CABLOLEULYM,TYPE OF CANCER: BLOOD/LEUKEMIA/LYMPHOMA,HEALTH,Original u otra,7,0.0,Categórica
CAOTHER2,TYPE OF CANCER: OTHER,HEALTH,Original u otra,7,0.0,Categórica
CABREAST,TYPE OF CANCER: BREAST,HEALTH,Original u otra,7,0.0,Categórica
CACERVIX,TYPE OF CANCER: CERVIX (FEMALES ONLY),HEALTH,Original u otra,7,0.0,Categórica
CACOLNRECT,TYPE OF CANCER: COLON/RECTUM,HEALTH,Original u otra,7,0.0,Categórica
CAESOPSTOM,TYPE OF CANCER: ESOPHAGUS/STOMACH,HEALTH,Original u otra,7,0.0,Categórica
CAGALLIVPAN,TYPE OF CANCER: GALLBLADDER/LIVER/PANCREAS,HEALTH,Original u otra,7,0.0,Categórica
CAKIDNEY,TYPE OF CANCER: KIDNEY,HEALTH,Original u otra,7,0.0,Categórica
CALARYLUNG,TYPE OF CANCER: LARYNX/WINDPIPE/LUNG,HEALTH,Original u otra,7,0.0,Categórica
CAMELANOM,TYPE OF CANCER: MELANOMA,HEALTH,Original u otra,7,0.0,Categórica
CAMOUTTHRO,TYPE OF CANCER: MOUTH/TONGUE/LIP/THROAT/PHARYNX,HEALTH,Original u otra,7,0.0,Categórica
CAOVARY,TYPE OF CANCER: OVARY (FEMALES ONLY),HEALTH,Original u otra,7,0.0,Categórica
CAPROSTEST,TYPE OF CANCER: PROSTATE/TESTIS (MALES ONLY),HEALTH,Original u otra,7,0.0,Categórica
CASKINOTH,TYPE OF CANCER: SKIN (NOT MELANOMA),HEALTH,Original u otra,7,0.0,Categórica
CASKINDK,TYPE OF CANCER: SKIN DON'T KNOW WHICH KIND,HEALTH,Original u otra,7,0.0,Categórica
CATHYROID,TYPE OF CANCER: THYROID,HEALTH,Original u otra,7,0.0,Categórica
CAUTERUS,TYPE OF CANCER: UTERUS (FEMALES ONLY),HEALTH,Original u otra,7,0.0,Categórica
CANCERYR,HAD ANY CANCER PAST 12 MONTHS,HEALTH,Original u otra,9,0.0,Categórica
HRTCONDAG,AGE HEART CONDITION 1ST DIAGNOSED,HEALTH,Original u otra,96,0.0,Numérica
HRTCONDYR,HAD HEART CONDITION PAST 12 MONTHS,HEALTH,Original u otra,8,0.0,Categórica
DIABETEAG,AGE DIABETES 1ST DIAGNOSED,HEALTH,Original u otra,90,0.0,Numérica
COPDAGE,AGE COPD 1ST DIAGNOSED,HEALTH,Original u otra,90,0.0,Numérica
CIRROSAGE,AGE CIRRHOSIS 1ST DIAGNOSED,HEALTH,Original u otra,59,0.0,Numérica
HEPBCAGE,AGE HEPATITIS 1ST DIAGNOSED,HEALTH,Original u otra,72,0.0,Numérica
KIDNYDSAG,AGE KIDNEY DISEASE 1ST DIAGNOSED,HEALTH,Original u otra,91,0.0,Numérica
ASTHMAAGE,AGE ASTHMA 1ST DIAGNOSED,HEALTH,Original u otra,85,0.0,Numérica
ASTHMANOW,STILL HAVE ASTHMA,HEALTH,Original u otra,7,0.0,Categórica
HIVAIDSAG,AGE 1ST FOUND OUT HAD HIV/AIDS,HEALTH,Original u otra,40,0.0,Numérica
HIGHBPMED,TAKING MEDS FOR HIGH BLOOD PRESSURE,HEALTH,Original u otra,7,0.0,Categórica
HIGHBPAGE,AGE WHEN HIGH BLOOD PRESSURE 1ST DIAGNOSED,HEALTH,Original u otra,93,0.0,Numérica
PREGST,RC-PREGNANCY STATUS OF FEMALES AGED 12-50,RECODED HEALTH,Recodificada,3,0.808,Categórica
BMI2,RC-BODY MASS INDEX (BMI),RECODED HEALTH,Recodificada,3067,4.757,Numérica
TELEAPTYR2,RC-TALK TO DOC ABOUT VIRTUAL SERVICE TREATMENT-PAST YEAR,RECODED HEALTH,Recodificada,2,2.171,Categórica
CASUPROB,THINK EVER HAD PROBLEM WITH OWN DRUG OR ALCOHOL USE,EMERGING ISSUES,Original u otra,6,0.0,Categórica
CASURCVR,THINK IN RECOVERY FROM DRUG OR ALCOHOL PROBLEM,EMERGING ISSUES,Original u otra,7,0.0,Categórica
CAMHPROB,THINK EVER HAD PROBLEM WITH OWN MENTAL HEALTH,EMERGING ISSUES,Original u otra,6,0.0,Categórica
CAMHRCVR,THINK IN RECOVERY FROM MENTAL HEALTH PROBLEM,EMERGING ISSUES,Original u otra,7,0.0,Categórica
KRATEVER,EVER USED KRATOM,EMERGING ISSUES,Original u otra,6,0.0,Categórica
KRATREC,TIME SINCE LAST USED KRATOM,EMERGING ISSUES,Original u otra,7,0.0,Categórica
FLVVAPEVR,EVER VAPED ONLY FLAVORING WITHOUT NICOTINE/SUBSTANCE,EMERGING ISSUES,Original u otra,6,0.0,Categórica
FLVVAPREC,TIME SINCE LAST VAPED ONLY FLAVORING,EMERGING ISSUES,Original u otra,7,0.0,Categórica
SYNMRJEVR,EVER USED SYNTHETIC MARIJUANA,EMERGING ISSUES,Original u otra,6,0.0,Categórica
SYNMRJREC,TIME SINCE LAST USED SYNTHETIC MARIJUANA,EMERGING ISSUES,Original u otra,7,0.0,Categórica
SYNSTMEVR,EVER USED SYNTHETIC STIMULANTS,EMERGING ISSUES,Original u otra,6,0.0,Categórica
SYNSTMREC,TIME SINCE LAST USED SYNTHETIC STIMULANTS,EMERGING ISSUES,Original u otra,7,0.0,Categórica
IMFEVER,EVER USED ILLEGALLY MADE FENTANYL,EMERGING ISSUES,Original u otra,6,0.0,Categórica
IMFNDLEVER,EVER INJECTED ILLEGALLY MADE FENTANYL WITH NEEDLE,EMERGING ISSUES,Original u otra,6,0.0,Categórica
IRKRATREC,KRATOM RECENCY - IMPUTATION REVISED,IMPUTED EMERGING ISSUES,Imputada,4,0.0,Categórica
IRFLVVAPREC,ONLY FLAVORING VAPING RECENCY - IMPUTATION REVISED,IMPUTED EMERGING ISSUES,Imputada,4,0.0,Categórica
IRSYNMRJREC,SYNTHETIC MARIJUANA RECENCY - IMPUTATION REVISED,IMPUTED EMERGING ISSUES,Imputada,4,0.0,Categórica
IRSYNSTMREC,SYNTHETIC STIMULANTS RECENCY - IMPUTATION REVISED,IMPUTED EMERGING ISSUES,Imputada,4,0.0,Categórica
IRIMFREC,ILLEGALLY MADE FENTANYL RECENCY - IMPUTATION REVISED,IMPUTED EMERGING ISSUES,Imputada,4,0.0,Categórica
CASUPROB2,RC-PERCEIVED EVER HAD DRUG OR ALCOHOL USE PROBLEM,RECODED EMERGING ISSUES,Recodificada,2,3.351,Categórica
RCVYSUBPRB,RC-PERCEIVED RECOVERY FROM DRUG OR ALCOHOL USE PROBLEM,RECODED EMERGING ISSUES,Recodificada,2,3.376,Categórica
CAMHPROB2,RC-PERCEIVED EVER HAD A MENTAL HEALTH ISSUE,RECODED EMERGING ISSUES,Recodificada,2,3.302,Categórica
RCVYMHPRB,RC-PERCEIVED RECOVERY FROM MENTAL HEALTH ISSUE,RECODED EMERGING ISSUES,Recodificada,2,3.546,Categórica
KRATOMFLAG,RC-KRATOM - EVER USED,RECODED EMERGING ISSUES,Recodificada,2,0.0,Categórica
KRATOMYR,RC-KRATOM - PAST YEAR USE,RECODED EMERGING ISSUES,Recodificada,2,0.0,Categórica
KRATOMMON,RC-KRATOM - PAST MONTH USE,RECODED EMERGING ISSUES,Recodificada,2,0.0,Categórica
FLVVAPFLAG,RC-ONLY FLAVORING VAPING - EVER USED,RECODED EMERGING ISSUES,Recodificada,2,0.0,Categórica
FLVVAPYR,RC-ONLY FLAVORING VAPING - PAST YEAR USE,RECODED EMERGING ISSUES,Recodificada,2,0.0,Categórica
FLVVAPMON,RC-ONLY FLAVORING VAPING - PAST MONTH USE,RECODED EMERGING ISSUES,Recodificada,2,0.0,Categórica
SYNMRJFLAG,RC-SYNTHETIC MARIJUANA - EVER USED,RECODED EMERGING ISSUES,Recodificada,2,0.0,Categórica
SYNMRJYR,RC-SYNTHETIC MARIJUANA - PAST YEAR USE,RECODED EMERGING ISSUES,Recodificada,2,0.0,Categórica
SYNMRJMON,RC-SYNTHETIC MARIJUANA - PAST MONTH USE,RECODED EMERGING ISSUES,Recodificada,2,0.0,Categórica
SYNSTMFLAG,RC-SYNTHETIC STIMULANTS - EVER USED,RECODED EMERGING ISSUES,Recodificada,2,0.0,Categórica
SYNSTMYR,RC-SYNTHETIC STIMULANTS - PAST YEAR USE,RECODED EMERGING ISSUES,Recodificada,2,0.0,Categórica
SYNSTMMON,RC-SYNTHETIC STIMULANTS - PAST MONTH USE,RECODED EMERGING ISSUES,Recodificada,2,0.0,Categórica
IMFFLAG,RC-ILLEGALLY MADE FENTANYL - EVER USED,RECODED EMERGING ISSUES,Recodificada,2,0.0,Categórica
IMFYR,RC-ILLEGALLY MADE FENTANYL - PAST YEAR USE,RECODED EMERGING ISSUES,Recodificada,2,0.0,Categórica
IMFMON,RC-ILLEGALLY MADE FENTANYL - PAST MONTH USE,RECODED EMERGING ISSUES,Recodificada,2,0.0,Categórica
IMFNEDFLAG,RC-EVER USED A NEEDLE TO INJECT IMF,RECODED EMERGING ISSUES,Recodificada,2,0.055,Categórica
ANYNEDFLAG,RC-EVER USED A NEEDLE TO INJECT DRUGS,RECODED EMERGING ISSUES,Recodificada,2,0.581,Categórica
ANYNEDYR,RC- USED A NEEDLE TO INJECT DRUGS - PAST YEAR,RECODED EMERGING ISSUES,Recodificada,2,0.564,Categórica
FPIMFANYYR2,RC-FENTANYL PRODUCTS INCLUDING IMF - ANY PAST YEAR USE,RECODED EMERGING ISSUES,Recodificada,2,0.0,Categórica
FPIMFNMYR,RC-FENTANYL PRODUCTS INCLUDING IMF - PAST YEAR MISUSE,RECODED EMERGING ISSUES,Recodificada,2,0.0,Categórica
OPIIMFNMYR2,RC-OPIOIDS (RX OPIOIDS OR HER) INCLUDING IMF - PST YR MISUSE,RECODED EMERGING ISSUES,Recodificada,2,0.0,Categórica
OPIIMFNMMN2,RC-OPIOIDS (RX OPIOIDS OR HER) INCLUDING IMF - PST MO MISUSE,RECODED EMERGING ISSUES,Recodificada,2,0.0,Categórica
ILIMFOTHFG,"RC-ILLICIT DRUG, IMF, OR OTHER SUB - EVER USED",RECODED EMERGING ISSUES,Recodificada,2,0.0,Categórica
ILIMFOTHYR,"RC-ILLICIT DRUG, IMF, OR OTHER SUB - PAST YEAR USE",RECODED EMERGING ISSUES,Recodificada,2,0.0,Categórica
ILIMFOTHMN,"RC-ILLICIT DRUG, IMF, OR OTHER SUB - PAST MONTH USE",RECODED EMERGING ISSUES,Recodificada,2,0.0,Categórica
