IRAMDEYR_accuracy,IRAMDEYR_bce,IRAMDEYR_f2,IRAMDEYR_false_negatives,IRAMDEYR_false_positives,IRAMDEYR_loss,IRAMDEYR_pr_auc,IRAMDEYR_precision,IRAMDEYR_recall,IRAMDEYR_roc_auc,IRSUICTHNK_accuracy,IRSUICTHNK_bce,IRSUICTHNK_f2,IRSUICTHNK_false_negatives,IRSUICTHNK_false_positives,IRSUICTHNK_loss,IRSUICTHNK_pr_auc,IRSUICTHNK_precision,IRSUICTHNK_recall,IRSUICTHNK_roc_auc,IRSUIPLANYR_accuracy,IRSUIPLANYR_bce,IRSUIPLANYR_f2,IRSUIPLANYR_false_negatives,IRSUIPLANYR_false_positives,IRSUIPLANYR_loss,IRSUIPLANYR_pr_auc,IRSUIPLANYR_precision,IRSUIPLANYR_recall,IRSUIPLANYR_roc_auc,IRSUITRYYR_accuracy,IRSUITRYYR_bce,IRSUITRYYR_f2,IRSUITRYYR_false_negatives,IRSUITRYYR_false_positives,IRSUITRYYR_loss,IRSUITRYYR_pr_auc,IRSUITRYYR_precision,IRSUITRYYR_recall,IRSUITRYYR_roc_auc,loss,val_IRAMDEYR_accuracy,val_IRAMDEYR_bce,val_IRAMDEYR_f2,val_IRAMDEYR_false_negatives,val_IRAMDEYR_false_positives,val_IRAMDEYR_loss,val_IRAMDEYR_pr_auc,val_IRAMDEYR_precision,val_IRAMDEYR_recall,val_IRAMDEYR_roc_auc,val_IRSUICTHNK_accuracy,val_IRSUICTHNK_bce,val_IRSUICTHNK_f2,val_IRSUICTHNK_false_negatives,val_IRSUICTHNK_false_positives,val_IRSUICTHNK_loss,val_IRSUICTHNK_pr_auc,val_IRSUICTHNK_precision,val_IRSUICTHNK_recall,val_IRSUICTHNK_roc_auc,val_IRSUIPLANYR_accuracy,val_IRSUIPLANYR_bce,val_IRSUIPLANYR_f2,val_IRSUIPLANYR_false_negatives,val_IRSUIPLANYR_false_positives,val_IRSUIPLANYR_loss,val_IRSUIPLANYR_pr_auc,val_IRSUIPLANYR_precision,val_IRSUIPLANYR_recall,val_IRSUIPLANYR_roc_auc,val_IRSUITRYYR_accuracy,val_IRSUITRYYR_bce,val_IRSUITRYYR_f2,val_IRSUITRYYR_false_negatives,val_IRSUITRYYR_false_positives,val_IRSUITRYYR_loss,val_IRSUITRYYR_pr_auc,val_IRSUITRYYR_precision,val_IRSUITRYYR_recall,val_IRSUITRYYR_roc_auc,val_loss,epoca
0.3777543008327484,0.8988803029060364,0.3839287757873535,739.0,18097.0,0.0536610968410968,0.1563613265752792,0.1266348212957382,0.7802557349205017,0.5974060297012329,0.2474645674228668,0.9350162744522096,0.288216769695282,330.0,22450.0,0.035286609083414,0.096705324947834,0.0789743587374687,0.8536585569381714,0.5749027132987976,0.7807802557945251,0.5103031992912292,0.1727906465530395,437.0,6199.0,0.0157509613782167,0.0507989190518856,0.0508344806730747,0.4317295253276825,0.643545389175415,0.6357900500297546,0.6353434920310974,0.063183456659317,180.0,10845.0,0.0051455534994602,0.0152075532823801,0.0141805289313197,0.4642857015132904,0.5743067860603333,0.1133676916360855,0.8323202729225159,0.6431864500045776,0.2131266295909881,660.0,609.0,0.0343078710138797,0.1703133881092071,0.2242038249969482,0.2105263173580169,0.6085507869720459,0.8498942852020264,0.6404188871383667,0.1972611397504806,442.0,694.0,0.0240664407610893,0.1187236607074737,0.1484662592411041,0.2149200737476349,0.6241560578346252,0.8195031881332397,0.6224784255027771,0.1885406076908111,97.0,1269.0,0.0076418602839112,0.0506968274712562,0.0572065375745296,0.4425287246704101,0.7128536105155945,0.7082452178001404,0.6679867506027222,0.1199690252542495,22.0,2186.0,0.0034051968250423,0.0284271333366632,0.0275800712406635,0.738095223903656,0.7745913863182068,0.0726331993937492,1
0.6369462609291077,0.6531670689582825,0.4636964201927185,963.0,10027.0,0.0337142571806907,0.2485190629959106,0.1931278705596923,0.7136485576629639,0.7313177585601807,0.5858412384986877,0.6896575689315796,0.3359045386314392,757.0,11780.0,0.0239492524415254,0.1622791588306427,0.1128181964159011,0.6643015742301941,0.6808773875236511,0.7384625673294067,0.5814217925071716,0.2198929339647293,276.0,7641.0,0.0096424706280231,0.075718805193901,0.0606097877025604,0.6410923004150391,0.7431046366691589,0.6262759566307068,0.6505852937698364,0.0858217552304267,117.0,11196.0,0.003899639705196,0.0266137924045324,0.0191852822899818,0.6517857313156128,0.6996033787727356,0.0745393186807632,0.8619186282157898,0.5747045874595642,0.4566367864608764,439.0,606.0,0.0301169622689485,0.3529330193996429,0.3958125710487366,0.4748803973197937,0.794074535369873,0.7696881890296936,0.6275292038917542,0.4144385159015655,222.0,1521.0,0.0208306089043617,0.2095970660448074,0.1831364184617996,0.6056838631629944,0.7648252844810486,0.7807875275611877,0.6475210785865784,0.2290711998939514,64.0,1595.0,0.0070073967799544,0.0822179615497589,0.0645161271095275,0.6321839094161987,0.7742418646812439,0.6956923604011536,0.6479969024658203,0.1333827078342437,12.0,2291.0,0.0031586857512593,0.0408381223678588,0.0304697416722774,0.8571428656578064,0.807811439037323,0.0642174556851387,2
0.7175183892250061,0.5799124836921692,0.5406995415687561,791.0,7760.0,0.0289030577987432,0.305522471666336,0.2489353418350219,0.764793336391449,0.8014232516288757,0.6847147345542908,0.6315039992332458,0.3988662362098694,707.0,8837.0,0.0215925257652997,0.1954139322042465,0.1490611433982849,0.6864745020866394,0.7462806105613708,0.7194344401359558,0.5940543413162231,0.2141889184713363,263.0,8230.0,0.0086927935481071,0.0710660368204116,0.0579212456941604,0.6579973697662354,0.7478190064430237,0.6514816284179688,0.6261495351791382,0.0992854684591293,97.0,10453.0,0.0036090381909161,0.0312727428972721,0.0223531611263752,0.711309552192688,0.7363991141319275,0.0660518556833267,0.797700822353363,0.5349947810173035,0.6136745810508728,179.0,1352.0,0.0241100583225488,0.4210268855094909,0.3270283639431,0.7858851552009583,0.8652359247207642,0.7589852213859558,0.6103853583335876,0.4271889925003052,201.0,1623.0,0.020084535703063,0.2432456463575363,0.1823677569627761,0.6429840326309204,0.7796067595481873,0.795850932598114,0.6288990378379822,0.2542372643947601,57.0,1488.0,0.0065913097932934,0.0971855819225311,0.07289719581604,0.6724137663841248,0.8124356865882874,0.7160412073135376,0.6071832180023193,0.1377410441637039,14.0,2135.0,0.0028872729744762,0.0591886341571807,0.0317460335791111,0.8333333134651184,0.8332903981208801,0.0567611791193485,3
0.7360510230064392,0.5472071170806885,0.5744897723197937,666.0,7324.0,0.0265993569046258,0.3496931791305542,0.2691348195075989,0.8019625544548035,0.8307029604911804,0.7047669291496277,0.611670732498169,0.4214762151241302,663.0,8274.0,0.0208992939442396,0.2082598060369491,0.1613622605800628,0.7059866786003113,0.7662326097488403,0.7296422123908997,0.582735538482666,0.2341252416372299,227.0,7957.0,0.0080001531168818,0.0803929269313812,0.0637722089886665,0.7048114538192749,0.7735476493835449,0.6692213416099548,0.614366352558136,0.1010012924671173,104.0,9909.0,0.0036817055661231,0.0388037338852882,0.0228774286806583,0.6904761791229248,0.7432976365089417,0.0623496398329734,0.6939746141433716,0.6039658784866333,0.6085319519042969,60.0,2256.0,0.0242132414132356,0.4357149004936218,0.2559366822242737,0.9282296895980836,0.8720535039901733,0.6382135152816772,0.6725028157234192,0.4340115487575531,98.0,2640.0,0.0202270951122045,0.2412687391042709,0.1497584581375122,0.825932502746582,0.7901227474212646,0.6855179667472839,0.6269302368164062,0.2342285811901092,24.0,2356.0,0.0063678757287561,0.0932752639055252,0.0598563440144062,0.8620689511299133,0.8356483578681946,0.6037262082099915,0.6926855444908142,0.1102616712450981,9.0,2990.0,0.0030894838273525,0.0672697573900222,0.0244698207825422,0.8928571343421936,0.83150714635849,0.056983720511198,4
0.7460275292396545,0.5307314991950989,0.5965993404388428,577.0,7111.0,0.0259408131241798,0.3604129254817962,0.281499445438385,0.8284270167350769,0.842195451259613,0.7173532247543335,0.6037440896034241,0.4350638389587402,641.0,7915.0,0.0205042511224746,0.227689653635025,0.1693776845932006,0.7157427668571472,0.7749777436256409,0.7256450057029724,0.5807068347930908,0.2289847433567047,234.0,8071.0,0.0077873351983726,0.0909801498055458,0.0621659308671951,0.695708692073822,0.7766637802124023,0.6883155703544617,0.6091452240943909,0.1107348576188087,94.0,9341.0,0.0034175687469542,0.0400795117020607,0.0252530518919229,0.7202380895614624,0.7570091485977173,0.0606910921633243,0.7079809904098511,0.568322479724884,0.6127999424934387,70.0,2140.0,0.023080687969923,0.4663116633892059,0.2635925710201263,0.9162679314613342,0.8756781220436096,0.6586945056915283,0.6448294520378113,0.4350347518920898,113.0,2470.0,0.0196964554488658,0.260434091091156,0.1541095823049545,0.7992895245552063,0.7980098724365234,0.6734936833381653,0.6116682291030884,0.2305125594139099,22.0,2449.0,0.0062739676795899,0.1051924601197242,0.0584390610456466,0.8735632300376892,0.8447650074958801,0.6614693403244019,0.642824649810791,0.1249155774712562,10.0,2552.0,0.0028729455079883,0.0830493345856666,0.0281797405332326,0.8809523582458496,0.8497476577758789,0.0549844987690448,5
0.750817596912384,0.5195856094360352,0.6021268367767334,566.0,6977.0,0.0246432367712259,0.3903172612190246,0.2861673831939697,0.8316978812217712,0.8533152341842651,0.7198638916015625,0.6001067161560059,0.4415338635444641,620.0,7860.0,0.0201340038329362,0.2359096854925155,0.1721958965063095,0.725055456161499,0.7825687527656555,0.7465891242027283,0.5747389197349548,0.249052494764328,217.0,7454.0,0.0072908219881355,0.1022992059588432,0.0689482912421226,0.7178153395652771,0.8004152178764343,0.7129265666007996,0.6000183820724487,0.1174331530928611,97.0,8593.0,0.0033629345707595,0.048202596604824,0.0270606875419616,0.711309552192688,0.771324634552002,0.0585795864462852,0.7519820332527161,0.5060533881187439,0.6410038471221924,80.0,1797.0,0.0216643158346414,0.4609039723873138,0.2961222231388092,0.9043062329292296,0.8844170570373535,0.7102272510528564,0.6240088939666748,0.44993656873703,137.0,2056.0,0.0195887610316276,0.2649828493595123,0.1716357767581939,0.7566607594490051,0.7974662780761719,0.7164376378059387,0.6054467558860779,0.2496626079082489,26.0,2120.0,0.0061801131814718,0.1073788404464721,0.065255731344223,0.8505747318267822,0.8416808247566223,0.6276426911354065,0.6507584452629089,0.1164596155285835,9.0,2809.0,0.002903284272179,0.0784261375665664,0.0260055474936962,0.8928571343421936,0.8490955233573914,0.0533643998205661,6
0.7638994455337524,0.5109903216362,0.6124057769775391,567.0,6580.0,0.0242584012448787,0.3945501744747162,0.2982081770896911,0.8314005136489868,0.8582665324211121,0.7362492084503174,0.5906702280044556,0.4541419446468353,618.0,7366.0,0.0195618402212858,0.2542544901371002,0.1818282753229141,0.7259423732757568,0.7956077456474304,0.75217205286026,0.5682671666145325,0.2516731917858124,220.0,7282.0,0.007322403602302,0.0976966693997383,0.070105992257595,0.713914155960083,0.7943200469017029,0.7142479419708252,0.5981670022010803,0.1188362687826156,95.0,8555.0,0.0033649480901658,0.0439360663294792,0.0273988172411918,0.7172619104385376,0.7732961773872375,0.0575886890292167,0.5983086824417114,0.6360657215118408,0.5633900761604309,29.0,3011.0,0.0253133438527584,0.4645768404006958,0.2113672047853469,0.9653109908103944,0.8860860466957092,0.5635570883750916,0.7002806663513184,0.4088471531867981,75.0,3228.0,0.0206873193383216,0.2538996636867523,0.1313240081071853,0.8667851090431213,0.8024091720581055,0.5901162624359131,0.7015371918678284,0.2028397470712661,14.0,3088.0,0.0068570156581699,0.101478673517704,0.0492610819637775,0.9195402264595032,0.8430620431900024,0.5306553840637207,0.7021995782852173,0.0972713455557823,7.0,3545.0,0.0030980238225311,0.0721517652273178,0.0212589725852012,0.9166666865348816,0.8467587232589722,0.0589717924594879,7
0.7619833946228027,0.5077376961708069,0.6169425249099731,530.0,6675.0,0.0238358918577432,0.4161182045936584,0.2979596257209778,0.8424026370048523,0.8630598187446594,0.7374715209007263,0.5897279977798462,0.4566666483879089,611.0,7336.0,0.019484207034111,0.2555188834667206,0.183073490858078,0.7290465831756592,0.7984802722930908,0.7469855546951294,0.5746371746063232,0.2602480947971344,190.0,7469.0,0.0070400247350335,0.1035663336515426,0.0719433426856994,0.7529258728027344,0.813515305519104,0.7167255878448486,0.592876136302948,0.1230280697345733,88.0,8487.0,0.0030980047304183,0.054766945540905,0.0283915288746356,0.738095223903656,0.798981249332428,0.0565017275512218,0.7974365949630737,0.4705089628696441,0.6520944237709045,123.0,1410.0,0.0211285948753356,0.4967031478881836,0.3358455002307892,0.8528708219528198,0.8905752897262573,0.773784339427948,0.5715635418891907,0.4556383490562439,184.0,1528.0,0.0193914379924535,0.2658790647983551,0.1987414807081222,0.6731793880462646,0.8006808757781982,0.8040433526039124,0.5460056662559509,0.2791315615177154,48.0,1435.0,0.0060483240522444,0.1163666248321533,0.0807174891233444,0.7241379022598267,0.841402530670166,0.7984936833381653,0.5667014122009277,0.1606108248233795,23.0,1502.0,0.0027560456655919,0.0814019367098808,0.0390275120735168,0.726190447807312,0.8495838642120361,0.0523323342204093,8
0.7659806609153748,0.5023288130760193,0.6254638433456421,498.0,6586.0,0.0234243776649236,0.4232520461082458,0.3031425178050995,0.8519179224967957,0.8669023513793945,0.7394536137580872,0.5875117778778076,0.4597860872745514,604.0,7283.0,0.0193450134247541,0.2568637132644653,0.1847996413707733,0.7321507930755615,0.7993313074111938,0.7634369730949402,0.5580143332481384,0.2661381363868713,205.0,6956.0,0.0069230301305651,0.1119998693466186,0.0750000029802322,0.7334200143814087,0.8141334652900696,0.7143800854682922,0.5925236940383911,0.1170023530721664,99.0,8547.0,0.0032635477837175,0.0529760122299194,0.0269808750599622,0.7053571343421936,0.7749431133270264,0.0560564436018466,0.7696881890296936,0.5219356417655945,0.6520605087280273,86.0,1657.0,0.0215152520686388,0.4903246760368347,0.3115911781787872,0.8971291780471802,0.888276219367981,0.7519820332527161,0.6019128561019897,0.4655408263206482,155.0,1722.0,0.0191163849085569,0.2789099812507629,0.1915493011474609,0.7246891856193542,0.805512547492981,0.7770877480506897,0.5618413090705872,0.2704884707927704,40.0,1647.0,0.0059496029280126,0.1177698969841003,0.0752386301755905,0.7701149582862854,0.8469204306602478,0.7550211548805237,0.605353593826294,0.1558325737714767,14.0,1840.0,0.0027274300809949,0.0865301191806793,0.036649215966463,0.8333333134651184,0.8566434383392334,0.0522865168750286,9
0.766575276851654,0.5038560628890991,0.6207002401351929,530.0,6536.0,0.0231527183204889,0.4332195520401001,0.3023802042007446,0.8424026370048523,0.8697446584701538,0.7455320358276367,0.5820631980895996,0.4693464636802673,583.0,7120.0,0.0189531799405813,0.2721479833126068,0.1901728808879852,0.7414634227752686,0.8087156414985657,0.7638333439826965,0.5577266216278076,0.2706525325775146,195.0,6954.0,0.0067856614477932,0.1120819225907325,0.0762486681342125,0.7464239001274109,0.8236517310142517,0.7308645248413086,0.5830661654472351,0.1304482817649841,84.0,8063.0,0.0031048781238496,0.0680260807275772,0.0303066745400428,0.75,0.8019934892654419,0.0549803152680397,0.733483076095581,0.5284059047698975,0.6372469067573547,62.0,1955.0,0.0214475095272064,0.4904814958572387,0.2836203873157501,0.9258373379707336,0.8923858404159546,0.6569767594337463,0.647337794303894,0.434740662574768,112.0,2484.0,0.0195800494402647,0.2784019112586975,0.153662696480751,0.8010657429695129,0.8074320554733276,0.6608086824417114,0.6583174467086792,0.2280081957578659,19.0,2548.0,0.0064345831051468,0.1125703230500221,0.0573436915874481,0.8908045887947083,0.8468636274337769,0.6464059352874756,0.6593274474143982,0.120286077260971,10.0,2666.0,0.0028792829252779,0.0838929042220115,0.0270072985440492,0.8809523582458496,0.8520923852920532,0.0533106960356235,10
0.7664761543273926,0.5019928812980652,0.629632830619812,475.0,6594.0,0.0228763259947299,0.4350197911262512,0.3045770823955536,0.8587570786476135,0.8723518252372742,0.7409401535987854,0.584016740322113,0.4675237536430359,575.0,7267.0,0.0191210471093654,0.2698044776916504,0.1877724379301071,0.7450110912322998,0.8057963252067566,0.7610584497451782,0.5556809306144714,0.2751865684986114,179.0,7054.0,0.0070036533288657,0.1204501464962959,0.077184721827507,0.7672301530838013,0.8194755911827087,0.7426249384880066,0.5777875781059265,0.1344230473041534,86.0,7705.0,0.0032359780743718,0.0532479025423526,0.0314267762005329,0.7440476417541504,0.7988038659095764,0.0549273192882537,0.8315274715423584,0.4204999804496765,0.6423099040985107,182.0,1093.0,0.0226934626698493,0.497662603855133,0.3743560314178467,0.7822966575622559,0.8891775608062744,0.7851479649543762,0.5422693490982056,0.4562268257141113,193.0,1433.0,0.0194897837936878,0.2822412550449371,0.2052135318517685,0.6571936011314392,0.8065381050109863,0.7818446159362793,0.5577056407928467,0.2671598494052887,44.0,1607.0,0.0060505275614559,0.1164148449897766,0.0748416781425476,0.7471264600753784,0.8407018184661865,0.749867856502533,0.5606679916381836,0.1490574181079864,16.0,1877.0,0.0027022396679967,0.0922722592949867,0.0349614396691322,0.8095238208770752,0.8544514179229736,0.053941611200571,11
0.7654851078987122,0.5010889172554016,0.6291362047195435,473.0,6626.0,0.0230108387768268,0.4401934146881103,0.3036990463733673,0.8593517541885376,0.8722352981567383,0.7403785586357117,0.5862804055213928,0.4673078656196594,574.0,7285.0,0.0190535616129636,0.2712443172931671,0.1874860525131225,0.7454545497894287,0.8071621656417847,0.7418981790542603,0.5685434341430664,0.2594757080078125,183.0,7630.0,0.0066569712944328,0.1110007241368293,0.0713242441415786,0.7620286345481873,0.8222549557685852,0.7102177143096924,0.5942472219467163,0.1243684291839599,80.0,8692.0,0.0030282330699265,0.0537431687116622,0.0286097452044487,0.761904776096344,0.8089236617088318,0.0547686256468296,0.7925475835800171,0.4885709881782532,0.6577520370483398,108.0,1462.0,0.0212925672531127,0.4954037368297577,0.3324200809001922,0.8708133697509766,0.8904898762702942,0.772066593170166,0.5665086507797241,0.4678570926189422,170.0,1555.0,0.0191052034497261,0.2818631529808044,0.2017453759908676,0.6980462074279785,0.8087477087974548,0.7784090638160706,0.5317899584770203,0.2661519646644592,43.0,1634.0,0.0058792438358068,0.1287465691566467,0.0742209628224372,0.7528735399246216,0.8502358198165894,0.8138213753700256,0.5624437928199768,0.1710599809885025,23.0,1386.0,0.0027300755027681,0.0887437462806701,0.0421561859548091,0.726190447807312,0.8542772531509399,0.0519448891282081,12
0.7680287957191467,0.4996765255928039,0.63255774974823,465.0,6557.0,0.0226424429565668,0.4447285830974579,0.306504487991333,0.8617305755615234,0.8750035166740417,0.7553103566169739,0.5776206254959106,0.4805061221122741,569.0,6838.0,0.0188696980476379,0.2836849689483642,0.1977944672107696,0.7476718425750732,0.8116852641105652,0.7600343823432922,0.555799126625061,0.2818206548690796,161.0,7103.0,0.00663119321689,0.1122408956289291,0.0788483992218971,0.790637195110321,0.8298635482788086,0.7449043393135071,0.5730769038200378,0.1364522278308868,84.0,7638.0,0.0030957125127315,0.0607419647276401,0.0319391638040542,0.75,0.814201831817627,0.0541019514203071,0.680232584476471,0.5745990872383118,0.6075268387794495,45.0,2375.0,0.0227661319077014,0.4839596450328827,0.2498420774936676,0.9461722373962402,0.8902155756950378,0.5942124724388123,0.6860495209693909,0.4232111275196075,78.0,2993.0,0.0201188288629055,0.2728990614414215,0.1394479572772979,0.8614564538002014,0.8071277737617493,0.6076902747154236,0.6662473082542419,0.2075124531984329,16.0,2953.0,0.0064140153117477,0.1207146942615509,0.0507875271141529,0.9080459475517272,0.8537467122077942,0.6172040104866028,0.6755627989768982,0.1122232154011726,10.0,2887.0,0.0029186978936195,0.0785076990723609,0.0249915570020675,0.8809523582458496,0.856194019317627,0.0551411770284175,13
0.7638994455337524,0.4991558492183685,0.6336624622344971,437.0,6710.0,0.0227446500211954,0.4426450133323669,0.3036529719829559,0.8700565099716187,0.8741775751113892,0.7468864321708679,0.5801048278808594,0.4774855375289917,552.0,7110.0,0.0186865162104368,0.2818255424499511,0.1932372599840164,0.7552106380462646,0.8146682977676392,0.7534934282302856,0.5558210015296936,0.2698383331298828,178.0,7284.0,0.0065548927523195,0.1253916025161743,0.0750476196408271,0.768530547618866,0.8301808834075928,0.7297083139419556,0.584134042263031,0.1329074501991272,78.0,8104.0,0.002974750008434,0.0601982213556766,0.0308538619428873,0.7678571343421936,0.8174653053283691,0.0539238527417182,0.8136892318725586,0.4518373906612396,0.6525839567184448,144.0,1266.0,0.021368971094489,0.4976937472820282,0.3534218668937683,0.8277512192726135,0.8924121856689453,0.8017970323562622,0.5666451454162598,0.464641273021698,199.0,1301.0,0.0192169938236475,0.2787957191467285,0.2186186164617538,0.6465364098548889,0.8086522817611694,0.8113107681274414,0.5442630648612976,0.2840908765792846,49.0,1379.0,0.0059809335507452,0.1301551461219787,0.0831117033958435,0.7183908224105835,0.8424215316772461,0.8039112091064453,0.5762014389038086,0.1840981841087341,15.0,1469.0,0.0026826923713088,0.0944719240069389,0.0448634587228298,0.8214285969734192,0.86503666639328,0.0521432384848594,14
0.7667074203491211,0.4975105226039886,0.6374614834785461,428.0,6634.0,0.0223743971437215,0.4505175352096557,0.3067196011543274,0.8727326989173889,0.8768675923347473,0.7521390318870544,0.5777572989463806,0.4778911471366882,569.0,6934.0,0.0186826344579458,0.2795390784740448,0.1955916434526443,0.7476718425750732,0.8177528381347656,0.7663440108299255,0.5493875741958618,0.2843914926052093,167.0,6906.0,0.0064618038013577,0.1144685670733451,0.080181136727333,0.7828348278999329,0.835640013217926,0.7456641793251038,0.5693928003311157,0.1398676931858062,78.0,7621.0,0.0029520986136049,0.062485571950674,0.0327452719211578,0.7678571343421936,0.8244738578796387,0.0534028336405754,0.706131100654602,0.5746133327484131,0.6228181719779968,51.0,2173.0,0.0225296691060066,0.4924153983592987,0.2653820216655731,0.9389952421188354,0.8889421820640564,0.7295190095901489,0.5907934904098511,0.4624781608581543,139.0,1908.0,0.0189570449292659,0.2793661057949066,0.1818181872367859,0.7531083226203918,0.8114110827445984,0.7469608783721924,0.5616248846054077,0.252674251794815,37.0,1878.0,0.005908868741244,0.130274698138237,0.0679900720715522,0.7873563170433044,0.8485434055328369,0.770348846912384,0.5644568800926208,0.1643192172050476,14.0,1724.0,0.0026722056791186,0.0932595878839492,0.0390189513564109,0.8333333134651184,0.8580073714256287,0.0529721267521381,15
0.7707046270370483,0.495696485042572,0.6367614269256592,453.0,6488.0,0.0223747137933969,0.4490836560726166,0.3096403479576111,0.865298867225647,0.8772407174110413,0.7479766011238098,0.5754672884941101,0.4795058369636535,547.0,7082.0,0.0185230430215597,0.286164790391922,0.19431172311306,0.7574279308319092,0.8179754018783569,0.7608271837234497,0.5473589301109314,0.2824490964412689,161.0,7079.0,0.0064132804982364,0.1214318722486496,0.0790945738554,0.790637195110321,0.8365501761436462,0.7469525337219238,0.5625743269920349,0.1420021653175354,75.0,7585.0,0.0028215725906193,0.0664853602647781,0.0332653596997261,0.7767857313156128,0.8376892805099487,0.0530511997640132,0.7965116500854492,0.4575590491294861,0.6546317338943481,118.0,1422.0,0.0211061351001262,0.4966408014297485,0.3355140089988708,0.8588516712188721,0.8920201659202576,0.7875264286994934,0.5488937497138977,0.4703274667263031,181.0,1427.0,0.0190931633114814,0.2854554057121277,0.2111663967370987,0.6785079836845398,0.81435227394104,0.8041754961013794,0.5089505910873413,0.2871024310588836,44.0,1438.0,0.0059550055302679,0.137891337275505,0.0829081609845161,0.7471264600753784,0.8502155542373657,0.8224101662635803,0.5172531008720398,0.1882966160774231,19.0,1325.0,0.0026288079097867,0.0960587561130523,0.0467625893652439,0.773809552192688,0.8674991130828857,0.0516829900443553,16
0.7730831503868103,0.4922537505626678,0.6417112350463867,435.0,6434.0,0.0220739617943763,0.4560873508453369,0.312753677368164,0.8706511855125427,0.8817312717437744,0.7482078671455383,0.5739116668701172,0.4817349910736084,538.0,7084.0,0.0185677409172058,0.2882870435714721,0.1950914710760116,0.7614190578460693,0.8198575973510742,0.7619833946228027,0.5431328415870667,0.2841967642307281,159.0,7046.0,0.0062496131286025,0.1381440311670303,0.0796760693192482,0.7932379841804504,0.846337080001831,0.7562683820724487,0.554459810256958,0.1480816602706909,72.0,7306.0,0.0028391906525939,0.0697659850120544,0.0348745062947273,0.7857142686843872,0.8363122344017029,0.0525676347315311,0.8084037899971008,0.4489242434501648,0.6525391936302185,137.0,1313.0,0.0211464203894138,0.5025997757911682,0.3474155068397522,0.8361244201660156,0.8931962847709656,0.7945296168327332,0.5591393709182739,0.4663991630077362,191.0,1364.0,0.0191046260297298,0.285645842552185,0.2142857164144516,0.6607459783554077,0.8118346929550171,0.8048361539840698,0.5292851328849792,0.2779012620449066,49.0,1428.0,0.0060030980966985,0.1486565619707107,0.0804893746972084,0.7183908224105835,0.845841109752655,0.8152748346328735,0.5355959534645081,0.1773648262023925,21.0,1377.0,0.0026745011564344,0.0915377959609031,0.0437499992549419,0.75,0.860927164554596,0.0517863556742668,17
0.7772455215454102,0.4938282668590545,0.6395348906517029,470.0,6273.0,0.022540871053934,0.4580160975456238,0.3156229555606842,0.8602438569068909,0.8797876238822937,0.7516434788703918,0.5693064332008362,0.4790875911712646,562.0,6956.0,0.0185675248503685,0.2848775088787079,0.1957451701164245,0.7507760524749756,0.8199117183685303,0.7662779688835144,0.539544403553009,0.2835002541542053,169.0,6906.0,0.0062721646390855,0.1280145049095153,0.0799360498785972,0.7802340984344482,0.8431227207183838,0.7566978335380554,0.5503236055374146,0.1430018842220306,82.0,7283.0,0.0028347226325422,0.0674483403563499,0.0337004102766513,0.7559523582458496,0.8400165438652039,0.0527620017528533,0.7571353316307068,0.4917256832122803,0.652839183807373,68.0,1770.0,0.0210395269095897,0.5022053122520447,0.3026004731655121,0.918660283088684,0.8926351070404053,0.7289904952049255,0.599500298500061,0.4620749056339264,139.0,1912.0,0.018853859975934,0.2813175022602081,0.1815068423748016,0.7531083226203918,0.8143067359924316,0.7237050533294678,0.5950366258621216,0.2512908577919006,28.0,2063.0,0.0060882861725986,0.1407894045114517,0.0660932585597038,0.8390804529190063,0.8535205125808716,0.6988636255264282,0.5905758142471313,0.1345794200897216,12.0,2267.0,0.0026944151613861,0.0974108576774597,0.0307823847979307,0.8571428656578064,0.8646063208580017,0.0515202544629573,18
0.77338045835495,0.4972986280918121,0.6398437023162842,448.0,6412.0,0.0220447164028882,0.4706194996833801,0.3125334978103637,0.8667855858802795,0.8813417553901672,0.7458953857421875,0.5760677456855774,0.4760037660598755,555.0,7137.0,0.018393475562334,0.2932789623737335,0.192372977733612,0.7538802623748779,0.8218706250190735,0.7614548802375793,0.5337108373641968,0.2866567373275757,152.0,7069.0,0.0060388268902897,0.1359421163797378,0.0802758261561393,0.8023406863212585,0.8535392880439758,0.750817596912384,0.5534954071044922,0.1459090262651443,71.0,7472.0,0.0027888361364603,0.0886294469237327,0.0342510007321834,0.788690447807312,0.8420291543006897,0.0521530658006668,0.8222780227661133,0.4509221613407135,0.6479522585868835,162.0,1183.0,0.0215571168810129,0.5064582824707031,0.3629510104656219,0.8062201142311096,0.8922481536865234,0.8036469221115112,0.5283372402191162,0.4642215371131897,201.0,1285.0,0.0194083712995052,0.2859280407428741,0.2197935581207275,0.6429840326309204,0.812713623046875,0.8613900542259216,0.4395389258861542,0.3144128918647766,61.0,988.0,0.0062222839333117,0.1369565427303314,0.1026339679956436,0.6494252681732178,0.8488783240318298,0.8821353316307068,0.4451854526996612,0.2119999527931213,31.0,861.0,0.0028539213817566,0.090823657810688,0.0579868704080581,0.6309523582458496,0.8611609935760498,0.0528727993369102,19
0.7740741968154907,0.4942665994167328,0.6410875916481018,444.0,6395.0,0.0220142975449562,0.4590377807617187,0.3133991956710815,0.8679749965667725,0.8815149068832397,0.749529242515564,0.5708673000335693,0.4819107055664062,542.0,7040.0,0.0183294080197811,0.2896286249160766,0.1957043260335922,0.7596452236175537,0.8218140602111816,0.7638664245605469,0.5281288027763367,0.2886144518852234,152.0,6996.0,0.006110840011388,0.1333705782890319,0.0810455828905105,0.8023406863212585,0.8516122102737427,0.7563014030456543,0.5405246019363403,0.1517866849899292,65.0,7312.0,0.002683465136215,0.084472082555294,0.0357378348708152,0.8065476417541504,0.8532004356384277,0.0520722195506095,0.8673361539840698,0.4095089733600616,0.5970958471298218,285.0,719.0,0.0251185353845357,0.5081207156181335,0.4338582754135132,0.6590909361839294,0.887705385684967,0.875,0.4087922275066376,0.4146881699562073,301.0,645.0,0.0246403645724058,0.2857149839401245,0.2888643741607666,0.4653641283512115,0.8083339333534241,0.913715660572052,0.3148022294044494,0.3321032524108886,84.0,569.0,0.0084287095814943,0.1437806636095047,0.1365705579519271,0.517241358757019,0.8478479981422424,0.9384249448776244,0.2971900999546051,0.2618453502655029,42.0,424.0,0.0038798041641712,0.0905539393424987,0.0901287570595741,0.5,0.869527280330658,0.0648360177874565,20
0.7768491506576538,0.4901578724384308,0.6464037299156189,426.0,6329.0,0.0218276716768741,0.4698576927185058,0.316965252161026,0.873327374458313,0.8841812610626221,0.7512801289558411,0.5696772336959839,0.4838072657585144,540.0,6989.0,0.0183447245508432,0.2971812486648559,0.1970358490943908,0.7605321407318115,0.8243283629417419,0.7675663232803345,0.5304271578788757,0.2845489680767059,169.0,6867.0,0.0061843274161219,0.1409147083759308,0.080353558063507,0.7802340984344482,0.8482943773269653,0.7586469054222107,0.5408672094345093,0.1508815437555313,69.0,7237.0,0.0027953977696597,0.0654214695096015,0.0355810225009918,0.7946428656578064,0.8425315022468567,0.0519118718802928,0.8167283535003662,0.4416684210300445,0.6477078199386597,155.0,1232.0,0.022210968658328,0.4991394281387329,0.3559853732585907,0.8145933151245117,0.8888615369796753,0.3913847804069519,0.7478268146514893,0.3608807623386383,32.0,4574.0,0.0216723382472991,0.2755466997623443,0.1040156707167625,0.9431616067886353,0.8067469000816345,0.2780126929283142,0.8044131398200989,0.1328693330287933,6.0,5458.0,0.0079834414646029,0.13156358897686,0.029861357063055,0.9655172228813172,0.836378276348114,0.1482558101415634,0.9143511056900024,0.0597493350505828,2.0,6444.0,0.0042738826014101,0.095347836613655,0.012565123848617,0.976190447807312,0.8662853837013245,0.0589378327131271,21
0.7755277156829834,0.4881740808486938,0.6475467085838318,412.0,6383.0,0.0218772795051336,0.464772492647171,0.3161559998989105,0.8774903416633606,0.8842059373855591,0.7493640780448914,0.5693498849868774,0.4881125688552856,514.0,7073.0,0.0182045474648475,0.2951803803443908,0.1975266635417938,0.7720620632171631,0.826984167098999,0.7671038508415222,0.5250411629676819,0.2942008078098297,145.0,6905.0,0.0060666413046419,0.1445630490779876,0.0828795358538627,0.8114434480667114,0.854511559009552,0.7685243487358093,0.5375093221664429,0.1561585962772369,69.0,6938.0,0.0027145100757479,0.0767964646220207,0.0370575971901416,0.7946428656578064,0.8529457449913025,0.0516136363148689,0.7437896132469177,0.4892075955867767,0.6436800360679626,65.0,1874.0,0.0212240759283304,0.5078966021537781,0.2914933860301971,0.9222487807273864,0.8939822316169739,0.7165697813034058,0.5673531889915466,0.4527978599071502,139.0,2006.0,0.019038189202547,0.2821832597255707,0.1744855940341949,0.7531083226203918,0.8132421374320984,0.7235729098320007,0.5330997109413147,0.2481047213077545,30.0,2062.0,0.0060430304147303,0.1322667151689529,0.0652765184640884,0.8275862336158752,0.8493913412094116,0.7603065371513367,0.517176628112793,0.1565335541963577,15.0,1799.0,0.0026408312842249,0.0952687859535217,0.0369378998875618,0.8214285969734192,0.8636487722396851,0.0517131760716438,22
0.7749330997467041,0.4881324768066406,0.648659348487854,402.0,6411.0,0.0216406174004077,0.4742951989173889,0.3159410953521728,0.8804638981819153,0.8853334784507751,0.7408741116523743,0.5693966746330261,0.4847430884838104,498.0,7346.0,0.01809605024755,0.2945835292339325,0.1930132955312729,0.7791574001312256,0.8279145359992981,0.7547487616539001,0.5289273858070374,0.2821587920188904,150.0,7274.0,0.0060605495236814,0.1459430009126663,0.0784239172935485,0.8049414753913879,0.8525015711784363,0.759109377861023,0.540183424949646,0.1521837264299392,67.0,7225.0,0.0027382366824895,0.0810417085886001,0.0358953811228275,0.800595223903656,0.8494793176651001,0.0513631291687488,0.7818446159362793,0.4814898073673248,0.6554904580116272,97.0,1554.0,0.0209951568394899,0.5029773116111755,0.3222852051258087,0.8839712738990784,0.8924791812896729,0.7813160419464111,0.5291776061058044,0.4669260382652282,179.0,1476.0,0.0192932207137346,0.2868287265300751,0.2064516097307205,0.6820604205131531,0.8148641586303711,0.7987579107284546,0.4897299110889435,0.2877541780471802,41.0,1482.0,0.0059755146503448,0.1402723491191864,0.0823529437184333,0.7643678188323975,0.8525148034095764,0.8337737917900085,0.4796544313430786,0.1953601688146591,20.0,1238.0,0.0026265373453497,0.094593659043312,0.0491551458835601,0.761904776096344,0.8693617582321167,0.0516356006264686,23
0.7780383825302124,0.4850425720214844,0.6466125845909119,431.0,6288.0,0.0214559286832809,0.4858660101890564,0.3180043399333954,0.8718405961990356,0.8878711462020874,0.7516764998435974,0.5610166192054749,0.4918447136878967,506.0,7011.0,0.0180299840867519,0.3166610300540924,0.199657529592514,0.7756097316741943,0.82953941822052,0.7620825171470642,0.5272431373596191,0.2904544770717621,144.0,7058.0,0.0060041407123208,0.1572389304637909,0.0813484340906143,0.8127438426017761,0.8557817935943604,0.7681939601898193,0.5359596014022827,0.1565237492322921,68.0,6949.0,0.0026772886049002,0.0870822966098785,0.0371345430612564,0.7976190447807312,0.8552634119987488,0.0509491562843322,0.773652195930481,0.4675271213054657,0.6561244130134583,85.0,1628.0,0.0207054428756237,0.5070260167121887,0.3156788647174835,0.8983253836631775,0.8946239352226257,0.6413847804069519,0.640423595905304,0.4452118277549743,86.0,2628.0,0.0191262140870094,0.2854757010936737,0.1536231935024261,0.8472468852996826,0.8153603672981262,0.6205074191093445,0.6300405263900757,0.2154011726379394,14.0,2858.0,0.0062121832743287,0.1286103278398513,0.0530152432620525,0.9195402264595032,0.8542212843894958,0.6067653298377991,0.6565650701522827,0.115248218178749,6.0,2970.0,0.00279604899697,0.0957346111536026,0.0255905520170927,0.9285714030265808,0.8746961355209351,0.0515904612839221,24
0.7773116230964661,0.4867317080497741,0.6489222049713135,413.0,6328.0,0.0215424187481403,0.4725699722766876,0.3179564476013183,0.8771929740905762,0.8865334391593933,0.7482408881187439,0.5671494007110596,0.4835725128650665,530.0,7091.0,0.0182712152600288,0.298512190580368,0.1956669688224792,0.7649667263031006,0.8251258134841919,0.7647583484649658,0.5242364406585693,0.2918305993080139,146.0,6975.0,0.0059905471280217,0.1454930305480957,0.0819952636957168,0.8101430535316467,0.8590594530105591,0.7695814371109009,0.5318196415901184,0.1539908051490783,74.0,6901.0,0.0026422154624015,0.0839449092745781,0.0365768522024154,0.7797619104385376,0.8587319850921631,0.0511584803462028,0.8225423097610474,0.4194532632827759,0.6560046076774597,151.0,1192.0,0.0217480566352605,0.5062082409858704,0.3649440705776214,0.8193780183792114,0.8932844400405884,0.6507663726806641,0.6386250853538513,0.4473085403442383,91.0,2552.0,0.0190737564116716,0.284325510263443,0.156084656715393,0.838365912437439,0.816638171672821,0.63041752576828,0.6322613954544067,0.2185867130756378,15.0,2782.0,0.0061316108331084,0.1287265121936798,0.0540632456541061,0.9137930870056152,0.8547564744949341,0.5753171443939209,0.6716757416725159,0.1076753064990043,6.0,3208.0,0.0028406523633748,0.0923011004924774,0.0237370654940605,0.9285714030265808,0.8783444166183472,0.0525286756455898,25
0.7780053615570068,0.4829476475715637,0.6485438942909241,419.0,6301.0,0.0215989332646131,0.4776007235050201,0.3184424042701721,0.8754088878631592,0.8866750597953796,0.7453337907791138,0.5655999183654785,0.4861420094966888,508.0,7201.0,0.0180565193295478,0.3054833114147186,0.1952391564846038,0.7747228145599365,0.8299100399017334,0.7665091753005981,0.5186712145805359,0.2937023043632507,145.0,6923.0,0.0060635274276137,0.1533086597919464,0.0826818570494651,0.8114434480667114,0.8549608588218689,0.7748339772224426,0.5246161818504333,0.1602870523929596,68.0,6748.0,0.0026895937044173,0.0814295634627342,0.0381984040141105,0.7976190447807312,0.8562150597572327,0.051063884049654,0.7810518145561218,0.5148478150367737,0.6534847021102905,99.0,1558.0,0.0213843192905187,0.5042616128921509,0.3211328983306885,0.8815789222717285,0.8904051184654236,0.8091965913772583,0.5012858510017395,0.4586916863918304,211.0,1233.0,0.0199813731014728,0.2843173444271087,0.2220820188522339,0.6252220273017883,0.813588559627533,0.8506870865821838,0.4290917813777923,0.298507422208786,62.0,1068.0,0.0063542653806507,0.1388100981712341,0.0949152559041976,0.6436781883239746,0.8508102893829346,0.8835887908935547,0.4044392704963684,0.2138821482658386,31.0,850.0,0.0029125728178769,0.0910450294613838,0.0586932450532913,0.6309523582458496,0.8671005368232727,0.0532923527061939,26
0.774536669254303,0.4819168746471405,0.6445809602737427,425.0,6400.0,0.0214474946260452,0.4840571582317352,0.314628392457962,0.8736247420310974,0.8871315121650696,0.7489676475524902,0.5688691139221191,0.4900369048118591,504.0,7095.0,0.0181433018296957,0.3005052208900451,0.1979425698518753,0.7764966487884521,0.8286170959472656,0.7626441121101379,0.5274711847305298,0.2896795570850372,147.0,7038.0,0.0060471436008811,0.1461169868707656,0.0812010467052459,0.808842658996582,0.8565778732299805,0.7752634286880493,0.5260551571846008,0.1582923382520675,72.0,6731.0,0.0027400960680097,0.0845954418182373,0.0377412438392639,0.7857142686843872,0.8504344820976257,0.0509905889630317,0.7731236815452576,0.4781402945518493,0.6588809490203857,80.0,1637.0,0.0207247659564018,0.5057721138000488,0.315921425819397,0.9043062329292296,0.895077645778656,0.7503964304924011,0.5652334690093994,0.4642694592475891,155.0,1734.0,0.01876075938344,0.2853287756443023,0.190476194024086,0.7246891856193542,0.8162257671356201,0.7488107681274414,0.5472118258476257,0.2589714825153351,34.0,1867.0,0.0058059017173945,0.1387159675359726,0.0697558522224426,0.8045976758003235,0.8528369069099426,0.7658562660217285,0.5472511053085327,0.1638965606689453,13.0,1759.0,0.0025437688454985,0.0946713089942932,0.0387978143990039,0.8452380895614624,0.8738459944725037,0.0504972897469997,27
0.7794588804244995,0.4827605485916137,0.6532276272773743,398.0,6278.0,0.0213631633669137,0.4839912950992584,0.3207832872867584,0.8816533088684082,0.8887462019920349,0.7513461709022522,0.5622543096542358,0.487949013710022,522.0,7005.0,0.0179865192621946,0.3040242791175842,0.1983291357755661,0.7685143947601318,0.8309116959571838,0.7705064415931702,0.518539309501648,0.2987630665302276,141.0,6806.0,0.0059212641790509,0.1456613689661026,0.0844767317175865,0.8166449666023254,0.8621031641960144,0.7704403400421143,0.5311794877052307,0.1566733121871948,70.0,6879.0,0.0026602670550346,0.0823361501097679,0.0372288301587104,0.7916666865348816,0.8577514290809631,0.0505975037813186,0.7354651093482971,0.5698122978210449,0.6351306438446045,68.0,1934.0,0.0221857950091362,0.5045203566551208,0.2842338979244232,0.918660283088684,0.8902334570884705,0.7540962100028992,0.5643613934516907,0.4616444706916809,161.0,1700.0,0.0189988259226083,0.2847373485565185,0.1912464350461959,0.714031994342804,0.8103640079498291,0.7986257672309875,0.5099783539772034,0.2876297235488891,41.0,1483.0,0.0059842616319656,0.144021600484848,0.0823019817471504,0.7643678188323975,0.8431269526481628,0.8378700017929077,0.4889606237411499,0.187617227435112,24.0,1203.0,0.0026417672634124,0.0895258262753486,0.0475059375166893,0.7142857313156128,0.8663458228111267,0.0524283237755298,28
0.7764196991920471,0.4821075797080993,0.6468492746353149,421.0,6347.0,0.0210991539061069,0.4849294424057007,0.3167186975479126,0.8748141527175903,0.8906309008598328,0.7487033605575562,0.5610741376876831,0.4889174699783325,508.0,7099.0,0.0178916882723569,0.302573025226593,0.197490394115448,0.7747228145599365,0.8318784832954407,0.7668065428733826,0.5183863043785095,0.2931196987628937,147.0,6912.0,0.0059071318246424,0.1524295210838318,0.0825590640306472,0.808842658996582,0.86099773645401,0.769845724105835,0.5251817107200623,0.160192459821701,63.0,6904.0,0.0026199936401098,0.0999812558293342,0.0380381792783737,0.8125,0.8612377643585205,0.0501979403197765,0.8261099457740784,0.4078074097633362,0.65444016456604,158.0,1158.0,0.021980881690979,0.5066386461257935,0.3692810535430908,0.8110047578811646,0.8940526843070984,0.7814481854438782,0.544035792350769,0.4690158069133758,177.0,1477.0,0.0191473346203565,0.2857822477817535,0.2071927040815353,0.6856127977371216,0.8121467232704163,0.7899048328399658,0.5045682787895203,0.277777761220932,42.0,1548.0,0.0060255625285208,0.1455795913934707,0.078571431338787,0.7586206793785095,0.8450813889503479,0.7943974733352661,0.5143121480941772,0.18205127120018,13.0,1543.0,0.0025646770372986,0.0851189345121383,0.0439900867640972,0.8452380895614624,0.8745474219322205,0.0523610785603523,29
0.7797561883926392,0.4766074419021606,0.6529982089996338,401.0,6266.0,0.0211813803762197,0.4855958521366119,0.3209796249866485,0.8807612061500549,0.8896887898445129,0.7494632005691528,0.5601398348808289,0.490898847579956,502.0,7082.0,0.0179746448993682,0.3083707988262176,0.1984153985977172,0.77738356590271,0.8323737978935242,0.7648904919624329,0.5202571749687195,0.2960710525512695,136.0,6981.0,0.0058636916801333,0.1577198803424835,0.0831363275647163,0.8231469392776489,0.8635519742965698,0.7578540444374084,0.5281791687011719,0.1499436050653457,70.0,7260.0,0.0026332561392337,0.0859131440520286,0.0353441387414932,0.7916666865348816,0.8607821464538574,0.0502466075122356,0.8637685179710388,0.3618474304676056,0.6195536255836487,253.0,778.0,0.0244700089097023,0.5126414895057678,0.4283615052700043,0.6973684430122375,0.8961037397384644,0.8457980751991272,0.4688487648963928,0.4387990236282348,259.0,908.0,0.0210912358015775,0.2840528786182403,0.2508250772953033,0.539964497089386,0.81178218126297,0.8752642869949341,0.3973288536071777,0.3210463523864746,66.0,878.0,0.0069759553298354,0.1501264125108719,0.1095334663987159,0.6206896305084229,0.8445699214935303,0.8757928013801575,0.4102156162261963,0.2251908034086227,25.0,915.0,0.0027634322177618,0.0842464044690132,0.0605749487876892,0.7023809552192688,0.8767855167388916,0.0579433999955654,30
0.7815400958061218,0.4796725511550903,0.6499778628349304,429.0,6184.0,0.0213126800954341,0.4852428734302521,0.3217810988426208,0.8724353313446045,0.8890731930732727,0.7514783143997192,0.564293384552002,0.4952856600284576,490.0,7033.0,0.0178084466606378,0.3010744750499725,0.2006137818098068,0.7827051281929016,0.8338555693626404,0.7704733610153198,0.5143566131591797,0.3024978041648865,132.0,6816.0,0.0059071430005133,0.1568488776683807,0.08546894043684,0.8283485174179077,0.8654834032058716,0.7688876986503601,0.5216512680053711,0.1569086462259292,68.0,6928.0,0.0025248141027987,0.093031920492649,0.0372429117560386,0.7976190447807312,0.8718715906143188,0.050131257623434,0.8323202729225159,0.4345794022083282,0.6597154140472412,159.0,1110.0,0.0212888251990079,0.5124616622924805,0.3788472414016723,0.809808611869812,0.8956807851791382,0.8220137357711792,0.5273661613464355,0.4508638679981231,229.0,1118.0,0.0197133123874664,0.2811766862869262,0.2300275415182113,0.5932504534721375,0.8083070516586304,0.8572938442230225,0.4646936357021332,0.306681215763092,62.0,1018.0,0.0063220830634236,0.1457955092191696,0.0991150438785553,0.6436781883239746,0.8374105095863342,0.8605972528457642,0.4690663516521454,0.2166317105293274,22.0,1033.0,0.0026308074593544,0.0916540473699569,0.056621003895998,0.738095223903656,0.8760594129562378,0.0525551885366439,31
0.7781705260276794,0.4824321866035461,0.6481970548629761,422.0,6293.0,0.021305913105607,0.4831808507442474,0.3184968531131744,0.8745167851448059,0.8892844915390015,0.7491989135742188,0.560513973236084,0.4857174158096313,524.0,7068.0,0.0179014503955841,0.3103416264057159,0.1967269033193588,0.767627477645874,0.8324996829032898,0.7634038925170898,0.5127841830253601,0.2931853830814361,140.0,7022.0,0.0059471819549798,0.1385409235954284,0.0822114720940589,0.8179453611373901,0.8607197999954224,0.7562353610992432,0.5238590240478516,0.1533295810222625,62.0,7317.0,0.0026654961984604,0.0834837555885315,0.0360953770577907,0.8154761791229248,0.8581333160400391,0.0503759309649467,0.6235465407371521,0.6460986733436584,0.577723503112793,31.0,2818.0,0.0249823629856109,0.5040379762649536,0.2221915572881698,0.9629186391830444,0.8933563828468323,0.5877378582954407,0.6811923980712891,0.4282267689704895,66.0,3054.0,0.0200199466198682,0.2805671393871307,0.1399605721235275,0.8827708959579468,0.8106288909912109,0.5771670341491699,0.6652372479438782,0.1979218125343322,14.0,3186.0,0.006522056646645,0.1373373866081237,0.0478182919323444,0.9195402264595032,0.8540160655975342,0.5956659913063049,0.659155547618866,0.112456738948822,6.0,3054.0,0.0028045438230037,0.0884257927536964,0.0249042138457298,0.9285714030265808,0.8748942017555237,0.0568567886948585,32
0.7812097668647766,0.4796403050422668,0.6511638164520264,420.0,6203.0,0.0212571881711483,0.4840169847011566,0.3217800259590149,0.8751115202903748,0.8895144462585449,0.7532622218132019,0.5595393180847168,0.4911369085311889,515.0,6954.0,0.0178730320185422,0.3044296503067016,0.2001380324363708,0.7716186046600342,0.8319299221038818,0.7738099098205566,0.5109562277793884,0.3062691390514374,130.0,6717.0,0.0058333994820714,0.1582266241312027,0.0868678614497184,0.8309493064880371,0.8656277656555176,0.7820355892181396,0.5140708088874817,0.1680156737565994,62.0,6536.0,0.0025670414324849,0.0905913412570953,0.040234949439764,0.8154761791229248,0.8675011396408081,0.0500888861715793,0.8464587926864624,0.3596395254135132,0.6328856945037842,214.0,948.0,0.0248303245753049,0.5071897506713867,0.3961783349514007,0.7440191507339478,0.8927310705184937,0.6362314820289612,0.6427594423294067,0.4374070763587951,92.0,2661.0,0.0195485651493072,0.2841551005840301,0.1503831446170807,0.8365896940231323,0.80926513671875,0.6458773612976074,0.6357820630073547,0.2180729210376739,21.0,2659.0,0.0064713289029896,0.1434046924114227,0.054409671574831,0.8793103694915771,0.8403781056404114,0.4804439842700958,0.7100874781608582,0.0920810177922248,4.0,3928.0,0.0031041693873703,0.0923972055315971,0.0199600793421268,0.9523809552192688,0.8687573075294495,0.0565122105181217,33
0.7807802557945251,0.4806802272796631,0.6506258845329285,421.0,6215.0,0.0212067570537328,0.4951085150241852,0.3212842643260956,0.8748141527175903,0.8902010321617126,0.7456972002983093,0.560447096824646,0.4846441149711609,516.0,7182.0,0.0178132280707359,0.3112555742263794,0.1949333101511001,0.7711751461029053,0.835053026676178,0.7742723822593689,0.5097904205322266,0.297802597284317,151.0,6682.0,0.0057936878874897,0.1550565809011459,0.084657534956932,0.8036410808563232,0.8674212098121643,0.7766509056091309,0.5174269676208496,0.155703067779541,78.0,6683.0,0.0026162704452872,0.0839461684226989,0.037170436233282,0.7678571343421936,0.860885739326477,0.0499301142990589,0.7476215362548828,0.5291621088981628,0.6455674767494202,67.0,1843.0,0.0213019847869873,0.5047542452812195,0.2944104075431824,0.9198564887046814,0.8929364681243896,0.7386363744735718,0.5488882064819336,0.4577856957912445,152.0,1826.0,0.0192775949835777,0.2853355705738067,0.1837282031774521,0.7300177812576294,0.8135048151016235,0.766649067401886,0.4718711376190185,0.2621282935142517,40.0,1726.0,0.0060165370814502,0.1429479569196701,0.0720430091023445,0.7701149582862854,0.8526613116264343,0.8035147786140442,0.45960733294487,0.181333303451538,16.0,1471.0,0.0025744191370904,0.0904900506138801,0.044184535741806,0.8095238208770752,0.8733305335044861,0.0516694709658622,34
0.7773446440696716,0.4806187152862549,0.6479728817939758,419.0,6321.0,0.0210407190024852,0.4830926358699798,0.3177549839019775,0.8754088878631592,0.8906142115592957,0.7449043393135071,0.5592881441116333,0.4933790862560272,474.0,7248.0,0.0178573951125144,0.3084762394428253,0.1972533017396927,0.7898004651069641,0.8344005346298218,0.7567638754844666,0.514299750328064,0.2922374308109283,129.0,7234.0,0.0058480282314121,0.1573406904935836,0.0812801644206047,0.8322497010231018,0.8671436905860901,0.749793529510498,0.5264325737953186,0.1505694091320037,61.0,7513.0,0.0025874280836433,0.0889774337410926,0.0353107340633869,0.8184523582458496,0.8628698587417603,0.0498823374509811,0.7934725284576416,0.4477050602436065,0.6565839648246765,111.0,1452.0,0.0212219972163438,0.5061570405960083,0.3330270946025848,0.8672248721122742,0.8924497961997986,0.793868899345398,0.4843957424163818,0.464795708656311,192.0,1368.0,0.0207226537168025,0.2829362452030182,0.2133409976959228,0.6589698195457458,0.8115134239196777,0.8296775817871094,0.4011989533901214,0.2946906685829162,53.0,1236.0,0.0069157215766608,0.1427947133779525,0.0891672819852829,0.6954023241996765,0.8467264175415039,0.8557082414627075,0.3863686025142669,0.2111716419458389,22.0,1070.0,0.0029168226756155,0.0904063805937767,0.0547703169286251,0.738095223903656,0.870340883731842,0.0542496033012867,35
0.7790294289588928,0.4769057631492615,0.6508992910385132,410.0,6279.0,0.021104434505105,0.4846041202545166,0.3198656737804413,0.8780850172042847,0.8903462886810303,0.7495953440666199,0.5610910058021545,0.4907837510108948,503.0,7077.0,0.0178091060370206,0.3119227886199951,0.1984369754791259,0.776940107345581,0.8344515562057495,0.764064610004425,0.5091947913169861,0.297025054693222,132.0,7010.0,0.0057577155530452,0.1588297188282013,0.0833006426692009,0.8283485174179077,0.8696933388710022,0.7671698927879333,0.5131123065948486,0.1603159606456756,60.0,6988.0,0.0025493851862847,0.0881385281682014,0.037995595484972,0.8214285969734192,0.8678532242774963,0.0497527308762073,0.8214852213859558,0.3908019065856933,0.6528815031051636,154.0,1197.0,0.0229329876601696,0.506873369216919,0.3629590272903442,0.8157894611358643,0.8924095034599304,0.8047040104866028,0.4808385968208313,0.4461737871170044,219.0,1259.0,0.0210785493254661,0.2810844480991363,0.2145976275205612,0.6110124588012695,0.8088296055793762,0.8422304391860962,0.4334980249404907,0.2977412641048431,58.0,1136.0,0.0066108768805861,0.1447747647762298,0.092651754617691,0.6666666865348816,0.8424211144447327,0.8679968118667603,0.4267102479934692,0.2188183516263961,24.0,975.0,0.0027687668334692,0.0974394679069519,0.0579710155725479,0.7142857313156128,0.8705230355262756,0.0558652207255363,36
0.7804169058799744,0.4770021438598633,0.6507998704910278,418.0,6229.0,0.0210510417819023,0.4866599142551422,0.3210159242153168,0.8757061958312988,0.8914318680763245,0.7503221035003662,0.556995689868927,0.4938651621341705,492.0,7066.0,0.0176798142492771,0.3084685206413269,0.1996828615665435,0.7818182110786438,0.8369830846786499,0.7618182301521301,0.5112983584403992,0.2963785827159881,129.0,7081.0,0.0058169341646134,0.1492368727922439,0.0828908160328865,0.8322497010231018,0.8666347861289978,0.7597039937973022,0.5135906338691711,0.1535584628582,65.0,7209.0,0.0025554669555276,0.0931544303894043,0.036229945719242,0.8065476417541504,0.8662176728248596,0.0495568178594112,0.7268763184547424,0.5276421308517456,0.6332626342773438,60.0,2007.0,0.0211573485285043,0.5068576335906982,0.2788358032703399,0.9282296895980836,0.8956626653671265,0.6580338478088379,0.6340245008468628,0.449664443731308,94.0,2494.0,0.0191819351166486,0.2839292287826538,0.1582855284214019,0.8330373167991638,0.8137779235839844,0.6966173648834229,0.6085368394851685,0.2376364469528198,26.0,2270.0,0.0060725309886038,0.1495474427938461,0.0612076111137867,0.8505747318267822,0.8490306735038757,0.6868393421173096,0.5964035987854004,0.1369862854480743,8.0,2362.0,0.0026974934153258,0.0804844498634338,0.0311730932444334,0.9047619104385376,0.8685736060142517,0.0515493191778659,37
