variable,descripcion,numero_indices,indice_inicio
AGE3,RECODE - FINAL EDITED AGE,9,0
SERVICE,EVER BEEN IN THE US ARMED FORCES,6,9
MILSTAT,CURRENT MILITARY STATUS,7,15
ACTDEVER,EVER ON ACTIVE DUTY IN US MILITARY/RESERV,7,22
ACTD2001,SEPTEMBER 2001 OR LATER,8,29
ACTD9001,AUG 1990 TO AUG 2001 (INCLUDING PERSIAN GULF WAR),8,37
ACTD7590,MAY 1975 TO JULY 1990,8,45
ACTDVIET,VIETNAM ERA (MARCH 1961 TO APRIL 1975),8,53
ACTDPRIV,ANY TIME BEFORE VIETNAM ERA (MARCH 1961),8,61
COMBATPY,EVER IN COMBAT ZONE ON ACTIVE DUTY,8,69
NOMARR2,NUMBER OF TIMES MARRIED,6,77
HEALTH,OVERALL HEALTH,8,83
MOVSINPYR2,# TIMES MOVED PAST 12 MONTHS- RECODED,9,91
SPEAKENGL,HOW WELL SPEAK ENGLISH,9,100
LVLDIFSEE2,LEVEL OF DIFFICULTY SEEING EVEN WITH GLASSES,8,109
LVLDIFHEAR2,LEVEL OF DIFFICULTY HEARING EVEN WITH HEARING AIDS,8,117
LVLDIFWALK2,LEVEL OF DIFFICULTY WALKING OR CLIMBING STEPS,8,125
LVLDIFMEM2,LEVEL OF DIFFICULTY REMEMBERING OR CONCENTRATING,8,133
LVLDIFCARE2,LEVEL OF DIFFICULTY WITH SELF-CARE,8,141
LVLDIFCOMM2,LEVEL OF DIFFICULTY COMMUNICATING USING YOUR USUAL LANGUAGE,8,149
IRSEX,RESPONDENT SEX - IMPUTATION REVISED,3,157
IRMARIT,IMPUTATION REVISED MARITAL STATUS,5,160
IREDUHIGHST2,EDUCATION - RECODED IMPUTATION REVISED,12,165
CATAGE,RC-AGE CATEGORY,4,177
CATAG2,RC-AGE CATEGORY RECODE (3 LEVELS),3,181
CATAG3,RC-AGE CATEGORY RECODE (5 LEVELS),5,184
CATAG6,RC-AGE CATEGORY RECODE (6 LEVELS),6,189
CATAG7,RC-AGE CATEGORY RECODE (7 LEVELS),5,195
PREGAGE2,RC-PREGNANCY AGE CATEGORY RECODE,4,200
DRVINAGE,RC-DUI AGE CATEGORY RECODE,3,204
DRVINDETAG,RC-DUI DETAILED AGE CATEGORY RECODE,4,207
SEXAGE,RC-COMBINED SEX BY AGE CATEGORY INDICATOR,4,211
NEWRACE2,RC-RACE/HISPANICITY RECODE (7 LEVELS),8,215
SEXRACE,RC-COMBINED SEX BY RACE INDICATOR,8,223
EDUHIGHCAT,RC-EDUCATION CATEGORIES,5,231
HEALTH2,RC-OVERALL HEALTH RECODE,6,236
EDUSCHLGO,NOW GOING TO SCHOOL,8,242
EDUSCHGRD2,WHAT GRADE IN NOW/WILL BE IN,14,250
EDUFULPAR,FULL OR PART TIME,8,264
EDUSCKEST,BEST ESTIMATE # DAYS MISSED BECAUSE SICK OR INURED,11,272
EDUSKPEST,BEST ESTIMATE # DAYS MISSED BECAUSE SKIPPED OR CUT,10,283
MILTFAMLY,ANY IMMEDIATE FAMILY CURRENTLY IN US MILITARY,7,293
MILTSPPAR,SPOUSE OR PARTNER IN MILITARY,8,300
MILTPARNT,FATHER OR MOTHER IN MILITARY,8,308
MILTCHLDR,SON OR DAUGHTER IN MILITARY,8,316
MILTSIBLN,SISTER OR BROTHER IN MILITARY,8,324
ENRLCOLLFT2,RC-COLLEGE ENROLLMENT-FULL TIME,4,332
ENRLCOLLST2,RC-COLLEGE ENROLLMENT,6,336
WRKSTATWK2,WORK SITUATION IN PAST WEEK - RECODE,11,342
WRKDPSTWK,WORK AT JOB LAST WEEK,8,353
WRKHADJOB,DID YOU HAVE A JOB OR BUSINESS,9,361
WRK35WKUS,USUALLY WORK 35 OR MORE HRS PER WEEK,8,370
WRKRSNNOT,REASON FOR NOT WORKING AT JOB - PAST WK,12,378
WRKRSNJOB,REASON FOR NOT HAVING A JOB - PAST WK,14,390
WRKEFFORT,"PAST 30 DAYS, MAKE EFFORT TO FIND WORK",7,404
WRKDPSTYR,"PAST 12 MOS, WORKED AT ANY JOB",8,411
WRKSELFEM,"PAST 12 MOS, SELF EMPLOYED",9,419
WRKNUMJOB2,"PAST 12 MOS, HOW MANY EMPLOYERS",10,428
WRKNJBPYR,"PAST 12 MOS, TIME WITH NO JOB",8,438
IRWRKSTAT18,Situación laboral (18+),5,446
EDFAM18,RC-EDITED INDICATOR: FAMILY IN HH 18 OR OLDER,4,451
IRHHSIZ2,RECODE - IMPUTATION-REVISED # PERSONS IN HH,7,455
IRKI17_2,RECODE - IMPUTATION-REVISED # KIDS AGED<18 IN HH,5,462
IRHH65_2,REC - IMPUTATION-REVISED # OF PER IN HH AGED>=65,4,467
MEDICARE,COVERED BY MEDICARE,6,471
CAIDCHIP,COVERED BY MEDICAID/CHIP,7,477
CHAMPUS,"COV BY TRICARE, CHAMPUS, CHAMPVA, VA, MILITARY",6,484
PRVHLTIN,COVERED BY PRIVATE INSURANCE,6,490
GRPHLTIN,PRIVATE PLAN OFFERED THROUGH EMPLOYER OR UNION,7,496
HLTINALC,PRIVATE INSURANCE COVERS TRMT FOR ALCOHOL ABUSE/ALCOHOLISM,7,503
HLTINDRG,PRIVATE INSURANCE COVERS TRMT FOR DRUG ABUSE,7,510
HLTINMNT,PRIVATE INSURANCE COVERS TRMT FOR MENTAL/EMOTIONAL PROBLEMS,7,517
HLTINNOS,COVERED BY HEALTH INSUR (NOT OTHERWISE SPECIFIED),7,524
HLCNOTYR,ANYTIME DID NOT HAVE HEALTH INS/COVER PAST 12 MOS,8,531
HLCLAST,TIME SINCE LAST HAD HEALTH CARE COVERAGE,10,539
HLLOSRSN,MAIN REASON STOPPED COVERED BY HEALTH INSURANCE,18,549
HLNVCOST,NEVER HAD HEALTH INSURANCE BECAUSE COST TOO HIGH,7,567
HLNVOFFR,NEVER HAD HEALTH INSURANCE BECAUSE EMPLOYER DOESN'T OFFER,7,574
HLNVREF,NEVER HAD HEALTH INSURANCE BC INS COMPANY REFUSED COVERAGE,7,581
HLNVNEED,NEVER HAD HEALTH INSURANCE BECAUSE DON'T NEED IT,7,588
HLNVSOR,NEVER HAD HEALTH INSURANCE BECAUSE OF SOME OTHER REASON,7,595
IRMEDICR,MEDICARE - IMPUTATION REVISED,3,602
IRMCDCHP,MEDICAID/CHIP - IMPUTATION REVISED,3,605
IRCHMPUS,CHAMPUS - IMPUTATION REVISED,3,608
IRPRVHLT,PRIVATE HEALTH INSURANCE - IMPUTATION REVISED,3,611
IROTHHLT,OTHER HEALTH INSURANCE - IMPUTATION REVISED,4,614
HLCALL99,YES TO MEDICARE/MEDICAID/CHAMPUS/PRVHLTIN,3,618
ANYHLTI2,COVERED BY ANY HEALTH INSURANCE - RECODE,6,621
IRINSUR4,RC-OVERALL HEALTH INSURANCE - IMPUTATION REVISED,3,627
OTHINS,"RC-HEALTH INSURANCE OTHER THAN PRIVATE, MEDICAID/CHIP",3,630
CELLWRKNG,WORKING CELL PHONE,7,633
CELLNOTCL,NOT A CELL PHONE,7,640
IRFAMSOC,FAM RECEIVE SS OR RR PAYMENTS - IMPUTATION REVISED,3,647
IRFAMSSI,FAM RECEIVE SSI - IMPUTATION REVISED,3,650
IRFSTAMP,RESP/OTH FAM MEM REC FOOD STAMPS - IMPUTATION REVISED,3,653
IRFAMPMT,FAM RECEIVE PUBLIC ASSIST - IMPUTATION REVISED,3,656
IRFAMSVC,FAM REC WELFARE/JOB PL/CHILDCARE - IMPUTATION REVISED,3,659
IRPINC3,RECODE -RESP TOT INCOME - IMPUTATION REVISED,8,662
IRFAMIN3,RECODE - TOT FAM INCOME - IMPUTATION REVISED,8,670
GOVTPROG,RC-PARTICIPATED IN ONE OR MORE GOVT ASSIST PROGRAMS,3,678
INCOME,RC-TOTAL FAMILY INCOME RECODE,5,681
POVERTY3,RC-POVERTY LEVEL (% OF US CENSUS POVERTY THRESHOLD),5,686
BOOKED,EVER ARRESTED AND BOOKED FOR BREAKING THE LAW,8,691
NOBOOKY2,# TIMES ARRESTED AND BOOKED PAST 12 MONTHS,10,699
BKMVTHFT,ARRSTD & BOOKED FOR MOT VEH THEFT PAST 12 MONTHS,9,709
BKLARCNY,ARRSTD & BOOKED FOR LARCENY/THEFT PAST 12 MONTHS,9,718
BKBURGL,ARRSTD & BOOKED FOR BURGLARY/B & E PAST 12 MOS,9,727
BKSRVIOL,ARRSTD & BOOKED SERIOUS VIOL OFFENSE PST 12 MOS,9,736
BKSMASLT,ARRSTD & BOOKED FOR OTHER ASSAULT PAST 12 MONTHS,9,745
BKROB,ARRSTD & BOOKED FOR ROBBERY PAST 12 MONTHS,8,754
BKARSON,ARRSTD & BOOKED FOR ARSON PAST 12 MONTHS,8,762
BKDRVINF,ARRSTD & BOOKED FOR DUI PAST 12 MONTHS,9,770
BKDRUNK,ARRSTD & BOOKED FOR DRUNKENNESS PAST 12 MONTHS,9,779
BKDRUG,ARRSTD & BOOKED FOR POSSES/SALE DRUGS PAST 12 MOS,9,788
BKSEXNR,ARRSTD & BOOKED SEX OFFENSE EXCL RAPE PST 12 MOS,8,797
BKFRAUD,ARRSTD & BOOKED FOR FRAUD/STOL GOODS PAST 12 MOS,10,805
BKOTH,ARRSTD & BOOKED FOR SOME OTHER OFF PAST 12 MOS,10,815
PROBATON,ON PROBATION AT ANY TIME PAST 12 MONTHS,7,825
PAROLREL,ON PAROLE/SUPRV RELEASE PAST 12 MONTHS,7,832
DRVINALCO,DROVE UNDER INFLUENCE OF ALCOHOL PST 12 MOS,8,839
DRVINMARJ,DROVE UNDER INFLUENCE OF MARIJUANA PST 12 MOS,8,847
DRVINCOCN,DROVE UNDER INFLU OF COCAINE PST 12 MOS,9,855
DRVINHERN,DROVE UNDER INFLUENCE OF HEROIN PAST 12 MOS,8,864
DRVINHALL,DROVE UNDER INFLU OF HALLUCINOGENS PAST 12 MOS,9,872
DRVININHL,DROVE UNDER INFLUENCE OF INHALANTS PAST 12 MOS,7,881
DRVINMETH,DROVE UNDER INFLU OF METHAMPHETAMINE PAST 12 MOS,7,888
DRVINALON,DROVE UNDER INFLUENCE OF ONLY ALCOHOL PST 12 MOS,7,895
MXMJPNLT,MAX PENALTY FOR 1ST MJ POSS < OUNCE IN YOUR STATE,11,902
DRVINALCO2,RC-DROVE UNDER INFLUENCE OF ALCOHOL IN PAST YEAR,4,913
DRVINMARJ2,RC-DROVE UNDER INFLUENCE OF MARIJUANA IN PAST YEAR,4,917
DRVINDRG,RC-DROVE UNDER INFLUENCE OF SELECTED ILL DRUGS IN PAST YR,4,921
DRVINDROTMJ,RC-DROVE UNDER INFLUENCE OF SELECTED ILL DRG OTH MRJ IN PY,4,925
DRVINALDRG,RC-DROVE UNDER INFLUENCE OF ALC OR SELECTED ILL DRG IN PY,4,929
PAROL,RC-PAROLE/SUPERVISED RELEASE STATUS IN THE PAST YEAR,4,933
PROB,RC-PROBATION STATUS IN THE PAST YEAR,4,937
CIGIRTBL,NEED TO SMOKE TO FEEL LESS IRRITABLE,11,941
CIGCRAVE,START TO CRAVE CIGS WHEN DON'T SMOKE FOR FEW HRS,11,952
CIGCRAGP,CRAVING OF CIGS LIKE STRONG FORCE CAN'T CONTROL,11,963
CIGINCTL,FEEL A SENSE OF CONTROL OVER YOUR SMOKING,11,974
CIGAVOID,TEND TO AVOID PLACES THAT DON'T ALLOW SMOKING,11,985
CIGFNSMK,HAVE FRIENDS WHO DO NOT SMOKE CIGARETTES,8,996
CIGFNLKE,CHOOSE NOT TO BE AROUND FRIENDS WHO DON'T SMOKE,12,1004
CIGPLANE,RATHER NOT TRAVEL BY AIRPLANE B/C NO SMOKING,11,1016
CIGRNOUT,SOMETIMES WORRY THAT YOU WILL RUN OUT OF CIGS,11,1027
CIGREGDY,SMOKE CIGS FAIRLY REGULARLY THROUGHOUT THE DAY,11,1038
CIGREGWK,SMOKE SAME AMOUNT ON WEEKENDS AS ON WEEKDAYS,11,1049
CIGREGNM,SMOKE SAME NUMBER OF CIGS FROM DAY TO DAY,11,1060
CIGNMCHG,NUMBER OF CIGS SMOKE PER DAY OFTEN CHANGES,11,1071
CIGSVLHR,"HAVE MANY CIGS IN HR, THEN NO CIGS TIL HRS LATER",11,1082
CIGINFLU,# OF CIGS SMOKE PER DAY INFLUENCED BY OTHER THINGS,11,1093
CIGNOINF,SMOKING NOT AFFECTED BY OTHER THINGS,11,1104
CIGINCRS,AMOUNT OF SMOKING HAS INCR. SINCE STARTED SMOKING,11,1115
CIGSATIS,NEED TO SMOKE A LOT MORE TO BE SATISFIED,11,1126
CIGLOTMR,SMOKE MUCH MORE NOW BEFORE FEEL ANYTHING,11,1137
CIGWAKE,HOW SOON AFTER WAKING DO YOU HAVE YOUR FIRST CIG,10,1148
NDSSDEPND,NICOTINE DEPENDENCE BASED ON NDSS SCORE,5,1158
FTNDDEPND,NICOTINE DEPENDENCE BASED ON FTND SCALE,5,1163
PMNICDEP,NICOTINE DEPENDENCE IN PAST MONTH,5,1168
IRPMNICDEP,NICOTINE DEPENDENCE IN PAST MONTH - IMPUTATION REVISED,3,1173
UADPEOP,RC-SOCIAL CONTEXT OF MOST RECENT ALCOHOL USE,6,1176
UADCAR,RC-MOST RECENT ALCOHOL USE IN A CAR,4,1182
UADHOME,RC-MOST RECENT ALCOHOL USE AT HOME,4,1186
UADOTHM,RC-MOST RECENT ALCOHOL USE AT SOMEONE ELSE'S HOME,4,1190
UADPUBL,"RC-MOST RECENT ALCOHOL USE AT A PARK, BEACH, OR LOT",4,1194
UADBAR,"RC-MOST RECENT ALCOHOL USE AT RESTAURANT, BAR, OR CLUB",4,1198
UADEVNT,RC-MOST RECENT ALCOHOL USE AT CONCERT OR SPORTS GAME,4,1202
UADSCHL,RC-MOST RECENT ALCOHOL USE AT SCHOOL,4,1206
UADROTH,RC-MOST RECENT ALCOHOL USE AT SOME OTHER PLACE,4,1210
UADOTSP2,RC-OTHER LOCATIONS OF MOST RECENT ALCOHOL USE,8,1214
UADPAID,RC-UNDERAGE DRINKER PAID FOR MOST RECENT ALCOHOL,5,1222
UADMONY,RC-UNDERAGE DRINKER PURCHASED MOST RECENT ALCOHOL,5,1227
UADBWHO,RC-HOW UNDERAGE DRINKER PURCHASED MOST RECNT ALCOHOL,5,1232
UADPLACE,RC-WHERE UNDERAGE DRINKER PURCHSD MOST RECNT ALCOHOL,6,1237
UADBUND,RC-AGE PERSON WHO PURCHASED ALC FOR UNDERAGE DRINKER,5,1243
UADCAG,RC-WHO PURCHASED UNDERAGE DRINKER MOST RECENT ALCOHOL,7,1248
UADFWHO,RC-WHO GAVE UNDERAGE DRINKER MOST RECENT ALCOHOL,10,1255
UADFRD,"RC-MOST RECENT ALCOHOL FROM FRIEND, UNSPEC AGE/METHOD",5,1265
CADRKMARJ2,RC-USED MARIJUANA WITH LAST ALCOHOL USE,4,1270
CADRKCOCN2,RC-USED COCAINE WITH LAST ALCOHOL USE,4,1274
CADRKHERN2,RC-USED HEROIN WITH LAST ALCOHOL USE,4,1278
CADRKHALL2,RC-USED HALLUCINOGENS WITH LAST ALCOHOL USE,4,1282
CADRKINHL2,RC-USED INHALANTS WITH LAST ALCOHOL USE,4,1286
CADRKMETH2,RC-USED METHAMPHETAMINE WITH LAST ALCOHOL USE,4,1290
CIGFLAG,RC-CIGARETTES - EVER USED,3,1294
CIGYR,RC-CIGARETTES - PAST YEAR USE,3,1297
CIGMON,RC-CIGARETTES - PAST MONTH USE,3,1300
CGRFLAG,RC-CIGARS - EVER USED,3,1303
CGRYR,RC-CIGARS - PAST YEAR USE,3,1306
CGRMON,RC-CIGARS - PAST MONTH USE,3,1309
PIPFLAG,RC-PIPES - EVER USED,3,1312
PIPMON,RC-PIPES - PAST MONTH USE,3,1315
SMKLSSFLAG,RC-SMOKELESS TOBACCO - EVER USED,3,1318
SMKLSSYR,RC-SMOKELESS TOBACCO - PAST YEAR USE,3,1321
SMKLSSMON,RC-SMOKELESS TOBACCO - PAST MONTH USE,3,1324
TOBCIGONL,RC-CIGARETTE/NONCIGARETTE TOBACCO ONLY - PAST MONTH USE,5,1327
TOBFLAG,RC-ANY TOBACCO - EVER USED,3,1332
TOBYR,RC-ANY TOBACCO - PAST YEAR USE,3,1335
TOBMON,RC-ANY TOBACCO - PAST MONTH USE,3,1338
NICVAPFLAG,RC-NICOTINE VAPING - EVER USED,3,1341
NICVAPYR,RC-NICOTINE VAPING - PAST YEAR USE,3,1344
NICVAPMON,RC-NICOTINE VAPING - PAST MONTH USE,3,1347
TOBVNICFLAG,RC-ANY TOBACCO PRODUCTS OR NICOTINE VAPING - EVER USED,3,1350
TOBVNICYR,RC-ANY TOBACCO PRODUCTS OR NICOTINE VAPING - PAST YEAR USE,3,1353
TOBVNICMON,RC-ANY TOBACCO PRODUCTS OR NICOTINE VAPING - PAST MONTH USE,3,1356
TOBVAPONL2,RC-NIC VAPING / TOBACCO PRODUCTS ONLY - PAST MONTH USE,5,1359
TOBCIGVAP2,RC-NIC VAPING AND CIG/NONCIG TOBACCO COMBINATIONS-PM USE,5,1364
ALCFLAG,RC-ALCOHOL - EVER USED,3,1369
ALCYR,RC-ALCOHOL - PAST YEAR USE,3,1372
ALCMON,RC-ALCOHOL - PAST MONTH USE,3,1375
CBDHMPFLAG,RC-CBD OR HEMP - EVER USED,3,1378
CBDHMPYR,RC-CBD OR HEMP - PAST YEAR USE,3,1381
CBDHMPMON,RC-CBD OR HEMP - PAST MONTH USE,3,1384
MRJFLAG,RC-MARIJUANA - EVER USED,3,1387
MRJYR,RC-MARIJUANA - PAST YEAR USE,3,1390
MRJMON,RC-MARIJUANA - PAST MONTH USE,3,1393
MJSMKYR,RC-MARIJUANA SMOKING - PAST YEAR USE,3,1396
MJVAPFLAG,RC-MARIJUANA VAPING - EVER USED,3,1399
MJVAPYR,RC-MARIJUANA VAPING - PAST YEAR USE,3,1402
MJDABYR,"RC-MARIJUANA DABBING WAXES, SHATTER, OR CONC - PAST YEAR USE",3,1405
MJEATYR,RC-MARIJUANA EATING OR DRINKING - PAST YEAR USE,3,1408
MJMTHYR,RC-MARIJUANA DRPS/STRPS/LZNGS/SPRYS IN MOUTH - PAST YEAR USE,3,1411
MJSKNYR,RC-MARIJUANA LOTION/CREAM/PATCH TO SKIN - PAST YEAR USE,3,1414
MJPLLYR,RC-MARIJUANA PILLS - PAST YEAR USE,3,1417
MJOTHYR,RC-MARIJUANA USE - SOME OTHER MODE - PAST YEAR,3,1420
MJCMOTHYR,RC-COMBINED OTHER MARIJUANA MODES - PAST YEAR USE,3,1423
MJSMKMON,RC-MARIJUANA SMOKING - PAST MONTH USE,3,1426
MJVAPMON,RC-MARIJUANA VAPING - PAST MONTH USE,3,1429
MRJMONVAP2,"RC-MRJ VAPE, MRJ USE BUT NOT VAPE, OR NO MRJ USE - PAST MON",4,1432
MJDABMON,"RC-MARIJUANA DABBING WAXES, SHATTER, OR CONC-PAST MONTH USE",3,1436
MJEATMON,RC-MARIJUANA EATING OR DRINKING - PAST MONTH USE,3,1439
MJMTHMON,RC-MARIJUANA DRPS/STRPS/LZNGS/SPRYS IN MOUTH-PAST MONTH USE,3,1442
MJSKNMON,RC-MARIJUANA LOTION/CREAM/PATCH TO SKIN - PAST MONTH USE,3,1445
MJPLLMON,RC-MARIJUANA PILLS - PAST MONTH USE,3,1448
MJCMOTHMON,RC-COMBINED OTHER MARIJUANA MODES - PAST MONTH USE,3,1451
COCFLAG,RC-COCAINE - EVER USED,3,1454
COCYR,RC-COCAINE - PAST YEAR USE,3,1457
COCMON,RC-COCAINE - PAST MONTH USE,3,1460
CRKFLAG,"RC-""CRACK"" - EVER USED",3,1463
CRKYR,"RC-""CRACK"" - PAST YEAR USE",3,1466
CRKMON,"RC-""CRACK"" - PAST MONTH USE",3,1469
HERFLAG,RC-HEROIN - EVER USED,3,1472
HERYR,RC-HEROIN - PAST YEAR USE,3,1475
HERMON,RC-HEROIN - PAST MONTH USE,3,1478
HALLUCFLAG,RC-HALLUCINOGENS - EVER USED,3,1481
HALLUCYR,RC-HALLUCINOGENS - PAST YEAR USE,3,1484
HALLUCMON,RC-HALLUCINOGENS - PAST MONTH USE,3,1487
LSDFLAG,RC-LSD - EVER USED,3,1490
LSDYR,RC-LSD - PAST YEAR USE,3,1493
LSDMON,RC-LSD - PAST MONTH USE,3,1496
PCPFLAG,RC-PCP - EVER USED,3,1499
PCPYR,RC-PCP - PAST YEAR USE,3,1502
PCPMON,RC-PCP - PAST MONTH USE,3,1505
PSILCYFLAG,RC-PSILOCYBIN - EVER USED,3,1508
PSILCYYR,RC-PSILOCYBIN - PAST YEAR USE,3,1511
PSILCYMON,RC-PSILOCYBIN - PAST MONTH USE,3,1514
ECSTMOFLAG,RC-ECSTASY - EVER USED,3,1517
ECSTMOYR,RC-ECSTASY - PAST YEAR USE,3,1520
ECSTMOMON,RC-ECSTASY - PAST MONTH USE,3,1523
DAMTFXFLAG,RC-DMT/AMT/FOXY - EVER USED,3,1526
DAMTFXYR,RC-DMT/AMT/FOXY - PAST YEAR USE,3,1529
DAMTFXMON,RC-DMT/AMT/FOXY - PAST MONTH USE,3,1532
KETMINFLAG,RC-KETAMINE - EVER USED,3,1535
KETMINYR,RC-KETAMINE - PAST YEAR USE,3,1538
KETMINMON,RC-KETAMINE - PAST MONTH USE,3,1541
SALVIAFLAG,RC-SALVIA - EVER USED,3,1544
SALVIAYR,RC-SALVIA - PAST YEAR USE,3,1547
SALVIAMON,RC-SALVIA - PAST MONTH USE,3,1550
INHALFLAG2,RC-INHALANTS - EVER USED,3,1553
INHALYR2,RC-INHALANTS - PAST YEAR USE,3,1556
INHALMON2,RC-INHALANTS - PAST MONTH USE,3,1559
METHAMFLAG,RC-METHAMPHETAMINE - EVER USED,3,1562
METHAMYR,RC-METHAMPHETAMINE - PAST YEAR USE,3,1565
METHAMMON,RC-METHAMPHETAMINE - PAST MONTH USE,3,1568
PNRANYFLAG2,RC-ANY PAIN RELIEVER - EVER USED,3,1571
PNRANYYR2,RC-ANY PAIN RELIEVER - PAST YEAR USE,3,1574
OXYCNANYYR2,RC-OXYCONTIN - PAST YEAR USE,3,1577
TRQANYFLAG,RC-ANY TRANQUILIZERS - EVER USED,3,1580
TRQANYYR,RC-ANY TRANQUILIZERS - PAST YEAR USE,3,1583
STMANYFLAG,RC-ANY STIMULANTS - EVER USED,3,1586
STMANYYR,RC-ANY STIMULANTS - PAST YEAR USE,3,1589
SEDANYFLAG,RC-ANY SEDATIVES - EVER USED,3,1592
SEDANYYR,RC-ANY SEDATIVES - PAST YEAR USE,3,1595
TQSDANYFLG,RC-ANY TRANQUILIZERS OR SEDATIVES - EVER USED,3,1598
TQSDANYYR,RC-ANY TRANQUILIZERS OR SEDATIVES - PAST YEAR USE,3,1601
BZOANYYR,RC - ANY BENZODIAZEPINES - PAST YEAR USE,4,1604
PSYANYFLAG2,RC-ANY PSYCHOTHERAPEUTICS - EVER USED,3,1608
PSYANYYR2,RC-ANY PSYCHOTHERAPEUTICS - PAST YEAR USE,3,1611
OPIANYYR2,RC-ANY OPIOIDS (RX OPIOIDS OR HEROIN) - PAST YEAR USE,3,1614
CNSANYYR,RC-ANY CENTRAL NERVOUS SYSTEM STIMULANTS - PAST YEAR USE,3,1617
PNRNMFLAG,RC-PAIN RELIEVERS - EVER MISUSED,3,1620
PNRNMYR,RC-PAIN RELIEVERS - PAST YEAR MISUSE,3,1623
PNRNMMON,RC-PAIN RELIEVERS - PAST MONTH MISUSE,3,1626
OXYCNNMYR,RC-OXYCONTIN - PAST YEAR MISUSE,3,1629
TRQNMFLAG,RC-TRANQUILIZERS - EVER MISUSED,3,1632
TRQNMYR,RC-TRANQUILIZERS - PAST YEAR MISUSE,3,1635
TRQNMMON,RC-TRANQUILIZERS - PAST MONTH MISUSE,3,1638
STMNMFLAG,RC-STIMULANTS - EVER MISUSED,3,1641
STMNMYR,RC-STIMULANTS - PAST YEAR MISUSE,3,1644
STMNMMON,RC-STIMULANTS - PAST MONTH MISUSE,3,1647
SEDNMFLAG,RC-SEDATIVES - EVER MISUSED,3,1650
SEDNMYR,RC-SEDATIVES - PAST YEAR MISUSE,3,1653
SEDNMMON,RC-SEDATIVES - PAST MONTH MISUSE,3,1656
TQSDNMFLAG,RC-TRANQUILIZERS OR SEDATIVES - EVER MISUSED,3,1659
TQSDNMYR,RC-TRANQUILIZERS OR SEDATIVES - PAST YEAR MISUSE,3,1662
TQSDNMMON,RC-TRANQUILIZERS OR SEDATIVES - PAST MONTH MISUSE,3,1665
BZONMYR,RC - ANY BENZODIAZEPINES - PAST YEAR MISUSE,4,1668
PSYCHFLAG,RC-ANY PSYCHOTHERAPEUTICS - EVER MISUSED,3,1672
PSYCHYR,RC-ANY PSYCHOTHERAPEUTICS - PAST YEAR MISUSE,3,1675
PSYCHMON,RC-ANY PSYCHOTHERAPEUTICS - PAST MONTH MISUSE,3,1678
OPINMYR2,RC-OPIOIDS (RX OPIOIDS OR HEROIN) - PAST YEAR MISUSE,3,1681
OPINMMON2,RC-OPIOIDS (RX OPIOIDS OR HEROIN) - PAST MONTH MISUSE,3,1684
HERRXOPYR,RC-HEROIN USE AND/OR RX OPIOID MISUSE - PAST YEAR,5,1687
CNSNMYR,RC-CENTRAL NERVOUS SYSTEM STIMULANTS - PAST YEAR MISUSE,3,1692
CNSNMMON,RC-CENTRAL NERVOUS SYSTEM STIMULANTS - PAST MONTH MISUSE,3,1695
ILLFLAG,RC-ANY ILLICIT DRUG - EVER USED,3,1698
ILLYR,RC-ANY ILLICIT DRUG - PAST YEAR USE,3,1701
ILLMON,RC-ANY ILLICIT DRUG - PAST MONTH USE,3,1704
MJONLYFLAG2,RC-MARIJUANA ONLY - EVER USED,3,1707
MJONLYYR2,RC-MARIJUANA ONLY - PAST YEAR USE,3,1710
MJONLYMON2,RC-MARIJUANA ONLY - PAST MONTH USE,3,1713
ILLEMFLAG2,RC-ILLICIT DRUG OTHER THAN MARIJUANA - EVER USED,3,1716
ILLEMYR2,RC-ILLICIT DRUG OTHER THAN MARIJUANA - PAST YEAR,3,1719
ILLEMMON2,RC-ILLICIT DRUG OTHER THAN MARIJUANA-PAST MONTH,3,1722
CDUFLAG,RC-CIGARETTES DAILY - EVER USED,3,1725
DCIGMON,RC-PAST MONTH DAILY CIGARETTE USE,3,1728
CDCGMO,RC-EVER USED CIG DAILY AND PAST MONTH CIG USE,3,1731
CDNOCGMO,RC-EVER USED CIG DAILY AND NO PAST MONTH CIG USE,3,1734
BNGDRKMON,RC-BINGE ALCOHOL USE PAST 30 DAYS,3,1737
HVYDRKMON,RC-HEAVY ALCOHOL USE PAST 30 DAYS,3,1740
ILTOBALCFG,"RC-ILLICIT DRUG, TOBACCO PRD, OR ALCOHOL - EVER USED",3,1743
ILTOBALCYR,"RC-ILLICIT DRUG, TOBACCO PRD, OR ALCOHOL - PAST YEAR USE",3,1746
ILTOBALCMN,"RC-ILLICIT DRUG, TOBACCO PRD, OR ALC - PAST MONTH USE",3,1749
ILTOBVAPALC,"RC-TOBACCO, NICOTINE VAPING, ALCOHOL, ILLICIT DRUG - PST MON",3,1752
ILLALCMON,RC-ILLICIT DRUG OR ALCOHOL - PAST MONTH USE,3,1755
TOBALCFLG,RC-TOBACCO PRODUCT OR ALCOHOL - EVER USED,3,1758
TOBALCYR,RC-TOBACCO PRODUCT OR ALCOHOL - PAST YEAR USE,3,1761
TOBALCMN,RC-TOBACCO PRODUCT OR ALCOHOL - PAST MONTH USE,3,1764
ILLANDALC,RC-ILLICIT DRUG AND ALCOHOL USE - PAST YEAR USE,3,1767
ILLORALC,RC-ILLICIT DRUG OR ALCOHOL USE - PAST YEAR USE,3,1770
ILLALCFLG,RC-ILLICIT DRUG OR ALCOHOL - EVER USED,3,1773
PEYOTEEVER,RC-EVER USED PEYOTE,4,1776
MESCEVER,RC-EVER USED MESCALINE,4,1780
AMYLNIEVER2,"RC-EVER INHALED AMYL NITRITE, ""POPPERS"", RUSH, ETC.",4,1784
CLEFLUEVER2,"RC-EVER INHALED CORRECTION FLUID, DEGREASER, ETC.",4,1788
GASEVER2,RC-EVER INHALED GASOLINE OR LIGHTER FLUID,4,1792
GLUEEVER2,"RC-EVER INHALED GLUE, SHOE POLISH, OR TOLUENE",4,1796
ETHEREVER2,"RC-EVER INHALED HALOTHANE, ETHER, OR OTHER ANESTHETIC",4,1800
SOLVENEVER2,"RC-EVER INHALED LACQUER THINNER, OTHER PAINT SOLVENTS",4,1804
LGASEVER2,"RC-EVER INHALED LIGHTER GASES (BUTANE, PROPANE)",3,1808
NITOXIEVER2,"RC-EVER INHALED NITROUS OXIDE OR ""WHIPPITS""",4,1811
FLTMRKEVER2,RC-EVER USED FELT-TIP PENS/MARKERS TO GET HIGH,4,1815
SPAINTEVER2,RC-EVER INHALED SPRAY PAINTS,4,1819
AIRDUSEVER2,RC-EVER USED COMPUTER CLEANER/AIR DUSTER TO GET HIGH,4,1823
OTHAEREVER2,RC-EVER USED OTHER AEROSOL SPRAY,4,1827
RXHYDCANY2,RC-HYDROCODONE PRODUCTS - ANY PAST YEAR USE,4,1831
RXZOHYANY2,RC-ZOHYDRO ER - ANY PAST YEAR USE,4,1835
RXOXCOANY2,RC-OXYCODONE PRODUCTS - ANY PAST YEAR USE,4,1839
RXTRAMANY2,RC-TRAMADOL PRODUCTS - ANY PAST YEAR USE,4,1843
RXCODEANY2,RC-CODEINE PRODUCTS - ANY PAST YEAR USE,4,1847
RXMORPANY2,RC-MORPHINE PRODUCTS - ANY PAST YEAR USE,4,1851
RXBUPRANY2,RC-BUPRENORPHINE PRODUCTS - ANY PAST YEAR USE,4,1855
RXOXYMANY2,RC-OXYMORPHONE PRODUCTS - ANY PAST YEAR USE,4,1859
RXDEMEANY2,RC-DEMEROL PRODUCTS - ANY PAST YEAR USE,4,1863
RXHYDMANY2,RC-HYDROMORPHONE PRODUCTS - ANY PAST YEAR USE,4,1867
RXMTDNANY2,RC-METHADONE PRODUCTS - ANY PAST YEAR USE,4,1871
OTHRPNRANY2,RC-OTHER PAIN RELIEVER PRODUCTS - ANY PAST YEAR USE,4,1875
RXBZOTANY,RC-BENZODIAZEPINE TRANQUILIZERS - ANY PAST YEAR USE,4,1879
RXALPRANY,RC-ALPRAZOLEM PRODUCTS - ANY PAST YEAR USE,4,1883
RXLORAANY,RC-LORAZEPAM PRODUCTS - ANY PAST YEAR USE,4,1887
RXCLONANY,RC-CLONAZEP AM PRODUCTS - ANY PAST YEAR USE,4,1891
RXDIAZANY,RC-DIAZEPAM PRODUCTS - ANY PAST YEAR USE,4,1895
RXMRLXANY,RC-MUSCLE RELAXANTS - ANY PAST YEAR USE,4,1899
RXCYCLANY,RC-CYCLOBENZAPRINE PRODUCTS - ANY PAST YEAR USE,4,1903
RXSOMAANY,RC-SOMA PRODUCTS - ANY PAST YEAR USE,4,1907
OTHRTRQANY,RC-OTHER TRANQUILIZER- ANY PAST YEAR USE,4,1911
RXAMMEANY,RC-AMPHETAMINE OR METHYLPHENIDATE PRODS - ANY PAST YEAR USE,4,1915
RXAMPHANY,RC-AMPHETAMINE - ANY PAST YEAR USE,4,1919
RXMTHPANY,RC-METHYLPHENIDATE PRODUCTS - ANY PAST YEAR USE,4,1923
RXANORANY,RC-ANORECTIC STIMULANTS - ANY PAST YEAR USE,4,1927
RXPROVANY,RC-PROVIGIL PRODUCTS- ANY PAST YEAR USE,4,1931
OTHRSTMANY,RC-OTHER STIMULANT - ANY PAST YEAR USE,4,1935
RXZOLPANY,RC-ZOLPIDEM PRODUCTS - ANY PAST YEAR USE,4,1939
RXESZOANY,RC-ESZOPICLONE PRODUCTS - ANY PAST YEAR USE,4,1943
RXZALEANY,RC-ZALEPLON PRODUCTS - ANY PAST YEAR USE,4,1947
RXBZOSANY,RC-BENZODIAZEPINE SEDATIVES - ANY PAST YEAR USE,4,1951
RXTRIAANY,RC-TRIAZOLAM PRODUCTS - ANY PAST YEAR USE,4,1955
RXTEMAANY,RC-TEMAZEPAM PRODUCTS - ANY PAST YEAR USE,4,1959
RXFLURANY,RC-FLURAZEPAM PRODUCTS - ANY PAST YEAR USE,4,1963
RXBARBANY,RC-BARBITUATES - ANY PAST YEAR USE,4,1967
OTHRSEDANY,RC-OTHER SEDATIVE - ANY PAST YEAR USE,4,1971
RXHYDCMIS,RC-HYDROCODONE PRODUCTS - PAST YEAR MISUSE,4,1975
RXZOHYMIS,RC-ZOHYDRO ER - PAST YEAR MISUSE,4,1979
RXOXCOMIS,RC-OXYCODONE PRODUCTS - PAST YEAR MISUSE,4,1983
RXTRAMMIS,RC-TRAMADOL PRODUCTS - PAST YEAR MISUSE,4,1987
RXCODEMIS,RC-CODEINE PRODUCTS - PAST YEAR MISUSE,4,1991
RXMORPMIS,RC-MORPHINE PRODUCTS - PAST YEAR MISUSE,4,1995
RXBUPRMIS,RC-BUPRENORPHINE PRODUCTS - PAST YEAR MISUSE,4,1999
RXOXYMMIS,RC-OXYMORPHONE PRODUCTS - PAST YEAR MISUSE,4,2003
RXDEMEMIS,RC-DEMEROL PRODUCTS - PAST YEAR MISUSE,4,2007
RXHYDMMIS,RC-HYDROMORPHONE PRODUCTS - PAST YEAR MISUSE,4,2011
RXMTDNMIS,RC-METHADONE PRODUCTS - PAST YEAR MISUSE,4,2015
OTHRPNRMIS,RC-OTHER PAIN RELIEVER PRODUCTS - PAST YEAR MISUSE,4,2019
RXBZOTMIS,RC-BENZODIAZEPINE TRANQUILIZERS - PAST YEAR MISUSE,4,2023
RXALPRMIS,RC-ALPRAZOLEM PRODUCTS - PAST YEAR MISUSE,4,2027
RXLORAMIS,RC-LORAZEPAM PRODUCTS - PAST YEAR MISUSE,4,2031
RXCLONMIS,RC-CLONAZEPAM PRODUCTS - PAST YEAR MISUSE,4,2035
RXDIAZMIS,RC-DIAZEPAM PRODUCTS - PAST YEAR MISUSE,4,2039
RXMRLXMIS,RC-MUSCLE RELAXANTS - PAST YEAR MISUSE,4,2043
RXCYCLMIS,RC-CYCLOBENZAPRINE PRODUCTS - PAST YEAR MISUSE,4,2047
RXSOMAMIS,RC-SOMA PRODUCTS - PAST YEAR MISUSE,4,2051
OTHRTRQMIS,RC-OTHER TRANQUILIZER PRODUCTS - PAST YEAR MISUSE,4,2055
RXAMMEMIS,RC-AMPHETAMINE OR METHYLPHENIDATE PRODS - PAST YEAR MISUSE,4,2059
RXAMPHMIS,RC-AMPHETAMINE - PAST YEAR MISUSE,4,2063
RXMTHPMIS,RC-METHYLPHENIDATE PRODUCTS - PAST YEAR MISUSE,4,2067
RXANORMIS,RC-ANORECTIC STIMULANTS - PAST YEAR MISUSE,4,2071
RXPROVMIS,RC-PROVIGIL PRODUCTS- PAST YEAR MISUSE,4,2075
OTHRSTMMIS,RC-OTHER STIMULANT PRODUCTS - PAST YEAR MISUSE,4,2079
RXZOLPMIS,RC-ZOLPIDEM PRODUCTS - PAST YEAR MISUSE,3,2083
RXESZOMIS,RC-ESZOPICLONE PRODUCTS - PAST YEAR MISUSE,4,2086
OTHRSEDMIS2,RC-OTHER SEDATIVE PRODUCTS - PAST YEAR MISUSE,4,2090
RXBZOSMIS,RC-BENZODIAZEPINE SEDATIVES - PAST YEAR MISUSE,4,2094
RXBARBMIS,RC-BARBITURATES - PAST YEAR MISUSE,4,2098
ALCYDAYS,RC-# OF DAYS USED ALCOHOL IN PAST YEAR,7,2102
MRJYDAYS,RC-# OF DAYS USED MARIJUANA IN PAST YEAR,7,2109
COCYDAYS,RC-# OF DAYS USED COCAINE IN PAST YEAR,7,2116
CRKYDAYS,RC-# OF DAYS USED CRACK IN PAST YEAR,7,2123
HERYDAYS,RC-# OF DAYS USED HEROIN IN PAST YEAR,7,2130
HALLNDAYYR,RC-# OF DAYS USED HALLUCINOGENS IN PAST YEAR,7,2137
INHNDAYYR2,RC-# OF DAYS USED INHALANTS IN PAST YEAR,7,2144
METHNDAYYR,RC-# OF DAYS USED METHAMPHETAMINE IN PAST YEAR,7,2151
CIGMDAYS,RC-# OF DAYS USED CIGARETTES IN PAST MONTH,7,2158
CGRMDAYS,RC-# OF DAYS USED CIGARS IN PAST MONTH,6,2165
SMKLSMDAYS,RC-# OF DAYS USED SMOKELESS TOBACCO IN PAST MONTH,6,2171
NICVPMDAYS,RC-# OF DAYS VAPED NICOTINE IN PAST MONTH,6,2177
ALCMDAYS,RC-# OF DAYS USED ALCOHOL IN PAST MONTH,6,2183
MRJMDAYS,RC-# OF DAYS USED MARIJUANA IN PAST MONTH,6,2189
COCMDAYS,RC-# OF DAYS USED COCAINE IN PAST MONTH,6,2195
CRKMDAYS,RC-# OF DAYS USED CRACK IN PAST MONTH,6,2201
HERMDAYS,RC-# OF DAYS USED HEROIN IN PAST MONTH,6,2207
HALLNDAYPM,RC-# OF DAYS USED HALLUCINOGENS IN PAST MONTH,6,2213
INHNDAYPM2,RC-# OF DAYS USED INHALANTS IN PAST MONTH,6,2219
METHNDAYPM,RC-# OF DAYS USED METHAMPHETAMINE IN PAST MONTH,6,2225
PNRNDAYPM,RC-# OF DAYS MISUSED PAIN RELIEVERS IN PAST MONTH,6,2231
TRQNDAYPM,RC-# OF DAYS MISUSED TRANQUILIZERS IN PAST MONTH,6,2237
STMNDAYPM,RC-# OF DAYS MISUSED STIMULANTS IN PAST MONTH,6,2243
SEDNDAYPM,RC-# OF DAYS MISUSED SEDATIVES IN PAST MONTH,6,2249
BNGDRMDAYS,RC-# OF DAYS BINGE USED ALCOHOL IN PAST MONTH,6,2255
CIGPDAY,RC-# OF CIGARETTES SMOKED PER DAY AMONG DAILY SMOKERS,7,2261
CIG1PACK,RC-SMKED 1+ PCK OF CIGS PER DAY AMNG DLY SMKERS (1/0),4,2268
CIGAVGD,RC-AVG NUMBER OF CIGARETTES SMOKED PER DAY,9,2272
FUCIG18,RC-FIRST USED CIGARETTES PRIOR TO AGE 18,3,2281
FUCIG21,RC-FIRST USED CIGARETTES PRIOR TO AGE 21,3,2284
FUCD218,RC-FIRST USED CIGARETTES DAILY PRIOR TO AGE 18,3,2287
FUCD221,RC-FIRST USED CIGARETTES DAILY PRIOR TO AGE 21,3,2290
FUCGR18,RC-FIRST USED CIGARS PRIOR TO AGE 18,3,2293
FUCGR21,RC-FIRST USED CIGARS PRIOR TO AGE 21,3,2296
FUSMKLSS18,RC-FIRST USED SMOKELESS TOBACCO PRIOR TO AGE 18,3,2299
FUSMKLSS21,RC-FIRST USED SMOKELESS TOBACCO PRIOR TO AGE 21,3,2302
FUNICVAP18,RC-FIRST VAPED NICOTINE PRIOR TO AGE 18,3,2305
FUNICVAP21,RC-FIRST VAPED NICOTINE PRIOR TO AGE 21,3,2308
FUALC18,RC-FIRST USED ALCOHOL PRIOR TO AGE 18,3,2311
FUALC21,RC-FIRST USED ALCOHOL PRIOR TO AGE 21,3,2314
FUMJ18,RC-FIRST USED MARIJUANA PRIOR TO AGE 18,3,2317
FUMJ21,RC-FIRST USED MARIJUANA PRIOR TO AGE 21,3,2320
FUCOC18,RC-FIRST USED COCAINE PRIOR TO AGE 18,3,2323
FUCOC21,RC-FIRST USED COCAINE PRIOR TO AGE 21,3,2326
FUCRK18,RC-FIRST USED CRACK PRIOR TO AGE 18,3,2329
FUCRK21,RC-FIRST USED CRACK PRIOR TO AGE 21,3,2332
FUHER18,RC-FIRST USED HEROIN PRIOR TO AGE 18,3,2335
FUHER21,RC-FIRST USED HEROIN PRIOR TO AGE 21,3,2338
FUHALLUC18,RC-FIRST USED HALLUCINOGENS PRIOR TO AGE 18,3,2341
FUHALLUC21,RC-FIRST USED HALLUCINOGENS PRIOR TO AGE 21,3,2344
FULSD18,RC-FIRST USED LSD PRIOR TO AGE 18,3,2347
FULSD21,RC-FIRST USED LSD PRIOR TO AGE 21,3,2350
FUPCP18,RC-FIRST USED PCP PRIOR TO AGE 18,3,2353
FUPCP21,RC-FIRST USED PCP PRIOR TO AGE 21,3,2356
FUECSTMO18,RC-FIRST USED ECSTASY PRIOR TO AGE 18,3,2359
FUECSTMO21,RC-FIRST USED ECSTASY PRIOR TO AGE 21,3,2362
FUINHAL182,RC-FIRST USED INHALANTS PRIOR TO AGE 18,3,2365
FUINHAL212,RC-FIRST USED INHALANTS PRIOR TO AGE 21,3,2368
FUMETHAM18,RC-FIRST USED METHAMPHETAMINE PRIOR TO AGE 18,3,2371
FUMETHAM21,RC-FIRST USED METHAMPHETAMINE PRIOR TO AGE 21,3,2374
FUPNRNM18,RC-FIRST MISUSED PAIN RELIEVERS PRIOR TO AGE 18,3,2377
FUPNRNM21,RC-FIRST MISUSED PAIN RELIEVERS PRIOR TO AGE 21,3,2380
FUTRQNM18,RC-FIRST MISUSED TRANQUILIZERS PRIOR TO AGE 18,2,2383
FUTRQNM21,RC-FIRST MISUSED TRANQUILIZERS PRIOR TO AGE 21,3,2385
FUSTMNM18,RC-FIRST MISUSED STIMULANTS PRIOR TO AGE 18,3,2388
FUSTMNM21,RC-FIRST MISUSED STIMULANTS PRIOR TO AGE 21,3,2391
FUSEDNM21,RC-FIRST MISUSED SEDATIVES PRIOR TO AGE 21,3,2394
PNRMAINRSN,RC-MAIN REASON FOR MISUSING PAIN RELIEVERS LAST EPISODE,12,2397
TRQMAINRSN,RC-MAIN REASON FOR MISUSING TRANQUILIZERS LAST EPISODE,11,2409
STMMAINRSN,RC-MAIN REASON FOR MISUSING STIMULANTS LAST EPISODE,12,2420
SEDMAINRSN,RC-MAIN REASON FOR MISUSING SEDATIVES LAST EPISODE,9,2432
SRCPNRNM2,RC-SOURCE OF PAIN RELIEVERS FOR LAST MISUSE,10,2441
SRCTRQNM2,RC-SOURCE OF TRANQUILIZERS FOR LAST MISUSE,10,2451
SRCSTMNM2,RC-SOURCE OF STIMULANTS FOR LAST MISUSE,10,2461
SRCSEDNM2,RC-SOURCE OF SEDATIVES FOR LAST MISUSE,9,2471
SRCFRPNRNM,RC-SOURCE OF FRIEND/RELATIVE PAIN RELIEVERS FOR LAST MISUSE,10,2480
SRCFRTRQNM,RC-SOURCE OF FRIEND/RELATIVE TRANQUILIZERS FOR LAST MISUSE,10,2490
SRCFRSTMNM,RC-SOURCE OF FRIEND/RELATIVE STIMULANTS FOR LAST MISUSE,8,2500
SRCFRSEDNM,RC-SOURCE OF FRIEND/RELATIVE SEDATIVES FOR LAST MISUSE,5,2508
SRCCLFRPNR,RC-COLLAPSED SOURCE OF FRND/REL PAIN RLVRS FOR LAST MISUSE,5,2513
SRCCLFRTRQ,RC-COLLAPSED SOURCE OF FRND/REL TRANQLZRS FOR LAST MISUSE,5,2518
SRCCLFRSTM,RC-COLLAPSED SOURCE OF FRND/REL STIMULANTS FOR LAST MISUSE,5,2523
SRCCLFRSED,RC-COLLAPSED SOURCE OF FRND/REL SEDATIVES FOR LAST MISUSE,4,2528
RXOPPRNMMON,RC-PRESCRIPTION OPIOIDS - PAST MONTH MISUSE,3,2532
NOOPPRANYYR,RC-NONOPIOID PRESCRIPTION PNR - ANY PAST YEAR USE,3,2535
NOOPPRNMYR,RC-NONOPIOID PRESCRIPTION PNR - PAST YEAR MISUSE,3,2538
IRNPCOLDREC,NONPRESCRIPTION COUGH OR COLD MEDS RECENCY - IMPUTATION REV,5,2541
IINPCOLDREC,NONPRESCRIPTION COUGH OR COLD MEDS RECENCY - IMPUTATION IND,4,2546
IRGHBREC,GHB RECENCY - IMPUTATION REVISED,5,2550
ANYNDLREC,RC-MOST RECENT USE OF ANY DRUG WITH A NEEDLE,8,2555
CHMNDLREC,RC-MOST RECENT USE OF COC/HER/METH WITH A NEEDLE,8,2563
HERNEDEVER,RC-EVER USED A NEEDLE TO INJECT HEROIN,4,2571
COCNEDEVER,RC-EVER USED A NEEDLE TO INJECT COCAINE,4,2575
MTHNEDEVER,RC-EVER USED NEEDLE TO INJECT METHAMPHETAMINE,4,2579
HERSMOEVER,RC-EVER SMOKED HEROIN,4,2583
HERSNIEVER,RC-EVER SNIFFED HEROIN,4,2587
NPCOLDFLAG,RC-NONPRESCRIPTION COUGH OR COLD MEDS - EVER USED,3,2591
NPCOLDYR,RC-NONPRESCRIPTION COUGH OR COLD MEDS - PAST YEAR USE,3,2594
NPCOLDMON,RC-NONPRESCRIPTION COUGH OR COLD MEDS - PAST MONTH USE,3,2597
GHBFLAG,RC-GHB - EVER USED,3,2600
GHBYR,RC-GHB - PAST YEAR USE,3,2603
GHBMON,RC-GHB - PAST MONTH USE,3,2606
IRPYUD5ALC,ALCOHOL USE DISORDER IN THE PAST YEAR - IMP REV,3,2609
IRPYUD5MRJ,MARIJUANA USE DISORDER IN THE PAST YEAR - IMP REV,3,2612
IRPYUD5COC,COCAINE USE DISORDER IN THE PAST YEAR - IMP REV,3,2615
IRPYUD5HER,HEROIN USE DISORDER IN THE PAST YEAR - IMP REV,3,2618
IRPYUD5HAL,HALLUCINOGEN USE DISORDER IN THE PAST YEAR - IMP REV,3,2621
IRPYUD5INH,INHALANT USE DISORDER IN THE PAST YEAR - IMP REV,3,2624
IRPYUD5MTH,METHAMPHETAMINE USE DISORDER IN THE PAST YEAR - IMP REV,3,2627
IRUD5PNRMIS,"PAIN RELIEVER USE DISORDER, PY MISUERS - IMP REV",3,2630
IRUD5PNRUNM2,"PAIN RELIEVER USE DISORD, PY USERS BUT NOT MISUSERS-IMP REV",3,2633
IRUD5TRQMIS,"TRANQUILIZER USE DISORDER, PY MISUSERS - IMP REV",3,2636
IRUD5TRQUNM,"TRANQUILIZER USE DISORDER, PY USERS BUT NOT MISUSERS-IMP REV",3,2639
IRUD5STMMIS,"STIMULANT USE DISORDER, PY MISUSERS - IMP REV",3,2642
IRUD5STMUNM,"STIMULANT USE DISORDER, PY USERS BUT NOT MISUSERS - IMP REV",3,2645
IRUD5SEDMIS,"SEDATIVE USE DISORDER, PY MISUSERS - IMP REV",3,2648
IRUD5SEDUNM,"SEDATIVE USE DISORDER, PY USERS BUT NOT MISUSERS - IMP REV",3,2651
IRPYSEV5ALC,ALCOHOL USE DISORDER SEVERITY IN THE PAST YEAR - IMP REV,5,2654
IRPYSEV5MRJ,MARIJUANA USE DISORDER SEVERITY IN THE PAST YEAR - IMP REV,5,2659
IRPYSEV5COC,COCAINE USE DISORDER SEVERITY IN THE PAST YEAR - IMP REV,5,2664
IRPYSEV5HER,HEROIN USE DISORDER SEVERITY IN THE PAST YEAR - IMP REV,5,2669
IRPYSEV5HAL,HALLUCINOGEN USE DISORDER SEVERITY IN THE PAST YR - IMP REV,5,2674
IRPYSEV5INH,INHALANT USE DISORDER SEVERITY IN THE PAST YEAR - IMP REV,5,2679
IRPYSEV5MTH,METHAMPHETAMINE USE DISORDER SEVERITY IN PAST YR - IMP REV,5,2684
IRSEVPNRMIS,"PAIN RELIEVER USE DISORDER SEVERITY, PY MISUSERS - IMP REV",5,2689
IRSEVPNRUNM2,"PAIN RELIEVER USE DIS SEV, PY USERS BUT NOT MISUSERS-IMP REV",5,2694
IRSEVTRQMIS,"TRANQUILIZER USE DISORDER SEVERITY, PY MISUSERS - IMP REV",5,2699
IRSEVTRQUNM,"TRANQUILIZER USE DIS SEV, PY USERS BUT NOT MISUSERS-IMP REV",5,2704
IRSEVSTMMIS,"STIMULANT USE DISORDER SEVERITY, PY MISUSERS - IMP REV",5,2709
IRSEVSTMUNM,"STIMULANT USE DIS SEV, PY USERS BUT NOT MISUSERS - IMP REV",5,2714
IRSEVSEDMIS,"SEDATIVE USE DISORDER SEVERITY, PY MISUSERS - IMP REV",5,2719
IRSEVSEDUNM,"SEDATIVE USE DIS SEV, PY USERS BUT NOT MISUSERS - IMP REV",5,2724
UD5TRQSDANY,RC-TRANQUILIZER OR SEDATIVE USE DISORDER - PAST YEAR USERS,3,2729
UD5PSYANY,RC-PSYCHOTHERAPEUTIC USE DISORDER - PAST YEAR USERS,3,2732
UD5OPIANY2,RC-OPIOID (RX OPI OR HEROIN) USE DISORDER - PAST YEAR USERS,3,2735
UD5HROPANY,RC-HEROIN/RX OPIOID USE DISORDER - PAST YEAR USERS,5,2738
UD5CNSANY,RC-CNS STIMULANT USE DISORDER - PAST YEAR USERS,3,2743
UD5ILLANY,RC-DRUG USE DISORDER - PAST YEAR USERS,3,2746
UD5IEMANY,RC-DRUG OTHER THAN MRJ USE DISORDER - PAST YEAR USERS,3,2749
UD5ILALANY,RC-DRUG OR ALCOHOL USE DISORDER - PAST YEAR USERS,3,2752
UD5ILAALANY,RC-DRUG AND ALCOHOL USE DISORDER - PAST YEAR USERS,3,2755
UD5ILNALANY,"RC-DRUG USE DISORDER, NO ALC USE DISORDER - PAST YEAR USERS",3,2758
UD5ALNILANY,"RC-ALC USE DISORDER, NO DRUG USE DISORDER - PAST YEAR USERS",3,2761
UDYR5OPPRANY,"RC-RX OPIOID USE DISORDER, PY USERS",3,2764
UDYR5PNRANY2,"RC-PAIN RELIEVER USE DISORDER, PY USERS",3,2767
UDYR5SEDANY,"RC-SEDATIVE USE DISORDER, PY USERS",3,2770
UDYR5STMANY,"RC-STIMULANT USE DISORDER, PY USERS",3,2773
UDYR5TRQANY,"RC-TRANQUILIZER USE DISORDER, PY USERS",3,2776
UD5CNSGRP,"RC-CNS STM USE DISORDER - PY USE, MISUSE, USE/NOT MISUSE",4,2779
UD5OPIGRP,"RC-OPIOID USE DISORDER - PY USE, MISUSE, USE/NOT MISUSE",4,2783
UD5TRQSDGRP,"RC-TRQ/STM USE DISORDER - PY USE, MISUSE, USE/NOT MISUSE",4,2787
SEVYRPNRANY2,"RC-PAIN RELIEVER USE DISORDER SEVERITY, PY USERS",5,2791
SEVYROPPRANY,"RC-RX OPIOID USE DISORDER SEVERITY, PY USERS",5,2796
SEVYRTRQANY,"RC-TRANQUILIZER USE DISORDER SEVERITY, PY USERS",5,2801
SEVYRSTMANY,"RC-STIMULANT USE DISORDER SEVERITY, PY USERS",5,2806
SEVYRSEDANY,"RC-SEDATIVE USE DISORDER SEVERITY, PY USERS",5,2811
SVYRTQSDANY,"RC-TRANQUILIZER OR SEDATIVE USE DISORDER SEVERITY, PY USERS",5,2816
SVYRPSYANY,"RC-PSYCHOTHERAPUETIC USE DISORDER SEVERITY, PY USERS",5,2821
SVYROPIANY2,"RC-OPIOID (RX OPIOIDS OR HEROIN) USE DISORDER SEV, PY USERS",5,2826
SVYRCNSANY,"RC-CNS STIMULANT USE DISORDER SEVERITY, PY USERS",5,2831
SVYRDUDANY,"RC-DRUG USE DISORDER SEVERITY, PY USERS",5,2836
SVYRSUDANY,"RC-SUBSTANCE USE DISORDER SEVERITY, PY USERS",5,2841
SVYRTQSDMIS,"RC-TRANQUILIZER/SEDATIVE USE DISORDER SEVERITY, PY MISUSERS",5,2846
SVYROPIMIS,"RC-OPIOID USE DISORDER SEVERITY, PY MISUSERS",5,2851
SVYRCNSMIS,"RC-CNS STIMULANT USE DISORDER SEVERITY, PY MISUSERS",5,2856
SVYRTQSDUNM,"RC-TRANQ/SED USE DIS SEV, PY USERS/NOT MISUSERS ONLY",5,2861
SVYROPIUNM,"RC-OPIOID USE DIS SEV, PY RX OPIOID USERS/NOT MISUSERS ONLY",5,2866
SVYRCNSUNM,"RC-CNS STIM USE DIS SEV, PY STM USERS/ NOT MISUSERS ONLY",5,2871
MRJYRBFR,USE MJ/CANNABIS EVEN ONCE YR BEFORE LAST,8,2876
MRJMLU,MONTH OF LAST MARIJUANA/CANNABIS USE - RECODE,20,2884
CIGMLU,MONTH OF LAST CIGARETTE USE - RECODE,20,2904
CIGDLMLU,MONTH OF LAST CIGARETTE USE EVERY DAY - RECODE,20,2924
SMKMOLAST,MONTH OF LAST SMOKELESS TOBACCO USE - RECODE,20,2944
CIGARMLU,MONTH OF LAST CIGAR/CIGARILLO USE - RECODE,20,2964
ALCMLU,MONTH OF LAST ALCOHOL USE - RECODE,20,2984
COCMLU,MONTH OF LAST COCAINE USE - RECODE,20,3004
CRKMLU,MONTH OF LAST CRACK USE - RECODE,20,3024
HERMLU,MONTH OF LAST HEROIN USE - RECODE,20,3044
HALLMOLST,MONTH OF LAST HALLUCINOGEN USE - RECODE,20,3064
LSDMLU,MONTH OF LAST LSD USE - RECODE,20,3084
PCPMLU,MONTH OF LAST PCP USE - RECODE,17,3104
ECSTMOMLU,MONTH OF LAST ECSTASY OR MOLLY USE - RECODE,20,3121
INHLMOLST,MONTH OF LAST INHALANT USE - RECODE,20,3141
METHMOLST,MONTH OF LAST METH USE - RECODE,20,3161
CIGYRBFR,SMOKE ALL OR PART OF CIGARETTE IN YR BEFORE LAST,9,3181
ALCYRBFR,HAVE ALCOHOLIC BEVERAGE IN YEAR BEFORE LAST,8,3190
COCYRBFR,HAVE ANY FORM OF COCAINE IN YEAR BEFORE LAST,8,3198
RSKCIGPKD,RISK SMOKING 1 OR MORE PACKS CIGARETTES PER DAY,9,3206
RSKMRJMON,RISK SMOKING MARIJUANA ONCE A MONTH,9,3215
RSKMRJWK,RISK SMOKING MARIJUANA ONCE OR TWICE A WEEK,9,3224
RSKLSDTRY,RISK TRYING LSD ONCE OR TWICE,9,3233
RSKLSDWK,RISK USING LSD ONCE OR TWICE A WEEK,9,3242
RSKHERTRY,RISK TRYING HEROIN ONCE OR TWICE,9,3251
RSKHERWK,RISK USING HEROIN ONCE OR TWICE A WEEK,9,3260
RSKCOCMON,RISK USING COCAINE ONCE A MONTH,9,3269
RSKCOCWK,RISK USING COCAINE ONCE OR TWICE A WEEK,9,3278
RSKBNGDLY,RISK HAVING 4 OR 5 DRINKS NEARLY EVERY DAY,9,3287
RSKBNGWK,RISK HAVING 5 OR MORE DRINKS ONCE OR TWICE A WEEK,9,3296
DIFGETMRJ,HOW DIFFICULT TO GET MARIJUANA,10,3305
DIFGETLSD,HOW DIFFICULT TO GET LSD,10,3315
DIFGETCOC,HOW DIFFICULT TO GET COCAINE,10,3325
DIFGETCRK,"HOW DIFFICULT TO GET ""CRACK""",10,3335
DIFGETHER,HOW DIFFICULT TO GET HEROIN,10,3345
APPDRGMON,APPROACHED BY SOMEONE SELLING ILL DRUG PST 30 DYS,7,3355
RSKYFQDGR,GET A REAL KICK OUT OF DOING DANGEROUS THINGS,9,3362
RSKYFQTES,LIKE TO TEST YOURSELF BY DOING RISKY THINGS,9,3371
RKFQPBLT,WEAR A SEATBELT WHEN RIDE FRONT PASS SEAT OF CAR,9,3380
RKFQDBLT,WEAR A SEATBELT WHEN YOU DRIVE A CAR,10,3389
GRSKCIGPKD,RC-GREAT RISK:  SMOKE 1+ PACKS CIGARETTES PER DAY,4,3399
GRSKMRJMON,RC-GREAT RISK:  USE MARIJUANA ONCE A MONTH,4,3403
GRSKMRJWK,RC-GREAT RISK:  USE MARIJUANA 1-2 TIMES PER WEEK,4,3407
GRSKCOCMON,RC-GREAT RISK:  USE COCAINE ONCE A MONTH,4,3411
GRSKCOCWK,RC-GREAT RISK:  USE COCAINE 1-2 TIMES PER WEEK,4,3415
GRSKHERTRY,RC-GREAT RISK:  TRYING HEROIN ONCE OR TWICE,4,3419
GRSKHERWK,RC-GREAT RISK:  USE HEROIN 1-2 TIMES PER WEEK,4,3423
GRSKLSDTRY,RC-GREAT RISK:  TRYING LSD ONCE OR TWICE,4,3427
GRSKLSDWK,RC-GREAT RISK:  USE LSD 1-2 TIMES PER WEEK,4,3431
GRSKBNGDLY,RC-GREAT RISK:  HAVE 4-5 ALC DRINKS PER DAY,4,3435
GRSKBNGWK,RC-GREAT RISK:  HAVE 5+ ALC DRINKS 1-2 TIMES PER WEEK,4,3439
DIFOBTMRJ,RC-MARIJUANA FAIRLY OR VERY EASY TO OBTAIN,4,3443
DIFOBTCOC,RC-COCAINE FAIRLY OR VERY EASY TO OBTAIN,4,3447
DIFOBTCRK,RC-CRACK FAIRLY OR VERY EASY TO OBTAIN,4,3451
DIFOBTHER,RC-HEROIN FAIRLY OR VERY EASY TO OBTAIN,4,3455
DIFOBTLSD,RC-LSD FAIRLY OR VERY EASY TO OBTAIN,4,3459
APPDRGMON2,RC-APPROACHED BY SOMEONE SELLING DRUGS,4,3463
SNYSELL,SOLD ILLEGAL DRUGS,10,3467
SNYSTOLE,STOLEN/TRIED TO STEAL ANYTHING WORTH > $50,10,3477
SNYATTAK,ATTACKED SOMEONE W/INTENT TO SERIOUSLY HURT THEM,10,3487
SNAFLMJTRY,HOW YOU FEEL ABOUT ADULTS TRYING MJ/CANNABIS,10,3497
SNRLGIMP,MY RELIGIOUS BELIEFS ARE VERY IMPORTANT,9,3507
SNRLDCSN,MY RELIGIOUS BELIEFS INFLUENCE MY DECISIONS,9,3516
SNRLFRND,IT IS IMPORTANT THAT MY FRIENDS SHARE REL BELIEFS,9,3525
PREGSTAT,CURRENTLY PREGNANT (FEMALES AGED 12-50),8,3534
HTANSWER,PREFERRED WAY TO REPORT HEIGHT,7,3542
WTANSWER,PREFERRED WAY TO REPORT WEIGHT,7,3549
INHOSPYR,STAYED OVERNIGHT AS INPNT IN HOSP PAST 12 MOS,7,3556
NMVSOEST,# TIMES VISITED DR ABOUT OWN HEALTH PST YR,14,3563
TELEAPTYR,TALK TO DOC ABOUT HEALTH OVER PHONE/EMAIL/VIDEO PST 12 MOS,7,3577
HPUSETOB,HEALTH PROF ASKED PST 12 MOS: TOBACCO USE,8,3584
HPUSEALC,HEALTH PROF ASKED PST 12 MOS: ALCOHOL USE,8,3592
HPUSEDRG,HEALTH PROF ASKED PST 12 MOS: DRUG USE,8,3600
HPQTTOB,HEALTH PROF ADVISED YOU TO QUIT TOBACCO USE,10,3608
HPALCAMT2,DOCTOR ASKED HOW MUCH YOU DRINK,9,3618
HPALCFRQ2,DOCTOR ASKED HOW OFTEN YOU DRINK,10,3627
HPALCPRB2,DOCTOR ASKED IF ANY DRINKING PROBS,9,3637
HPALCCUT2,DOCTOR ADVISED YOU TO CUT DOWN ON DRINKING,9,3646
HPALCTX2,DOCTOR OFFERED INFO ABOUT ALCOHOL TREATMT,9,3655
HPALCNOT2,DOCTOR DIDNT DISCUSS MY ALCOHOL USE WITH ME,9,3664
HPDRGTALK,HEALTH PROF DISCUSSED MY DRUG USE WITH ME,10,3673
HRTCONDEV2,EVER TOLD HAD HEART CONDITION,7,3683
DIABETEVR2,EVER TOLD HAD DIABETES/SUGAR DIABETES,7,3690
COPDEVER2,EVER TOLD HAD CHRONIC BRONCHITIS OR COPD,7,3697
CIRROSEVR2,EVER TOLD HAD CIRRHOSIS OF THE LIVER,7,3704
HEPBCEVER2,EVER TOLD HAD HEPATITIS B OR C,7,3711
KIDNYDSEV2,EVER TOLD HAD KIDNEY DISEASE,7,3718
ASTHMAEVR2,EVER TOLD HAD ASTHMA,7,3725
HIVAIDSEV2,EVER TOLD HAD HIV OR AIDS,7,3732
CANCEREVR2,EVER TOLD HAD CANCER,7,3739
HIGHBPEVR2,EVER TOLD HAD HIGH BLOOD PRESSURE,7,3746
NONABOVEV2,NEVER HAD ANY OF THESE CONDITIONS,7,3753
CABLADDER,TYPE OF CANCER: BLADDER,8,3760
CABLOLEULYM,TYPE OF CANCER: BLOOD/LEUKEMIA/LYMPHOMA,8,3768
CAOTHER2,TYPE OF CANCER: OTHER,8,3776
CABREAST,TYPE OF CANCER: BREAST,8,3784
CACERVIX,TYPE OF CANCER: CERVIX (FEMALES ONLY),8,3792
CACOLNRECT,TYPE OF CANCER: COLON/RECTUM,8,3800
CAESOPSTOM,TYPE OF CANCER: ESOPHAGUS/STOMACH,8,3808
CAGALLIVPAN,TYPE OF CANCER: GALLBLADDER/LIVER/PANCREAS,8,3816
CAKIDNEY,TYPE OF CANCER: KIDNEY,8,3824
CALARYLUNG,TYPE OF CANCER: LARYNX/WINDPIPE/LUNG,8,3832
CAMELANOM,TYPE OF CANCER: MELANOMA,8,3840
CAMOUTTHRO,TYPE OF CANCER: MOUTH/TONGUE/LIP/THROAT/PHARYNX,8,3848
CAOVARY,TYPE OF CANCER: OVARY (FEMALES ONLY),8,3856
CAPROSTEST,TYPE OF CANCER: PROSTATE/TESTIS (MALES ONLY),7,3864
CASKINOTH,TYPE OF CANCER: SKIN (NOT MELANOMA),8,3871
CASKINDK,TYPE OF CANCER: SKIN DON'T KNOW WHICH KIND,8,3879
CATHYROID,TYPE OF CANCER: THYROID,8,3887
CAUTERUS,TYPE OF CANCER: UTERUS (FEMALES ONLY),8,3895
CANCERYR,HAD ANY CANCER PAST 12 MONTHS,10,3903
HRTCONDYR,HAD HEART CONDITION PAST 12 MONTHS,9,3913
ASTHMANOW,STILL HAVE ASTHMA,7,3922
HIGHBPMED,TAKING MEDS FOR HIGH BLOOD PRESSURE,8,3929
PREGST,RC-PREGNANCY STATUS OF FEMALES AGED 12-50,5,3937
TELEAPTYR2,RC-TALK TO DOC ABOUT VIRTUAL SERVICE TREATMENT-PAST YEAR,4,3942
CASUPROB,THINK EVER HAD PROBLEM WITH OWN DRUG OR ALCOHOL USE,7,3946
CASURCVR,THINK IN RECOVERY FROM DRUG OR ALCOHOL PROBLEM,8,3953
CAMHPROB,THINK EVER HAD PROBLEM WITH OWN MENTAL HEALTH,7,3961
CAMHRCVR,THINK IN RECOVERY FROM MENTAL HEALTH PROBLEM,8,3968
KRATEVER,EVER USED KRATOM,7,3976
KRATREC,TIME SINCE LAST USED KRATOM,8,3983
FLVVAPEVR,EVER VAPED ONLY FLAVORING WITHOUT NICOTINE/SUBSTANCE,7,3991
FLVVAPREC,TIME SINCE LAST VAPED ONLY FLAVORING,8,3998
SYNMRJEVR,EVER USED SYNTHETIC MARIJUANA,7,4006
SYNMRJREC,TIME SINCE LAST USED SYNTHETIC MARIJUANA,8,4013
SYNSTMEVR,EVER USED SYNTHETIC STIMULANTS,7,4021
SYNSTMREC,TIME SINCE LAST USED SYNTHETIC STIMULANTS,7,4028
IMFEVER,EVER USED ILLEGALLY MADE FENTANYL,7,4035
IMFNDLEVER,EVER INJECTED ILLEGALLY MADE FENTANYL WITH NEEDLE,7,4042
IRKRATREC,KRATOM RECENCY - IMPUTATION REVISED,5,4049
IRFLVVAPREC,ONLY FLAVORING VAPING RECENCY - IMPUTATION REVISED,5,4054
IRSYNMRJREC,SYNTHETIC MARIJUANA RECENCY - IMPUTATION REVISED,5,4059
IRSYNSTMREC,SYNTHETIC STIMULANTS RECENCY - IMPUTATION REVISED,5,4064
IRIMFREC,ILLEGALLY MADE FENTANYL RECENCY - IMPUTATION REVISED,5,4069
CASUPROB2,RC-PERCEIVED EVER HAD DRUG OR ALCOHOL USE PROBLEM,4,4074
RCVYSUBPRB,RC-PERCEIVED RECOVERY FROM DRUG OR ALCOHOL USE PROBLEM,4,4078
CAMHPROB2,RC-PERCEIVED EVER HAD A MENTAL HEALTH ISSUE,4,4082
RCVYMHPRB,RC-PERCEIVED RECOVERY FROM MENTAL HEALTH ISSUE,4,4086
KRATOMFLAG,RC-KRATOM - EVER USED,3,4090
KRATOMYR,RC-KRATOM - PAST YEAR USE,3,4093
KRATOMMON,RC-KRATOM - PAST MONTH USE,3,4096
FLVVAPFLAG,RC-ONLY FLAVORING VAPING - EVER USED,3,4099
FLVVAPYR,RC-ONLY FLAVORING VAPING - PAST YEAR USE,3,4102
FLVVAPMON,RC-ONLY FLAVORING VAPING - PAST MONTH USE,3,4105
SYNMRJFLAG,RC-SYNTHETIC MARIJUANA - EVER USED,3,4108
SYNMRJYR,RC-SYNTHETIC MARIJUANA - PAST YEAR USE,3,4111
SYNMRJMON,RC-SYNTHETIC MARIJUANA - PAST MONTH USE,3,4114
SYNSTMFLAG,RC-SYNTHETIC STIMULANTS - EVER USED,3,4117
SYNSTMYR,RC-SYNTHETIC STIMULANTS - PAST YEAR USE,3,4120
SYNSTMMON,RC-SYNTHETIC STIMULANTS - PAST MONTH USE,3,4123
IMFFLAG,RC-ILLEGALLY MADE FENTANYL - EVER USED,3,4126
IMFYR,RC-ILLEGALLY MADE FENTANYL - PAST YEAR USE,3,4129
IMFMON,RC-ILLEGALLY MADE FENTANYL - PAST MONTH USE,3,4132
IMFNEDFLAG,RC-EVER USED A NEEDLE TO INJECT IMF,4,4135
ANYNEDFLAG,RC-EVER USED A NEEDLE TO INJECT DRUGS,4,4139
ANYNEDYR,RC- USED A NEEDLE TO INJECT DRUGS - PAST YEAR,4,4143
FPIMFANYYR2,RC-FENTANYL PRODUCTS INCLUDING IMF - ANY PAST YEAR USE,3,4147
FPIMFNMYR,RC-FENTANYL PRODUCTS INCLUDING IMF - PAST YEAR MISUSE,3,4150
OPIIMFNMYR2,RC-OPIOIDS (RX OPIOIDS OR HER) INCLUDING IMF - PST YR MISUSE,3,4153
OPIIMFNMMN2,RC-OPIOIDS (RX OPIOIDS OR HER) INCLUDING IMF - PST MO MISUSE,3,4156
ILIMFOTHFG,"RC-ILLICIT DRUG, IMF, OR OTHER SUB - EVER USED",3,4159
ILIMFOTHYR,"RC-ILLICIT DRUG, IMF, OR OTHER SUB - PAST YEAR USE",3,4162
ILIMFOTHMN,"RC-ILLICIT DRUG, IMF, OR OTHER SUB - PAST MONTH USE",3,4165
EDUSCKMON_estado,EDUSCKMON_estado,9,4168
EDUSCKCOM_estado,EDUSCKCOM_estado,7,4177
EDUSKPMON_estado,EDUSKPMON_estado,8,4184
EDUSKPCOM_estado,EDUSKPCOM_estado,6,4192
WRKDHRSWK2_estado,WRKDHRSWK2_estado,8,4198
WRKNJBWKS_estado,WRKNJBWKS_estado,7,4206
WRKLASTYR2_estado,WRKLASTYR2_estado,9,4213
WRKSICKMO_estado,WRKSICKMO_estado,8,4222
WRKSKIPMO_estado,WRKSKIPMO_estado,8,4230
NRCH17_2_estado,NRCH17_2_estado,4,4238
HLCNOTMO_estado,HLCNOTMO_estado,6,4242
IRWELMOS_estado,IRWELMOS_estado,3,4248
CIGAVGM_estado,CIGAVGM_estado,3,4251
ALCNUMDKPM_estado,ALCNUMDKPM_estado,3,4254
MRJAGLST_estado,MRJAGLST_estado,9,4257
MRJYLU_estado,MRJYLU_estado,9,4266
CIGAGLST_estado,CIGAGLST_estado,8,4275
CIGYLU_estado,CIGYLU_estado,9,4283
CIGDLLST_estado,CIGDLLST_estado,8,4292
CIGDLYLU_estado,CIGDLYLU_estado,9,4300
SMKAGLAST_estado,SMKAGLAST_estado,9,4309
SMKYRLAST_estado,SMKYRLAST_estado,9,4318
CGRAGLST_estado,CGRAGLST_estado,8,4327
CIGARYLU_estado,CIGARYLU_estado,9,4335
ALCAGLST_estado,ALCAGLST_estado,9,4344
ALCYLU_estado,ALCYLU_estado,9,4353
COCAGLST_estado,COCAGLST_estado,9,4362
COCYLU_estado,COCYLU_estado,9,4371
CRKAGLST_estado,CRKAGLST_estado,8,4380
CRKYLU_estado,CRKYLU_estado,9,4388
HERAGLST_estado,HERAGLST_estado,8,4397
HERYLU_estado,HERYLU_estado,9,4405
HALLAGLST_estado,HALLAGLST_estado,9,4414
HALLYRLST_estado,HALLYRLST_estado,9,4423
LSDAGLST_estado,LSDAGLST_estado,9,4432
LSDYLU_estado,LSDYLU_estado,9,4441
PCPAGLST_estado,PCPAGLST_estado,8,4450
PCPYLU_estado,PCPYLU_estado,8,4458
ECSTMOAGL_estado,ECSTMOAGL_estado,9,4466
ECSTMOYLU_estado,ECSTMOYLU_estado,9,4475
INHLAGLST_estado,INHLAGLST_estado,8,4484
INHLYRLST_estado,INHLYRLST_estado,9,4492
METHAGLST_estado,METHAGLST_estado,8,4501
METHYRLST_estado,METHYRLST_estado,9,4509
HTINCHE2_estado,HTINCHE2_estado,6,4518
WTPOUND2_estado,WTPOUND2_estado,6,4524
NMERTMT2_estado,NMERTMT2_estado,7,4530
NMNGTHS2_estado,NMNGTHS2_estado,8,4537
NMVSOPT2_estado,NMVSOPT2_estado,10,4545
HRTCONDAG_estado,HRTCONDAG_estado,7,4555
DIABETEAG_estado,DIABETEAG_estado,7,4562
COPDAGE_estado,COPDAGE_estado,6,4569
CIRROSAGE_estado,CIRROSAGE_estado,6,4575
HEPBCAGE_estado,HEPBCAGE_estado,6,4581
KIDNYDSAG_estado,KIDNYDSAG_estado,7,4587
ASTHMAAGE_estado,ASTHMAAGE_estado,7,4594
HIVAIDSAG_estado,HIVAIDSAG_estado,7,4601
HIGHBPAGE_estado,HIGHBPAGE_estado,6,4608
BMI2_estado,BMI2_estado,3,4614
