variable,tipo_variable,valor_mas_frecuente,freq_valor_mas_frecuente,freq_resto,pct_valor_mas_frecuente
FUTRQNM18,Binaria,2.0,37838,1,99.99735722402812
FUSEDNM21,Binaria,2.0,37838,1,99.99735722402812
FUSTMNM18,Binaria,2.0,37836,3,99.99207167208436
RXBARBMIS,Binaria,0.0,37835,4,99.98942889611247
FUPNRNM18,Binaria,2.0,37835,4,99.98942889611247
PCPMON,Binaria,0.0,37834,5,99.9867861201406
SALVIAMON,Binaria,0.0,37833,6,99.98414334416871
RXPROVMIS,Binaria,0.0,37828,11,99.97092946430931
FUTRQNM21,Binaria,2.0,37827,12,99.96828668833743
RXZOHYMIS,Binaria,0.0,37826,13,99.96564391236555
OTHRSTMMIS,Binaria,0.0,37826,13,99.96564391236555
RXESZOMIS,Binaria,0.0,37826,13,99.96564391236555
SALVIAYR,Binaria,0.0,37825,14,99.96300113639367
HLCALL99,Binaria,98.0,37824,15,99.9603583604218
RXBZOSMIS,Binaria,0.0,37824,15,99.9603583604218
RXDEMEMIS,Binaria,0.0,37823,16,99.9577155844499
CADRKHERN2,Binaria,0.0,37822,17,99.95507280847804
DAMTFXMON,Binaria,0.0,37822,17,99.95507280847804
SYNSTMMON,Binaria,0.0,37822,17,99.95507280847804
RXSOMAMIS,Binaria,0.0,37821,18,99.95243003250614
GHBMON,Binaria,0.0,37818,21,99.94450170459051
RXFLURANY,Binaria,0.0,37816,23,99.93921615264674
FUSTMNM21,Binaria,2.0,37813,26,99.9312878247311
PCPYR,Binaria,0.0,37811,28,99.92600227278734
FUPNRNM21,Binaria,2.0,37810,29,99.92335949681545
OTHRTRQMIS,Binaria,0.0,37809,30,99.92071672084357
GHBYR,Binaria,0.0,37806,33,99.91278839292794
SYNSTMYR,Binaria,0.0,37806,33,99.91278839292794
RXOXYMMIS,Binaria,0.0,37805,34,99.91014561695604
RXANORMIS,Binaria,0.0,37805,34,99.91014561695604
RXHYDMMIS,Binaria,0.0,37804,35,99.90750284098418
RXMTDNMIS,Binaria,0.0,37803,36,99.90486006501229
SEDNMMON,Binaria,0.0,37800,39,99.89693173709665
OTHRSEDMIS2,Binaria,0.0,37800,39,99.89693173709665
SEDNDAYPM,Categórica con pocas categorías,5.0,37800,39,99.89693173709665
IRUD5SEDMIS,Binaria,0.0,37798,41,99.89164618515288
IRSEVSEDMIS,Categórica con pocas categorías,9.0,37798,41,99.89164618515288
SRCFRSEDNM,Categórica con pocas categorías,,37796,43,99.88636063320912
SRCCLFRSED,Binaria,,37796,43,99.88636063320912
CRKMON,Binaria,0.0,37789,50,99.86786120140596
LSDMON,Binaria,0.0,37789,50,99.86786120140596
CRKMDAYS,Categórica con pocas categorías,5.0,37789,50,99.86786120140596
NOOPPRNMYR,Binaria,0.0,37789,50,99.86786120140596
HERMON,Binaria,0.0,37784,55,99.85464732154655
KETMINMON,Binaria,0.0,37784,55,99.85464732154655
HERMDAYS,Categórica con pocas categorías,5.0,37784,55,99.85464732154655
IRPYUD5INH,Binaria,0.0,37783,56,99.85200454557467
IRPYSEV5INH,Categórica con pocas categorías,9.0,37783,56,99.85200454557467
SYNMRJMON,Binaria,0.0,37783,56,99.85200454557467
CADRKINHL2,Binaria,0.0,37782,57,99.8493617696028
RXZALEANY,Binaria,0.0,37782,57,99.8493617696028
RXZOLPMIS,Binaria,0.0,37769,70,99.81500568196834
MJOTHYR,Binaria,0.0,37764,75,99.80179180210894
RXMORPMIS,Binaria,0.0,37764,75,99.80179180210894
IMFMON,Binaria,0.0,37763,76,99.79914902613706
RXPROVANY,Binaria,0.0,37758,81,99.78593514627765
RXBARBANY,Binaria,0.0,37752,87,99.77007849044637
CADRKMETH2,Binaria,0.0,37750,89,99.7647929385026
ECSTMOMON,Binaria,0.0,37749,90,99.76215016253073
IRUD5SEDUNM,Binaria,0.0,37748,91,99.75950738655884
IRSEVSEDUNM,Categórica con pocas categorías,9.0,37748,91,99.75950738655884
IRPYUD5HAL,Binaria,0.0,37747,92,99.75686461058696
IRPYSEV5HAL,Categórica con pocas categorías,9.0,37747,92,99.75686461058696
CADRKCOCN2,Binaria,0.0,37746,93,99.75422183461508
RXCYCLMIS,Binaria,0.0,37745,94,99.7515790586432
IRPYUD5HER,Binaria,0.0,37744,95,99.74893628267132
IRPYSEV5HER,Categórica con pocas categorías,9.0,37744,95,99.74893628267132
DAMTFXYR,Binaria,0.0,37743,96,99.74629350669943
HERYR,Binaria,0.0,37737,102,99.73043685086816
HERYDAYS,Categórica con pocas categorías,6.0,37737,102,99.73043685086816
UADBUND,Categórica con pocas categorías,3.0,37736,103,99.72779407489627
RXDIAZMIS,Binaria,0.0,37735,104,99.72515129892439
RXLORAMIS,Binaria,0.0,37733,106,99.71986574698063
RXMRLXMIS,Binaria,0.0,37732,107,99.71722297100875
RXMTHPMIS,Binaria,0.0,37732,107,99.71722297100875
RXTRIAANY,Binaria,0.0,37729,110,99.7092946430931
MJPLLMON,Binaria,0.0,37728,111,99.70665186712122
RXTEMAANY,Binaria,0.0,37727,112,99.70400909114935
SRCSEDNM2,Categórica con pocas categorías,,37723,116,99.69343798726183
RXSOMAANY,Binaria,0.0,37722,117,99.69079521128994
NPCOLDMON,Binaria,0.0,37720,119,99.68550965934617
SEDNMYR,Binaria,0.0,37718,121,99.68022410740241
CRKYR,Binaria,0.0,37717,122,99.67758133143053
OTHRPNRMIS,Binaria,0.0,37717,122,99.67758133143053
CRKYDAYS,Categórica con pocas categorías,6.0,37717,122,99.67758133143053
IMFYR,Binaria,0.0,37713,126,99.667010227543
RXBUPRMIS,Binaria,0.0,37712,127,99.66436745157114
UADOTSP2,Categórica con pocas categorías,7.0,37709,130,99.65643912365549
SYNMRJYR,Binaria,0.0,37708,131,99.65379634768361
IRUD5TRQMIS,Binaria,0.0,37707,132,99.65115357171173
IRSEVTRQMIS,Categórica con pocas categorías,9.0,37707,132,99.65115357171173
UDYR5SEDANY,Binaria,0.0,37707,132,99.65115357171173
SEVYRSEDANY,Categórica con pocas categorías,9.0,37707,132,99.65115357171173
IRSYNSTMREC,Categórica con pocas categorías,9.0,37707,132,99.65115357171173
SYNSTMFLAG,Binaria,0.0,37707,132,99.65115357171173
RXZOHYANY2,Binaria,0.0,37706,133,99.64851079573984
IRUD5STMMIS,Binaria,0.0,37698,141,99.6273685879648
IRSEVSTMMIS,Categórica con pocas categorías,9.0,37698,141,99.6273685879648
CADRKHALL2,Binaria,0.0,37696,143,99.62208303602104
LGASEVER2,Binaria,0.0,37696,143,99.62208303602104
IMFNEDFLAG,Binaria,0.0,37695,144,99.61944026004915
IRUD5TRQUNM,Binaria,0.0,37694,145,99.61679748407728
IRSEVTRQUNM,Categórica con pocas categorías,9.0,37694,145,99.61679748407728
OXYCNNMYR,Binaria,0.0,37689,150,99.60358360421787
RXCLONMIS,Binaria,0.0,37684,155,99.59036972435847
KRATOMMON,Binaria,0.0,37683,156,99.58772694838659
SVYRTQSDMIS,Categórica con pocas categorías,4.0,37681,158,99.58244139644282
FPIMFNMYR,Binaria,0.0,37681,158,99.58244139644282
RXDEMEANY2,Binaria,0.0,37678,161,99.57451306852718
RXESZOANY,Binaria,0.0,37676,163,99.56922751658341
FUHER18,Binaria,2.0,37674,165,99.56394196463965
ETHEREVER2,Binaria,0.0,37665,174,99.54015698089272
RXTRAMMIS,Binaria,0.0,37660,179,99.52694310103332
INHALMON2,Binaria,0.0,37659,180,99.52430032506145
INHNDAYPM2,Categórica con pocas categorías,5.0,37659,180,99.52430032506145
TRQNMMON,Binaria,0.0,37654,185,99.51108644520204
TRQNDAYPM,Categórica con pocas categorías,5.0,37654,185,99.51108644520204
KETMINYR,Binaria,0.0,37639,200,99.47144480562383
STMNMMON,Binaria,0.0,37639,200,99.47144480562383
STMNDAYPM,Categórica con pocas categorías,5.0,37639,200,99.47144480562383
SVYRTQSDUNM,Categórica con pocas categorías,4.0,37633,206,99.45558814979253
RXBZOSANY,Binaria,0.0,37630,209,99.4476598218769
SVYRCNSUNM,Categórica con pocas categorías,4.0,37630,209,99.4476598218769
TQSDNMMON,Binaria,0.0,37624,215,99.43180316604561
RXOXYMANY2,Binaria,0.0,37621,218,99.42387483812996
IRGHBREC,Categórica con pocas categorías,9.0,37621,218,99.42387483812996
GHBFLAG,Binaria,0.0,37621,218,99.42387483812996
IRUD5STMUNM,Binaria,0.0,37616,223,99.41066095827057
IRSEVSTMUNM,Categórica con pocas categorías,9.0,37616,223,99.41066095827057
IRPYUD5COC,Binaria,0.0,37615,224,99.40801818229869
IRPYSEV5COC,Categórica con pocas categorías,9.0,37615,224,99.40801818229869
UADPLACE,Categórica con pocas categorías,4.0,37606,233,99.38423319855177
FUCRK18,Binaria,2.0,37605,234,99.38159042257988
SOLVENEVER2,Binaria,0.0,37601,238,99.37101931869236
FUPCP18,Binaria,2.0,37596,243,99.35780543883294
SRCFRTRQNM,Categórica con pocas categorías,,37596,243,99.35780543883294
SRCCLFRTRQ,Categórica con pocas categorías,,37596,243,99.35780543883294
OTHAEREVER2,Binaria,0.0,37593,246,99.3498771109173
UADBWHO,Categórica con pocas categorías,3.0,37591,248,99.34459155897355
METHAMMON,Binaria,0.0,37584,255,99.32609212717038
METHNDAYPM,Categórica con pocas categorías,5.0,37584,255,99.32609212717038
MJPLLYR,Binaria,0.0,37579,260,99.31287824731098
CLEFLUEVER2,Binaria,0.0,37579,260,99.31287824731098
COCMON,Binaria,0.0,37570,269,99.28909326356404
COCMDAYS,Categórica con pocas categorías,5.0,37570,269,99.28909326356404
RXMTDNANY2,Binaria,0.0,37565,274,99.27587938370465
MJMTHMON,Binaria,0.0,37562,277,99.26795105578901
UDYR5TRQANY,Binaria,0.0,37562,277,99.26795105578901
SEVYRTRQANY,Categórica con pocas categorías,9.0,37562,277,99.26795105578901
UADCAG,Categórica con pocas categorías,5.0,37556,283,99.25209439995771
RXOPPRNMMON,Binaria,0.0,37547,292,99.22830941621079
RXCODEMIS,Binaria,0.0,37545,294,99.22302386426702
PIPMON,Binaria,0.0,37544,295,99.22038108829514
IRPYUD5MTH,Binaria,0.0,37539,300,99.20716720843575
IRPYSEV5MTH,Categórica con pocas categorías,9.0,37539,300,99.20716720843575
KRATOMYR,Binaria,0.0,37538,301,99.20452443246386
IRUD5PNRMIS,Binaria,0.0,37536,303,99.1992388805201
IRSEVPNRMIS,Categórica con pocas categorías,9.0,37536,303,99.1992388805201
SVYROPIUNM,Categórica con pocas categorías,4.0,37536,303,99.1992388805201
LSDYR,Binaria,0.0,37534,305,99.19395332857633
IINPCOLDREC,Categórica con pocas categorías,1.0,37530,309,99.18338222468881
PNRNMMON,Binaria,0.0,37525,314,99.1701683448294
PNRNDAYPM,Categórica con pocas categorías,5.0,37525,314,99.1701683448294
PSILCYMON,Binaria,0.0,37524,315,99.16752556885753
RXHYDMANY2,Binaria,0.0,37523,316,99.16488279288565
SEDMAINRSN,Categórica con pocas categorías,9.0,37523,316,99.16488279288565
IRIMFREC,Categórica con pocas categorías,9.0,37516,323,99.14638336108248
IMFFLAG,Binaria,0.0,37516,323,99.14638336108248
SPAINTEVER2,Binaria,0.0,37512,327,99.13581225719496
OPINMMON2,Binaria,0.0,37507,332,99.12259837733556
IRUD5PNRUNM2,Binaria,0.0,37505,334,99.11731282539179
IRSEVPNRUNM2,Categórica con pocas categorías,9.0,37505,334,99.11731282539179
SRCFRPNRNM,Categórica con pocas categorías,,37503,336,99.11202727344804
SRCCLFRPNR,Categórica con pocas categorías,,37503,336,99.11202727344804
NPCOLDYR,Binaria,0.0,37495,344,99.09088506567298
SRCFRSTMNM,Categórica con pocas categorías,,37493,346,99.08559951372922
SRCCLFRSTM,Categórica con pocas categorías,,37493,346,99.08559951372922
OTHRSTMANY,Binaria,0.0,37487,352,99.06974285789794
SVYROPIMIS,Categórica con pocas categorías,4.0,37482,357,99.05652897803853
OPIIMFNMMN2,Binaria,0.0,37479,360,99.04860065012289
UD5TRQSDANY,Binaria,0.0,37475,364,99.03802954623536
UDYR5STMANY,Binaria,0.0,37475,364,99.03802954623536
UD5TRQSDGRP,Categórica con pocas categorías,3.0,37475,364,99.03802954623536
SEVYRSTMANY,Categórica con pocas categorías,9.0,37475,364,99.03802954623536
SVYRTQSDANY,Categórica con pocas categorías,4.0,37475,364,99.03802954623536
ECSTMOYR,Binaria,0.0,37471,368,99.02745844234784
