variable,n_valores_valid,pct_valores_valid,n_valores_valid_unicos,n_codigos_especiales,codigos_especiales,n_nan_train,tipos_fuera_rango
ALCAGLST,11644,30.772483416580776,92,7,"985, 989, 991, 994, 997, 998, 999",0,Asignación lógica | Ausencia de exposición | No respuesta o ausencia | Salto legítimo o no aplicable
ALCNUMDKPM,18078,47.77610401966225,190,0,,19761,Ausencia de exposición
ALCYLU,7024,18.562858426491186,3,7,"9985, 9989, 9991, 9994, 9997, 9998, 9999",0,Asignación lógica | Ausencia de exposición | No respuesta o ausencia | Salto legítimo o no aplicable
ASTHMAAGE,4241,11.208012896746743,79,5,"985, 994, 997, 998, 999",0,Asignación lógica | No respuesta o ausencia | Salto legítimo o no aplicable
BMI2,36033,95.22714659478316,2934,0,,1806,No respuesta o ausencia
CGRAGLST,9077,23.9884774967626,79,6,"985, 991, 994, 997, 998, 999",0,Asignación lógica | Ausencia de exposición | No respuesta o ausencia | Salto legítimo o no aplicable
CIGAGLST,13421,35.46869631861307,82,6,"985, 991, 994, 997, 998, 999",0,Asignación lógica | Ausencia de exposición | No respuesta o ausencia | Salto legítimo o no aplicable
CIGARYLU,1800,4.7569967493855545,3,7,"9985, 9989, 9991, 9994, 9997, 9998, 9999",0,Asignación lógica | Ausencia de exposición | No respuesta o ausencia | Salto legítimo o no aplicable
CIGAVGM,5222,13.80057612516187,139,0,,32617,Ausencia de exposición
CIGDLLST,6879,18.179655910568464,76,6,"985, 991, 994, 997, 998, 999",0,Asignación lógica | Ausencia de exposición | No respuesta o ausencia | Salto legítimo o no aplicable
CIGDLYLU,959,2.5344221570337484,3,7,"9985, 9989, 9991, 9994, 9997, 9998, 9999",0,Asignación lógica | Ausencia de exposición | No respuesta o ausencia | Salto legítimo o no aplicable
CIGYLU,2076,5.486402917624673,3,7,"9985, 9989, 9991, 9994, 9997, 9998, 9999",0,Asignación lógica | Ausencia de exposición | No respuesta o ausencia | Salto legítimo o no aplicable
CIRROSAGE,88,0.23256428552551597,48,4,"985, 994, 998, 999",0,Asignación lógica | No respuesta o ausencia | Salto legítimo o no aplicable
COCAGLST,4566,12.066915087608024,64,7,"985, 989, 991, 994, 997, 998, 999",0,Asignación lógica | Ausencia de exposición | No respuesta o ausencia | Salto legítimo o no aplicable
COCYLU,651,1.7204471576944422,3,7,"9985, 9989, 9991, 9994, 9997, 9998, 9999",0,Asignación lógica | Ausencia de exposición | No respuesta o ausencia | Salto legítimo o no aplicable
COPDAGE,878,2.3203573033113982,84,4,"985, 994, 998, 999",0,Asignación lógica | No respuesta o ausencia | Salto legítimo o no aplicable
CRKAGLST,1071,2.830413065884405,57,6,"985, 991, 994, 997, 998, 999",0,Asignación lógica | Ausencia de exposición | No respuesta o ausencia | Salto legítimo o no aplicable
CRKYLU,90,0.23784983746927774,3,7,"9985, 9989, 9991, 9994, 9997, 9998, 9999",0,Asignación lógica | Ausencia de exposición | No respuesta o ausencia | Salto legítimo o no aplicable
DIABETEAG,2935,7.756547477470336,84,5,"985, 994, 997, 998, 999",0,Asignación lógica | No respuesta o ausencia | Salto legítimo o no aplicable
ECSTMOAGL,3094,8.176748856999392,50,7,"985, 989, 991, 994, 997, 998, 999",0,Asignación lógica | Ausencia de exposición | No respuesta o ausencia | Salto legítimo o no aplicable
ECSTMOYLU,370,0.9778271095959196,3,7,"9985, 9989, 9991, 9994, 9997, 9998, 9999",0,Asignación lógica | Ausencia de exposición | No respuesta o ausencia | Salto legítimo o no aplicable
EDUSCKCOM,3359,8.877084489547821,23,5,"90, 94, 97, 98, 99",0,Categoría analítica | No respuesta o ausencia | Salto legítimo o no aplicable
EDUSCKMON,953,2.518565501202463,22,7,"0, 85, 90, 94, 97, 98, 99",0,Asignación lógica | Categoría analítica | No respuesta o ausencia | Salto legítimo o no aplicable
EDUSKPCOM,3356,8.869156161632178,20,4,"94, 97, 98, 99",0,No respuesta o ausencia | Salto legítimo o no aplicable
EDUSKPMON,806,2.130077433335976,18,6,"0, 85, 94, 97, 98, 99",0,Asignación lógica | Categoría analítica | No respuesta o ausencia | Salto legítimo o no aplicable
HALLAGLST,6336,16.744628557837153,62,7,"985, 989, 991, 994, 997, 998, 999",0,Asignación lógica | Ausencia de exposición | No respuesta o ausencia | Salto legítimo o no aplicable
HALLYRLST,1572,4.154443827796718,3,7,"9985, 9989, 9991, 9994, 9997, 9998, 9999",0,Asignación lógica | Ausencia de exposición | No respuesta o ausencia | Salto legítimo o no aplicable
HEPBCAGE,360,0.951399349877111,64,4,"985, 994, 998, 999",0,Asignación lógica | No respuesta o ausencia | Salto legítimo o no aplicable
HERAGLST,758,2.003224186685695,48,6,"985, 991, 994, 997, 998, 999",0,Asignación lógica | Ausencia de exposición | No respuesta o ausencia | Salto legítimo o no aplicable
HERYLU,67,0.17706599011601787,3,7,"9985, 9989, 9991, 9994, 9997, 9998, 9999",0,Asignación lógica | Ausencia de exposición | No respuesta o ausencia | Salto legítimo o no aplicable
HIGHBPAGE,3976,10.507677264198314,87,4,"985, 994, 998, 999",0,Asignación lógica | No respuesta o ausencia | Salto legítimo o no aplicable
HIVAIDSAG,86,0.22727873358175427,33,5,"985, 994, 997, 998, 999",0,Asignación lógica | No respuesta o ausencia | Salto legítimo o no aplicable
HLCNOTMO,2024,5.348978567086868,12,4,"94, 97, 98, 99",0,No respuesta o ausencia | Salto legítimo o no aplicable
HRTCONDAG,2846,7.521340415972938,91,5,"985, 994, 997, 998, 999",0,Asignación lógica | No respuesta o ausencia | Salto legítimo o no aplicable
HTINCHE2,36365,96.1045482174476,21,4,"985, 994, 997, 998",0,Asignación lógica | No respuesta o ausencia
INHLAGLST,3456,9.133433758820265,67,6,"985, 991, 994, 997, 998, 999",0,Asignación lógica | Ausencia de exposición | No respuesta o ausencia | Salto legítimo o no aplicable
INHLYRLST,351,0.9276143661301831,3,7,"9985, 9989, 9991, 9994, 9997, 9998, 9999",0,Asignación lógica | Ausencia de exposición | No respuesta o ausencia | Salto legítimo o no aplicable
IRWELMOS,1519,4.014376701287032,12,1,99,0,Salto legítimo o no aplicable
KIDNYDSAG,682,1.8023732128227492,86,5,"985, 994, 997, 998, 999",0,Asignación lógica | No respuesta o ausencia | Salto legítimo o no aplicable
LSDAGLST,3643,9.627632865561985,54,7,"985, 989, 991, 994, 997, 998, 999",0,Asignación lógica | Ausencia de exposición | No respuesta o ausencia | Salto legítimo o no aplicable
LSDYLU,351,0.9276143661301831,3,7,"9985, 9989, 9991, 9994, 9997, 9998, 9999",0,Asignación lógica | Ausencia de exposición | No respuesta o ausencia | Salto legítimo o no aplicable
METHAGLST,1631,4.310367610137689,59,6,"985, 991, 994, 997, 998, 999",0,Asignación lógica | Ausencia de exposición | No respuesta o ausencia | Salto legítimo o no aplicable
METHYRLST,222,0.5866962657575517,3,7,"9985, 9989, 9991, 9994, 9997, 9998, 9999",0,Asignación lógica | Ausencia de exposición | No respuesta o ausencia | Salto legítimo o no aplicable
MRJAGLST,11901,31.45167684135416,82,7,"985, 989, 991, 994, 997, 998, 999",0,Asignación lógica | Ausencia de exposición | No respuesta o ausencia | Salto legítimo o no aplicable
MRJYLU,3824,10.105975316472422,3,7,"9985, 9989, 9991, 9994, 9997, 9998, 9999",0,Asignación lógica | Ausencia de exposición | No respuesta o ausencia | Salto legítimo o no aplicable
NMERTMT2,36686,96.95287930442137,26,5,"31, 985, 994, 997, 998",0,Asignación lógica | Categoría analítica | No respuesta o ausencia
NMNGTHS2,2659,7.027141309231216,30,6,"31, 985, 994, 997, 998, 999",0,Asignación lógica | Categoría analítica | No respuesta o ausencia | Salto legítimo o no aplicable
NMVSOPT2,35468,93.73397817067047,16,8,"16, 17, 18, 19, 985, 994, 997, 998",0,Asignación lógica | Categoría analítica | No respuesta o ausencia
NRCH17_2,34105,90.13187452099686,3,1,3.0,1378,Categoría analítica | No respuesta o ausencia
PCPAGLST,522,1.3795290573218109,41,6,"985, 991, 994, 997, 998, 999",0,Asignación lógica | Ausencia de exposición | No respuesta o ausencia | Salto legítimo o no aplicable
PCPYLU,21,0.05549829540949814,3,6,"9985, 9991, 9994, 9997, 9998, 9999",0,Asignación lógica | Ausencia de exposición | No respuesta o ausencia | Salto legítimo o no aplicable
SMKAGLAST,3784,10.00026427759719,71,7,"985, 989, 991, 994, 997, 998, 999",0,Asignación lógica | Ausencia de exposición | No respuesta o ausencia | Salto legítimo o no aplicable
SMKYRLAST,595,1.5724517032691139,3,7,"9985, 9989, 9991, 9994, 9997, 9998, 9999",0,Asignación lógica | Ausencia de exposición | No respuesta o ausencia | Salto legítimo o no aplicable
WRKDHRSWK2,20399,53.90998705039773,60,6,"61, 985, 994, 997, 998, 999",0,Asignación lógica | Categoría analítica | No respuesta o ausencia | Salto legítimo o no aplicable
WRKLASTYR2,10904,28.816829197388937,39,7,"1985, 9985, 9991, 9994, 9997, 9998, 9999",0,Asignación lógica | Categoría analítica | No respuesta o ausencia | Salto legítimo o no aplicable
WRKNJBWKS,3303,8.729089035122492,52,5,"85, 94, 97, 98, 99",0,Asignación lógica | No respuesta o ausencia | Salto legítimo o no aplicable
WRKSICKMO,6514,17.215042680831946,30,6,"0, 85, 94, 97, 98, 99",0,Asignación lógica | Categoría analítica | No respuesta o ausencia | Salto legítimo o no aplicable
WRKSKIPMO,3314,8.75815957081318,27,6,"0, 85, 94, 97, 98, 99",0,Asignación lógica | Categoría analítica | No respuesta o ausencia | Salto legítimo o no aplicable
WTPOUND2,36334,96.02262216231931,221,4,"9985, 9994, 9997, 9998",0,Asignación lógica | No respuesta o ausencia
