variable_1,variable_2,v_cramer
PREGST,PREGSTAT,1.0
CATAGE,DRVINAGE,1.0
CATAG3,CATAGE,1.0
CAMHRCVR,RCVYMHPRB,1.0
CATAG7,CATAGE,1.0
CATAG3,DRVINAGE,1.0
DRVINAGE,SEXAGE,1.0
CATAG7,DRVINAGE,1.0
CATAG7,DRVINDETAG,1.0
MRJYDAYS,MRJYR,1.0
ENRLCOLLFT2,ENRLCOLLST2,1.0
CATAG2,SEXAGE,1.0
CATAG2,DRVINDETAG,1.0
CATAG2,CATAG3,1.0
CATAG2,CATAG7,1.0
CATAG2,CATAGE,1.0
SVYRDUDANY,UD5ILLANY,1.0
DRVINAGE,DRVINDETAG,1.0
SVYRSUDANY,UD5ILALANY,1.0
CAMHPROB,CAMHPROB2,0.9999999999999999
CATAG2,DRVINAGE,0.9999370332989961
CAMHPROB2,CAMHRCVR,0.9997791598991768
MRJFLAG,MRJYRBFR,0.999467108978065
DRVINMARJ,MRJFLAG,0.9994453890142366
MRJFLAG,MRJMLU,0.9994450197035732
DRVINMARJ,MRJYR,0.9981565885786489
HPDRGTALK,ILLFLAG,0.9677453099885419
HPDRGTALK,MRJYR,0.9600281025822534
ILLMON,MRJMONVAP2,0.9548424838777069
ILLMON,MRJMDAYS,0.9548424838777069
HPDRGTALK,ILLYR,0.9481320535163007
HPDRGTALK,MRJFLAG,0.9469755048000159
ILLYR,MRJYDAYS,0.9267976137397161
ILLYR,MRJYR,0.9267342026539358
DRVINMARJ,ILLYR,0.9261298634407102
ILLFLAG,MRJFLAG,0.9223763050869137
ILLFLAG,MRJYRBFR,0.9219528635050397
ILLFLAG,MRJMLU,0.9219293884097428
DRVINMARJ,ILLFLAG,0.9219254168041995
ILIMFOTHMN,ILLMON,0.912775909661762
ILIMFOTHFG,ILLFLAG,0.9124222329466211
ILLANDALC,ILLYR,0.8924317724349307
ILIMFOTHYR,ILLYR,0.8898202591823614
HPDRGTALK,ILIMFOTHFG,0.8830830371175759
IRPYSEV5MRJ,UD5ILLANY,0.8720598254136783
ILIMFOTHMN,MRJMONVAP2,0.8716297499248695
ILIMFOTHMN,MRJMDAYS,0.8716297499248695
HPDRGTALK,ILLANDALC,0.8664548224460547
CAMHPROB2,RCVYMHPRB,0.8600462041291327
CAMHPROB,RCVYMHPRB,0.8600462041291327
MJSMKYR,MRJYDAYS,0.8565314155935454
ILLANDALC,MRJYDAYS,0.8564144711493658
ILLANDALC,MRJYR,0.8556784806170202
DRVINMARJ,ILLANDALC,0.8556149436215951
ILLMON,MRJYDAYS,0.8491599074977894
HPDRGTALK,ILIMFOTHYR,0.8482932294643125
IRPYSEV5MRJ,SVYRDUDANY,0.8444246096442868
ILIMFOTHFG,MRJFLAG,0.8416415246001252
DRVINMARJ,MJSMKYR,0.8414121193690342
ILIMFOTHFG,MRJYRBFR,0.8413472157358733
DRVINMARJ,ILIMFOTHFG,0.8413370300908468
ILIMFOTHFG,MRJMLU,0.8413344821174005
MJSMKYR,MRJYR,0.8370253736231075
NICVAPYR,TOBVAPONL2,0.8347611656198711
DRVINMARJ,ILIMFOTHYR,0.8297815098721492
NICVAPYR,NICVPMDAYS,0.8290100261816735
ILIMFOTHYR,MRJYDAYS,0.8247381659097932
ILIMFOTHYR,MRJYR,0.8246771001042981
CATAG3,CATAG7,0.816496580927726
HPDRGTALK,MJSMKYR,0.8039074948476876
DRVINMARJ,FUMJ21,0.8005205672422349
FUMJ21,MRJYRBFR,0.7991172289602312
FUMJ21,MRJMLU,0.7988885480373844
FUMJ21,MRJFLAG,0.7970503001257195
LVLDIFCARE2,LVLDIFMEM2,0.796777471955689
ILIMFOTHYR,ILLANDALC,0.7941519918882722
LVLDIFCARE2,LVLDIFCOMM2,0.7927387182771369
ILIMFOTHMN,MRJYDAYS,0.7896717369021241
LVLDIFCOMM2,LVLDIFMEM2,0.7884015325960356
MRJMONVAP2,MRJYR,0.7855729129006167
MRJMDAYS,MRJYR,0.7855729129006166
MRJYR,MRJYRBFR,0.7816572147230697
DRVINMARJ,ILLMON,0.7790779431177025
ILLYR,MJSMKYR,0.7757500586716475
CAMHPROB,CAMHRCVR,0.7744824669623696
CASUPROB,CASURCVR,0.7744664196099467
ILLMON,MRJYR,0.7697468489240387
CAMHPROB,CASUPROB,0.7681160889272931
HPDRGTALK,ILLMON,0.7676806955438628
ILLMON,ILLYR,0.7624296171779453
FUMJ21,HPDRGTALK,0.7599448363665663
SVYRSUDANY,UD5ILLANY,0.7571789819750321
ILLYR,MRJYRBFR,0.7500291977886866
SVYRDUDANY,UD5ILALANY,0.7466425844531502
UD5ILALANY,UD5ILLANY,0.7465459613153673
ILIMFOTHMN,ILIMFOTHYR,0.7432467983862429
FUMJ21,ILLFLAG,0.7352182973356308
DRVINMARJ,ILIMFOTHMN,0.7340912561593113
DRVINHALL,ILLEMFLAG2,0.7326180937812019
HALLMOLST,ILLEMFLAG2,0.7319353856275956
MJSMKYR,MRJMDAYS,0.7308223765936672
ILLYR,MRJMONVAP2,0.7280671010948495
ILLYR,MRJMDAYS,0.7280671010948495
HPDRGTALK,ILIMFOTHMN,0.7265539649692496
SVYRDUDANY,SVYRSUDANY,0.7251741284152065
ILIMFOTHMN,MRJYR,0.7248174064743441
MRJMDAYS,MRJMONVAP2,0.7245229740461323
ILIMFOTHMN,ILLYR,0.722728444938167
MJSMKYR,MRJMONVAP2,0.7220976168511066
FUNICVAP18,FUNICVAP21,0.716197302637578
ILLANDALC,MJSMKYR,0.7103642072642867
CATAG7,SEXAGE,0.7073244306414487
DRVINDETAG,SEXAGE,0.7073244306414487
CATAG3,SEXAGE,0.7071067811865476
CATAG3,DRVINDETAG,0.7071067811865476
CATAGE,DRVINDETAG,0.7071067811865475
CATAGE,SEXAGE,0.7071067811865475
ILLMON,MJSMKYR,0.7069204453440121
CAMHPROB2,CASUPROB,0.7054190263502982
ILIMFOTHYR,MRJYRBFR,0.7038575237112326
ILLANDALC,MRJYRBFR,0.6995149299880075
CATAG2,ENRLCOLLFT2,0.6993708370895153
CATAG2,ENRLCOLLST2,0.6993708370895153
DRVINAGE,ENRLCOLLFT2,0.6993708370895153
DRVINAGE,ENRLCOLLST2,0.6993708370895153
CAMHPROB2,LVLDIFMEM2,0.6977243514706465
CAMHPROB2,CASURCVR,0.6964441782562749
DRVINMARJ,MJVAPFLAG,0.6960435842351335
ILIMFOTHYR,MJSMKYR,0.6903189740381939
MJSMKYR,MRJYRBFR,0.6853891733855123
ILLANDALC,ILLMON,0.6841426942442287
NICVAPFLAG,NICVAPYR,0.6831029491161583
MJVAPFLAG,MRJYRBFR,0.6802319626223269
ILIMFOTHYR,ILLMON,0.6784653358176465
HPDRGTALK,MJVAPFLAG,0.6754907530293299
FUMJ21,ILIMFOTHFG,0.6708640892616815
MJVAPFLAG,MRJYDAYS,0.6687008029150385
CASUPROB,RCVYMHPRB,0.6669909774634093
ILLANDALC,MRJMDAYS,0.6658717361308993
ILLANDALC,MRJMONVAP2,0.6657976254175
CASURCVR,RCVYMHPRB,0.6620030882294956
CAMHPROB2,LVLDIFCARE2,0.6613484573164076
ILIMFOTHMN,MJSMKYR,0.6599233856529022
CAMHPROB2,LVLDIFCOMM2,0.6573099498124614
ILLMON,MRJYRBFR,0.6540362069635866
MJVAPFLAG,MRJYR,0.6530171065704334
IRPYSEV5MRJ,UD5ILALANY,0.6511170018446317
ILIMFOTHMN,ILLANDALC,0.6490133665499261
ILIMFOTHYR,MRJMONVAP2,0.6478919633740683
ILIMFOTHYR,MRJMDAYS,0.6478919633740683
LVLDIFMEM2,RCVYMHPRB,0.6395213589527559
MRJYDAYS,UD5ILLANY,0.6343939189368765
ILIMFOTHMN,MRJYRBFR,0.6321190963843843
MRJMONVAP2,MRJYDAYS,0.6320164590350779
CAMHRCVR,CASUPROB,0.6318710516795899
CAMHPROB,CASURCVR,0.6306823737551253
ILLYR,MJVAPFLAG,0.6280490610422109
MRJMLU,MRJYR,0.625590013597376
LVLDIFCARE2,RCVYMHPRB,0.6234503239510426
LVLDIFCOMM2,RCVYMHPRB,0.6213907466070314
ILLYR,MRJMLU,0.6147569554282573
IRPYSEV5MRJ,SVYRSUDANY,0.6140979581217183
CBDHMPFLAG,ILIMFOTHFG,0.609746393222121
NICVAPFLAG,TOBVAPONL2,0.6077991056167792
ILIMFOTHFG,ILIMFOTHYR,0.6059055855495012
FUNICVAP21,NICVAPFLAG,0.6049183208545045
MJSMKYR,MJVAPFLAG,0.603620763309248
MJVAPFLAG,MRJMONVAP2,0.6020062768222034
MRJMDAYS,UD5ILLANY,0.6019933585272126
DRVINMARJ,HPDRGTALK,0.5999096880356372
ILLANDALC,MJVAPFLAG,0.5986335705217602
ILIMFOTHYR,MRJMLU,0.5959551519091311
MRJFLAG,MRJYDAYS,0.5937535709994728
MRJFLAG,MRJYR,0.5936946979390039
ILLEMFLAG2,ILLFLAG,0.5922061394960473
ILLFLAG,ILLYR,0.5908977554945976
CAMHPROB,LVLDIFMEM2,0.5886686467065334
CBDHMPFLAG,DRVINMARJ,0.587156449141887
ILLYR,MRJFLAG,0.5863665671555849
CBDHMPFLAG,MRJYRBFR,0.5861155161712402
DRVINDETAG,ENRLCOLLST2,0.5858188396213598
NICVPMDAYS,TOBVAPONL2,0.5845346804725798
CBDHMPFLAG,ILIMFOTHYR,0.5831293871785352
ILIMFOTHYR,MJVAPFLAG,0.5813804079987634
ILIMFOTHYR,ILLFLAG,0.5802974994680451
IRMARIT,NOMARR2,0.5792764099829242
MRJMDAYS,MRJYDAYS,0.5781148610430492
MJVAPFLAG,MRJMDAYS,0.5775396244020049
IRPYSEV5MRJ,MJSMKYR,0.5760109149886459
CAMHRCVR,CASURCVR,0.5758482720702907
ILLMON,IRPYSEV5MRJ,0.5745380703168425
CBDHMPFLAG,HPDRGTALK,0.573559686459788
CAMHPROB,LVLDIFCARE2,0.5732622687796624
CATAG7,ENRLCOLLFT2,0.5732119977751367
DRVINDETAG,ENRLCOLLFT2,0.5732119977751367
DRVINMARJ,MRJMONVAP2,0.5727812080321175
ILIMFOTHYR,MRJFLAG,0.5721155173280433
DRVINMARJ,UD5ILLANY,0.5720095234618465
MJVAPFLAG,MRJMLU,0.571978951323007
ILLMON,MRJMLU,0.571056489470704
ILLANDALC,MRJMLU,0.5709031274602516
ILLMON,MJVAPFLAG,0.5679753171561931
HPDRGTALK,MRJYRBFR,0.5675107439051352
NICVAPFLAG,NICVPMDAYS,0.5663572099622552
CAMHPROB,LVLDIFCOMM2,0.5653737965165
MJVAPFLAG,MRJFLAG,0.5644074337583499
ILLMON,SVYRDUDANY,0.5644039717548278
CATAG2,NOMARR2,0.5636226973444802
DRVINAGE,NOMARR2,0.5636226973444802
CATAG2,IRMARIT,0.5632525797633454
DRVINAGE,IRMARIT,0.5632525797633454
ILLMON,UD5ILLANY,0.5623063523822583
DRVINMARJ,MRJYRBFR,0.5600131383608234
HPDRGTALK,ILLEMFLAG2,0.5596803974458874
MRJMONVAP2,UD5ILLANY,0.5565152871117919
CASUPROB,LVLDIFCARE2,0.5561480204203689
CASUPROB,LVLDIFMEM2,0.5557317509479321
CASUPROB,LVLDIFCOMM2,0.5528415623737414
CBDHMPFLAG,MRJMLU,0.552710388684547
CBDHMPFLAG,MRJFLAG,0.5490503142527603
ILLFLAG,MRJYDAYS,0.5476959252275265
ILLFLAG,MRJYR,0.5476366150320879
ILIMFOTHMN,MJVAPFLAG,0.5428839276701262
ILIMFOTHFG,ILLEMFLAG2,0.5403684553491913
ILLANDALC,MRJFLAG,0.5394989703496055
ILIMFOTHFG,ILLYR,0.5391745802508321
ILIMFOTHMN,MRJMLU,0.5390732600831916
IRPYSEV5MRJ,MRJYR,0.5375724213622243
HPDRGTALK,MRJMONVAP2,0.5356881218598181
FUMJ21,MJVAPFLAG,0.5355425843112338
IRMCDCHP,IRPRVHLT,0.53539862010811
MJSMKYR,SVYRDUDANY,0.5352105383038317
MJSMKYR,UD5ILLANY,0.533084315836222
ILIMFOTHMN,IRPYSEV5MRJ,0.5302242990275747
ILLANDALC,ILLFLAG,0.5273650371313631
FUMJ21,MRJYDAYS,0.5268634358589165
ILIMFOTHMN,SVYRDUDANY,0.5248085002143916
ILIMFOTHMN,UD5ILLANY,0.5231028130506328
CAMHPROB2,INHOSPYR,0.5230804628306567
MRJYDAYS,UD5ILALANY,0.5221544428845948
ILLFLAG,MJVAPFLAG,0.5206210555684557
FUMJ21,MRJYR,0.5203576543375282
CBDHMPFLAG,ILLFLAG,0.5193014367355905
FUMJ21,ILLYR,0.5148304372139847
ILLYR,SVYRDUDANY,0.5122393484139951
HPDRGTALK,UD5ILLANY,0.5116093058988419
DRVINMARJ,UD5ILALANY,0.5109972526075043
ILLYR,UD5ILLANY,0.510919265234883
CATAG7,FUNICVAP21,0.510694858836592
CATAG3,FUNICVAP21,0.5106000977559043
CATAGE,FUNICVAP21,0.5105434822675712
MJSMKYR,MRJMLU,0.5101558856291446
INHOSPYR,RCVYMHPRB,0.5043900363217267
MRJYR,SVYRDUDANY,0.5009303417717976
DRVINMARJ,ILLEMFLAG2,0.5008185755111465
MRJYR,UD5ILLANY,0.4998291157990623
ILIMFOTHFG,MRJYDAYS,0.49975987650783626
ILIMFOTHFG,MRJYR,0.4996996018318965
ILLYR,IRPYSEV5MRJ,0.4982208373307907
MJSMKYR,MRJFLAG,0.49696487737395245
ENRLCOLLST2,SEXAGE,0.49692529193356494
ENRLCOLLFT2,SEXAGE,0.4967416053210862
FUMJ21,ILIMFOTHYR,0.495764435511907
ILLEMFLAG2,MRJYRBFR,0.4957503582677333
CBDHMPFLAG,MJVAPFLAG,0.4953002466096439
MJVAPFLAG,NICVAPFLAG,0.4945625019895933
CATAGE,ENRLCOLLST2,0.4945298614701086
CATAGE,ENRLCOLLFT2,0.4945298614701086
CATAG3,ENRLCOLLFT2,0.4945298614701085
DRVINDETAG,FUNICVAP21,0.49438164057929107
FUNICVAP21,SEXAGE,0.49422821446639886
CATAG2,FUNICVAP21,0.49414679424165964
DRVINAGE,FUNICVAP21,0.49414679424165964
CBDHMPFLAG,MRJYDAYS,0.4929074348814273
CBDHMPFLAG,MRJYR,0.49125913182673797
ILLMON,SVYRSUDANY,0.4909254539626689
MRJMDAYS,UD5ILALANY,0.48770374932729554
FUMJ21,MJSMKYR,0.48722086049934127
ILLYR,SVYRSUDANY,0.48493608074238026
MRJMLU,MRJYRBFR,0.48150315073945343
CBDHMPFLAG,ILLYR,0.48134054697479023
ILIMFOTHFG,ILLANDALC,0.48120214932304056
ILLMON,UD5ILALANY,0.47941795446606766
MJSMKYR,SVYRSUDANY,0.4791137536520681
HPDRGTALK,UD5ILALANY,0.47899099916455157
CATAG7,ENRLCOLLST2,0.47831907959388825
ILLYR,UD5ILALANY,0.47684243397351794
CBDHMPFLAG,ILIMFOTHMN,0.47650649695701774
ILIMFOTHFG,MJVAPFLAG,0.4750483837502086
INHOSPYR,LVLDIFMEM2,0.4750453930684241
FUMJ21,ILLEMFLAG2,0.4738192800069681
ILLEMFLAG2,MRJMLU,0.47346716333744443
INHOSPYR,LVLDIFCARE2,0.4732950546287919
FUMJ21,ILLANDALC,0.47203703421411136
INHOSPYR,LVLDIFCOMM2,0.4710640484069507
DRVINMARJ,MRJYDAYS,0.47041694278816804
ILLMON,MRJFLAG,0.4698234518048924
MRJMONVAP2,UD5ILALANY,0.46934000599189085
ILLEMFLAG2,MRJFLAG,0.4693131082413447
ILIMFOTHMN,MRJFLAG,0.4687379922233936
MRJMONVAP2,MRJYRBFR,0.4686746843938021
MRJYRBFR,UD5ILLANY,0.46859546250963685
MJSMKYR,UD5ILALANY,0.46849420150571003
MRJYR,SVYRSUDANY,0.4668833984925791
MRJFLAG,MRJMDAYS,0.466436722315199
MRJFLAG,MRJMONVAP2,0.466436722315199
IRPYSEV5MRJ,MJVAPFLAG,0.4656268510228409
DRVINHALL,FUMJ21,0.4648523803471016
FUMJ21,HALLMOLST,0.46458659242667083
ILLEMFLAG2,ILLYR,0.46451480697577785
FUNICVAP21,NICVAPYR,0.4636409118491677
DRVINHALL,HALLMOLST,0.46355951875782825
ILIMFOTHMN,SVYRSUDANY,0.46265635289767365
MRJYR,UD5ILALANY,0.4602823797826561
ILIMFOTHYR,SVYRDUDANY,0.45947111346134417
ILIMFOTHYR,UD5ILLANY,0.45841981386155267
ILLFLAG,MJSMKYR,0.4584096850947483
CBDHMPFLAG,FUMJ21,0.4558773333921585
DRVINHALL,ILLYR,0.45518685351691507
ILIMFOTHMN,ILLFLAG,0.45266652758902065
MRJYRBFR,UD5ILALANY,0.4524787664720287
ILIMFOTHMN,UD5ILALANY,0.45233570391598404
DRVINMARJ,NICVAPFLAG,0.45171298495204487
ILLANDALC,SVYRSUDANY,0.4516323494260555
DRVINHALL,MJVAPFLAG,0.45137165376857397
CBDHMPFLAG,ILLANDALC,0.451177151888049
ILLFLAG,ILLMON,0.45053766067036405
HALLMOLST,MJVAPFLAG,0.4505184536106405
ILIMFOTHFG,ILIMFOTHMN,0.4503547571228095
CATAGE,NOMARR2,0.4494299266931042
MJVAPFLAG,SVYRDUDANY,0.4489741731265831
MJVAPFLAG,UD5ILLANY,0.44694439422472687
HPDRGTALK,NICVAPFLAG,0.44684285687997377
HALLMOLST,ILLYR,0.44611548936242496
ILLANDALC,IRPYSEV5MRJ,0.4460999790136596
ILIMFOTHYR,ILLEMFLAG2,0.44609220242247555
CATAGE,IRMARIT,0.4448924210487131
ILIMFOTHYR,SVYRSUDANY,0.444581090281004
FUMJ21,ILLMON,0.4436133627653421
ILIMFOTHYR,IRPYSEV5MRJ,0.44335649283796735
FUMJ21,MRJMDAYS,0.4420600693386536
ILLANDALC,UD5ILALANY,0.44184110180396974
ILLANDALC,SVYRDUDANY,0.4415785290822563
MRJYRBFR,NICVAPFLAG,0.4404277323485313
FUMJ21,MRJMONVAP2,0.4397327892609439
DRVINHALL,ILLMON,0.43963515721727525
ILLANDALC,UD5ILLANY,0.43951975891041845
DRVINHALL,MRJFLAG,0.43851350309427434
ILIMFOTHYR,UD5ILALANY,0.43826524581981374
HALLMOLST,MRJFLAG,0.437604153401462
DRVINHALL,ILLANDALC,0.43750032901571606
MJVAPFLAG,SVYRSUDANY,0.43565943478283803
FUMJ21,ILIMFOTHMN,0.43535871223220846
IRPYSEV5MRJ,MRJMONVAP2,0.43519009491048755
DRVINMARJ,MRJMLU,0.435123187786363
CAMHPROB,INHOSPYR,0.43411280166853566
CATAG7,FUNICVAP18,0.433966252165687
HPDRGTALK,MRJYDAYS,0.43381204410775753
CASUPROB,INHOSPYR,0.4333632875630076
FUNICVAP18,NICVAPFLAG,0.4332738314608497
DRVINHALL,ILLFLAG,0.433085223447519
HALLMOLST,ILLFLAG,0.4324123069436305
DRVINDETAG,FUNICVAP18,0.4322309720116768
ILLFLAG,MRJMONVAP2,0.43025508336478635
ILLFLAG,MRJMDAYS,0.43025508336478635
HALLMOLST,ILLANDALC,0.4286962836513664
HPDRGTALK,INHOSPYR,0.42709076304157506
MJVAPFLAG,UD5ILALANY,0.42693372946652247
DRVINHALL,ILIMFOTHYR,0.4245096887915832
DRVINHALL,MRJYR,0.4238064548511236
DRVINHALL,ILIMFOTHMN,0.4232564978890304
CATAG3,FUNICVAP18,0.4220563748720142
CATAGE,FUNICVAP18,0.42204598055589654
HALLMOLST,ILLMON,0.4207295692988443
FUNICVAP18,SEXAGE,0.42053649651413044
DRVINAGE,FUNICVAP18,0.42016052398786785
CATAG2,FUNICVAP18,0.42016052398786785
FUMJ21,NICVAPFLAG,0.4199782953612422
CAMHRCVR,LVLDIFMEM2,0.41958535700587646
HALLMOLST,MRJYR,0.4189348185879015
ILIMFOTHFG,MJSMKYR,0.4182815104787836
HALLMOLST,ILIMFOTHYR,0.417992850847142
MRJMLU,MRJMONVAP2,0.41790198725924077
ILLANDALC,ILLEMFLAG2,0.4161040750825992
DRVINHALL,MJSMKYR,0.4150656031536986
DRVINMARJ,MRJMDAYS,0.4143374388964736
IRPYSEV5MRJ,MRJYDAYS,0.4111549623819916
ILIMFOTHFG,ILLMON,0.41109840258807206
CBDHMPFLAG,ILLMON,0.41104279001978333
CBDHMPFLAG,MRJMONVAP2,0.41048712557467615
HALLMOLST,MJSMKYR,0.40969156139969304
FUNICVAP21,TOBVAPONL2,0.4089272238464874
CBDHMPFLAG,MRJMDAYS,0.40848093539093355
ILLEMFLAG2,MJVAPFLAG,0.40843575769066
HALLMOLST,ILIMFOTHMN,0.40749787774696355
CBDHMPFLAG,MJSMKYR,0.40715651176823375
FUNICVAP21,NICVPMDAYS,0.4069998773591779
MRJYDAYS,NICVAPFLAG,0.4068188810239703
MJVAPFLAG,NICVAPYR,0.4066707226694782
MRJMLU,NICVAPFLAG,0.40446746939575495
CATAG3,ENRLCOLLST2,0.40378194105700566
PREGSTAT,SEXAGE,0.40275663084375984
PREGST,SEXAGE,0.40254956719491103
MRJFLAG,NICVAPFLAG,0.40177164100410007
DRVINDETAG,NOMARR2,0.4012005700493531
DRVINDETAG,IRMARIT,0.40083150203816154
CAMHRCVR,LVLDIFCARE2,0.3991257799320815
NOMARR2,SEXAGE,0.39900746119422315
IRMARIT,SEXAGE,0.39873587517707404
ILLYR,NICVAPFLAG,0.39653490445853495
CAMHRCVR,LVLDIFCOMM2,0.39630431855172954
MRJYR,NICVAPFLAG,0.3957209465926726
MRJMONVAP2,SVYRDUDANY,0.39535102356595164
DRVINHALL,ILIMFOTHFG,0.3953428648731367
HALLMOLST,ILIMFOTHFG,0.39477142284245603
MJSMKYR,NICVAPFLAG,0.39430072400228655
ILIMFOTHFG,MRJMONVAP2,0.39259782193911347
ILIMFOTHFG,MRJMDAYS,0.39259782193911347
ILLEMFLAG2,ILLMON,0.3917491835681968
ILLEMFLAG2,MRJYDAYS,0.3911360378414118
IRPYSEV5MRJ,MRJMDAYS,0.39031294950849627
INHOSPYR,PREGSTAT,0.3891208864703301
INHOSPYR,MRJYRBFR,0.3876854456655787
CASURCVR,LVLDIFMEM2,0.3874789706175438
CATAG3,IRMARIT,0.3869149331030461
MJVAPFLAG,TOBVAPONL2,0.3866714121757769
ILIMFOTHMN,ILLEMFLAG2,0.38562277165822295
CATAG3,NOMARR2,0.38490769022535637
CASURCVR,LVLDIFCARE2,0.3838699425876352
ILLFLAG,NICVAPFLAG,0.383444131298373
CASURCVR,LVLDIFCOMM2,0.38266336519138006
CAMHPROB2,MRJYRBFR,0.3809718607678441
HPDRGTALK,MRJMDAYS,0.38004960226586443
ENRLCOLLST2,FUNICVAP18,0.37762430072220166
DRVINHALL,UD5ILLANY,0.3774417331378842
ENRLCOLLFT2,FUNICVAP18,0.3764496558561603
MJSMKYR,TOBVAPONL2,0.37508759769659417
ILLEMFLAG2,MRJYR,0.3747332710283497
ILLANDALC,NICVAPFLAG,0.374725610164281
CBDHMPFLAG,ILLEMFLAG2,0.37047507256431095
MRJYDAYS,SVYRDUDANY,0.36935897877350593
CATAG7,NOMARR2,0.3688847009878661
HALLMOLST,UD5ILLANY,0.3678468092215404
ILIMFOTHYR,NICVAPFLAG,0.3670227091493581
DRVINMARJ,NICVAPYR,0.36591684770179433
CATAG7,IRMARIT,0.3651195466580978
ILLEMFLAG2,SVYRSUDANY,0.36495460593757434
CBDHMPFLAG,DRVINHALL,0.3634347926640932
DRVINMARJ,IRPYSEV5MRJ,0.36323446435966966
CBDHMPFLAG,HALLMOLST,0.3627979696319068
MJVAPFLAG,NICVPMDAYS,0.3626583730172524
FUNICVAP21,MJVAPFLAG,0.3625675562393482
DRVINHALL,UD5ILALANY,0.36108899579991843
HPDRGTALK,NICVAPYR,0.3602696910846601
FUMJ21,SVYRSUDANY,0.3602537905828756
MRJMLU,UD5ILALANY,0.3594690436373236
MRJYDAYS,NICVAPYR,0.35775304817999204
MRJYDAYS,MRJYRBFR,0.35728617914838234
FUNICVAP18,NICVAPYR,0.3570606406424218
ILIMFOTHFG,NICVAPFLAG,0.3570241843279956
MRJMONVAP2,NICVAPFLAG,0.3569138357346755
CASUPROB,ILLEMFLAG2,0.3565607018077745
CASURCVR,ILLEMFLAG2,0.35655587482355666
FUMJ21,TOBVAPONL2,0.3563582172101374
ENRLCOLLST2,FUNICVAP21,0.3558394503827664
MRJFLAG,SVYRSUDANY,0.3555714274849875
ILLEMFLAG2,MRJMDAYS,0.35539404839309047
MRJMLU,MRJYDAYS,0.35498276002140977
HALLMOLST,UD5ILALANY,0.35461340215168863
FUMJ21,UD5ILALANY,0.354197298774783
ILLEMFLAG2,MRJMONVAP2,0.3529741495506709
MRJFLAG,UD5ILALANY,0.3528878830750374
ENRLCOLLFT2,FUNICVAP21,0.35286911988755815
HPDRGTALK,MRJMLU,0.3525176245510209
MJSMKYR,NICVAPYR,0.3524726342633736
CAMHRCVR,INHOSPYR,0.35244451414076733
ILLEMFLAG2,UD5ILALANY,0.3505920016966361
INHOSPYR,PREGST,0.35020653771039634
ILLMON,NICVAPFLAG,0.34988154503780877
CASURCVR,INHOSPYR,0.3498379322035371
MRJMDAYS,SVYRDUDANY,0.3492719449374876
ILLFLAG,SVYRSUDANY,0.34926041323177776
ILLEMFLAG2,MJSMKYR,0.34839011715062185
ILLYR,TOBVAPONL2,0.3469552223200118
ILLFLAG,UD5ILALANY,0.3466785939050288
INHOSPYR,RKFQDBLT,0.3463166709610587
MRJMDAYS,NICVAPFLAG,0.3462376384604698
CAMHPROB2,PREGSTAT,0.3459492300851194
ILLMON,TOBVAPONL2,0.3458226788318107
MRJMONVAP2,NICVAPYR,0.3433743221717793
TOBVAPONL2,UD5ILALANY,0.34284624857875745
MRJYRBFR,NICVAPYR,0.3427496693331939
MRJMLU,UD5ILLANY,0.34258727037715203
MRJYR,TOBVAPONL2,0.3421042570806971
ILLEMFLAG2,SVYRDUDANY,0.3418920728336983
NICVAPFLAG,SVYRSUDANY,0.3416704613321635
FUMJ21,SVYRDUDANY,0.3407081879692516
ILLYR,NICVAPYR,0.3404208789813995
MRJYRBFR,RCVYMHPRB,0.3403616685874533
MRJYR,NICVAPYR,0.34001002273003417
MRJMONVAP2,SVYRSUDANY,0.339390066767231
FUMJ21,UD5ILLANY,0.3389793610553961
CAMHPROB2,PREGST,0.33802068423897674
FUMJ21,IRPYSEV5MRJ,0.33785195306377336
DRVINMARJ,SVYRDUDANY,0.337812557660995
ILLEMFLAG2,UD5ILLANY,0.3365629335281394
ILIMFOTHMN,NICVAPFLAG,0.3359395728411637
CASURCVR,UD5ILALANY,0.3354244960248593
MRJMDAYS,MRJYRBFR,0.3342714441615206
NICVAPYR,SVYRSUDANY,0.33380941135966596
TOBVAPONL2,UD5ILLANY,0.33297004423466
NICVAPFLAG,UD5ILALANY,0.3315433052113118
FUNICVAP18,NICVPMDAYS,0.33128937953558096
FUNICVAP18,TOBVAPONL2,0.33110025824653333
ILIMFOTHMN,TOBVAPONL2,0.32720126641044056
CAMHPROB2,HPDRGTALK,0.3263635922172902
FUNICVAP21,NOMARR2,0.3262839600658913
FUNICVAP21,IRMARIT,0.3250830704099906
FUMJ21,NICVAPYR,0.32437883175124643
PREGSTAT,RCVYMHPRB,0.32345631076184544
ILLANDALC,NICVAPYR,0.32292207826496844
ILIMFOTHFG,SVYRSUDANY,0.3226517082933329
MRJFLAG,SVYRDUDANY,0.3219534369248676
MRJFLAG,UD5ILLANY,0.3214542629656272
MRJFLAG,TOBVAPONL2,0.32144841654441103
ILIMFOTHFG,UD5ILALANY,0.32054231434210023
CAMHPROB2,RKFQDBLT,0.31962277664586236
IRPYSEV5MRJ,MRJFLAG,0.31918554485465395
CASUPROB,UD5ILALANY,0.3188124678300537
CBDHMPFLAG,NICVAPFLAG,0.3183900768421652
ILIMFOTHYR,TOBVAPONL2,0.31568621433516414
PREGST,RCVYMHPRB,0.3155448291360802
NICVAPYR,SVYRDUDANY,0.31525599955015166
NICVAPFLAG,SVYRDUDANY,0.3149879324637724
ILLANDALC,TOBVAPONL2,0.3141227508226502
CATAG3,NICVAPFLAG,0.313522197971275
NICVAPYR,UD5ILALANY,0.3129320122491614
ILLMON,NICVAPYR,0.31285901449886533
ILLFLAG,SVYRDUDANY,0.31196451604226655
ILLFLAG,UD5ILLANY,0.3114821334280352
ENRLCOLLFT2,NOMARR2,0.31122578915485927
ILIMFOTHYR,NICVAPYR,0.31106530525977755
ENRLCOLLFT2,IRMARIT,0.3110395841921175
MRJMDAYS,NICVAPYR,0.3110069104494168
NICVAPFLAG,UD5ILLANY,0.31055363724244894
MRJYDAYS,SVYRSUDANY,0.3098095425080403
ILLFLAG,TOBVAPONL2,0.30892998831551577
DRVINHALL,NICVAPFLAG,0.3085551636328032
ILLEMFLAG2,STMANYFLAG,0.3084382401335814
HALLMOLST,NICVAPFLAG,0.3083218334557132
DRVINMARJ,SVYRSUDANY,0.3083075622166325
RCVYMHPRB,RKFQDBLT,0.3080411846202595
DRVINHALL,DRVINMARJ,0.30787098691831327
STMANYFLAG,TQSDANYFLG,0.3070252495462311
MJSMKYR,NICVPMDAYS,0.3058607078935147
CBDHMPFLAG,SVYRSUDANY,0.30482277498754906
HPDRGTALK,IRPYSEV5MRJ,0.3045671532778634
IRPYSEV5MRJ,NICVAPFLAG,0.30452651211224474
NICVAPYR,UD5ILLANY,0.30443011952242466
DRVINHALL,MRJMONVAP2,0.3037978423963642
ILLEMFLAG2,NICVAPFLAG,0.30371923508239457
CBDHMPFLAG,UD5ILALANY,0.3013982084429979
IRPYSEV5MRJ,NICVAPYR,0.299655271648959
HPDRGTALK,SVYRDUDANY,0.29865945694869156
ILIMFOTHMN,NICVAPYR,0.2965556289575219
HALLMOLST,MRJMONVAP2,0.29633891566557014
MRJMDAYS,MRJMLU,0.29551482457653994
DRVINMARJ,FUNICVAP21,0.2955041432327568
MRJMLU,NICVAPYR,0.29532807631018065
CBDHMPFLAG,IRPYSEV5MRJ,0.29504671627998685
ILLFLAG,IRPYSEV5MRJ,0.29442622469478513
FUMJ21,FUNICVAP21,0.29434851558674013
CBDHMPFLAG,SVYRDUDANY,0.294077602410051
CAMHPROB,PREGST,0.2940058850142268
CBDHMPFLAG,UD5ILLANY,0.29376865829078747
FUNICVAP18,MJVAPFLAG,0.29376811406953857
MRJFLAG,NICVAPYR,0.2929972533104422
DRVINHALL,STMANYFLAG,0.2918709749225465
CASUPROB,FUMJ21,0.2913175615737629
ILLYR,NICVPMDAYS,0.29104207742965865
CASURCVR,FUMJ21,0.29093578396112063
FUNICVAP21,HPDRGTALK,0.29051547122448523
MRJYR,NICVPMDAYS,0.28965794742927675
ILLEMFLAG2,IRPYSEV5MRJ,0.2895437723479045
HALLMOLST,STMANYFLAG,0.2885722668489536
MRJMDAYS,SVYRSUDANY,0.2879623804790248
FUMJ21,NICVPMDAYS,0.2871100030990115
CATAG7,NICVAPFLAG,0.2865836351766276
ILIMFOTHFG,SVYRDUDANY,0.2865531982963178
ILIMFOTHFG,UD5ILLANY,0.2861904809528411
CAMHPROB2,DRVINMARJ,0.286138764990416
FUNICVAP21,MJSMKYR,0.28585401919846504
IRPYSEV5MRJ,MRJYRBFR,0.2852192169981915
ILLEMFLAG2,TQSDANYFLG,0.2848102697667777
ILLMON,NICVPMDAYS,0.28458501325082947
FUNICVAP21,MRJYDAYS,0.2830396067176858
ILIMFOTHFG,TOBVAPONL2,0.28265699698236996
HPDRGTALK,SVYRSUDANY,0.2825071462089228
ILLEMFLAG2,TOBVAPONL2,0.28250375865122085
HPDRGTALK,RCVYMHPRB,0.28218318591558456
NICVPMDAYS,UD5ILLANY,0.2820639454299733
CASUPROB,MRJFLAG,0.2818795505068522
CASURCVR,MRJFLAG,0.28080406304560895
NICVPMDAYS,UD5ILALANY,0.2806729529465866
CATAGE,NICVAPFLAG,0.27991706154775037
ILLFLAG,NICVAPYR,0.27844106253605816
CASUPROB,PREGST,0.2783129472385126
FUNICVAP21,MRJYR,0.277524798798672
CAMHRCVR,PREGST,0.2769477465374586
DRVINHALL,RKFQDBLT,0.27689285814806186
FUNICVAP21,MRJYRBFR,0.27539304345944127
ILLANDALC,NICVPMDAYS,0.27466693840192563
LVLDIFMEM2,PREGST,0.27409079535098274
DRVINHALL,HPDRGTALK,0.2740483665917798
CASUPROB,ILLFLAG,0.2733014536009547
CAMHPROB,PREGSTAT,0.27233908346909846
CASURCVR,ILLFLAG,0.27228156763090505
CAMHPROB,ILIMFOTHFG,0.2721335537899668
MRJMONVAP2,TOBVAPONL2,0.27203478720308366
CAMHRCVR,ILIMFOTHFG,0.2718855303011186
MRJYRBFR,SVYRDUDANY,0.2716049171134243
CAMHRCVR,CBDHMPFLAG,0.2712764734752802
CAMHPROB,CBDHMPFLAG,0.2712453482613453
CAMHPROB2,ILIMFOTHFG,0.27118509091317683
FUNICVAP21,ILLANDALC,0.27113183063958624
CAMHPROB2,CBDHMPFLAG,0.270701768488835
LVLDIFCARE2,PREGST,0.2705652958677378
CAMHRCVR,ILLFLAG,0.27038753524233927
ILIMFOTHMN,NICVPMDAYS,0.27034849365627084
CAMHPROB,ILLFLAG,0.27025180410455163
FUNICVAP21,ILLYR,0.2698127363798529
CAMHRCVR,ILLEMFLAG2,0.26963305463690274
CAMHPROB2,ILLFLAG,0.2695088676741612
LVLDIFCOMM2,PREGST,0.26938711640193674
ILIMFOTHFG,IRPYSEV5MRJ,0.26865712691400373
CASUPROB,MRJYRBFR,0.26852038614167045
CAMHRCVR,TQSDANYFLG,0.2680004007021006
CASURCVR,UD5ILLANY,0.26784663189393515
CAMHPROB,MRJYRBFR,0.26784528143088276
CATAG3,NICVAPYR,0.26773379679636644
CAMHPROB,ILLEMFLAG2,0.26764318034660656
CAMHPROB,TQSDANYFLG,0.26760727271889784
CAMHPROB2,ILLEMFLAG2,0.2675353579313419
CAMHPROB2,TQSDANYFLG,0.2675163169116267
ILIMFOTHYR,NICVPMDAYS,0.2658434492609155
MRJYRBFR,SVYRSUDANY,0.26510783375710195
CATAG3,PREGSTAT,0.26504952067967436
CATAG3,PREGST,0.2648755298381687
CAMHRCVR,MJVAPFLAG,0.2647115454634756
FUNICVAP21,IRPYSEV5MRJ,0.2642796561226663
CASUPROB,UD5ILLANY,0.2623007500032825
CASUPROB,PREGSTAT,0.26153177093663255
CAMHPROB,MJVAPFLAG,0.2612464929770316
CAMHPROB,MRJFLAG,0.261002437268419
CAMHPROB2,MJVAPFLAG,0.26093104024105207
CAMHRCVR,MRJFLAG,0.26086471708456094
FUNICVAP18,NOMARR2,0.26063525159520046
FUNICVAP18,IRMARIT,0.2603559426496329
DRVINHALL,NICVAPYR,0.2602441783988185
CAMHPROB2,MRJFLAG,0.26018593371001353
HALLMOLST,NICVAPYR,0.2591455603286031
CASURCVR,PREGST,0.25814141295853243
CAMHRCVR,ILIMFOTHYR,0.2580503503186855
ILIMFOTHFG,NICVAPYR,0.2570696759215531
FUNICVAP21,MRJMONVAP2,0.2566395937767428
CASUPROB,ILIMFOTHFG,0.25573573667177013
MRJFLAG,NICVPMDAYS,0.2552806958111895
CASURCVR,ILIMFOTHFG,0.25440731278524686
ENRLCOLLST2,IRMARIT,0.25406106538300316
CAMHPROB,ILIMFOTHYR,0.2538463310503892
CAMHPROB2,ILIMFOTHYR,0.2533700964075518
HPDRGTALK,STMANYFLAG,0.25220448572190546
CAMHRCVR,ILLYR,0.25196593138135526
CATAG7,NICVAPYR,0.2501018568769311
LVLDIFMEM2,MRJYRBFR,0.2489412167283201
CAMHRCVR,STMANYFLAG,0.24857697938354373
CAMHPROB,STMANYFLAG,0.2480713361072025
CATAGE,NICVAPYR,0.24788798192736852
CAMHPROB2,STMANYFLAG,0.24786624356337977
LVLDIFCARE2,RKFQDBLT,0.24753356364932244
CAMHPROB,ILLYR,0.2459451222417351
FUNICVAP21,SVYRSUDANY,0.245920969597054
CASURCVR,SVYRSUDANY,0.24567730698202708
CAMHPROB2,ILLYR,0.24566458858837015
DRVINMARJ,STMANYFLAG,0.2455700014053552
FUNICVAP21,ILIMFOTHYR,0.24488757962279437
HPDRGTALK,TQSDANYFLG,0.24456375317327383
LVLDIFCOMM2,RKFQDBLT,0.2438377025059306
ILLFLAG,NICVPMDAYS,0.2438164818970215
LVLDIFCARE2,MRJYRBFR,0.24293675064536016
FUNICVAP18,IRPYSEV5MRJ,0.24237942728956882
CASURCVR,MJVAPFLAG,0.24229614917215453
ILLEMFLAG2,NICVAPYR,0.24210838760502987
FUNICVAP18,MJSMKYR,0.24183120404280445
FUNICVAP21,SVYRDUDANY,0.24171455432110536
FUMJ21,FUNICVAP18,0.24142881081535672
DRVINMARJ,FUNICVAP18,0.24121090069522141
CAMHRCVR,ILLANDALC,0.24091067622110995
DRVINMARJ,RCVYMHPRB,0.240869439217522
CASUPROB,MJVAPFLAG,0.24066931798009805
CAMHRCVR,UD5ILALANY,0.2405261057678023
CAMHPROB,RKFQDBLT,0.24049255910759323
ILIMFOTHFG,TQSDANYFLG,0.23938789843480185
HALLMOLST,TQSDANYFLG,0.2392153615666207
MRJYRBFR,STMANYFLAG,0.23903203992885358
MJVAPFLAG,STMANYFLAG,0.2390245869725532
LVLDIFMEM2,RKFQDBLT,0.23868377021782147
IRMARIT,NICVAPFLAG,0.23856334966231446
CASUPROB,RKFQDBLT,0.23855795254152767
LVLDIFCOMM2,MRJYRBFR,0.23831891299425098
FUNICVAP21,MRJMLU,0.2379409374557694
DRVINHALL,TQSDANYFLG,0.23750947434663047
CBDHMPFLAG,NICVAPYR,0.23624424296005567
FUNICVAP21,UD5ILALANY,0.23594818485762784
HALLMOLST,MRJYRBFR,0.23552477427897944
DRVINMARJ,HALLMOLST,0.23525928837043533
CAMHRCVR,MRJYR,0.23512282111940364
CAMHPROB,ILLANDALC,0.23479077445897098
MRJMONVAP2,NICVPMDAYS,0.23462654460359972
ILLFLAG,TQSDANYFLG,0.23441679855459704
CAMHPROB2,ILLANDALC,0.2344032413404446
CAMHPROB2,MRJMLU,0.23431124229145747
FUNICVAP18,HPDRGTALK,0.2339339669441844
CASURCVR,ILLYR,0.23389954654070666
FUNICVAP18,MRJYDAYS,0.23346377219296968
CBDHMPFLAG,TOBVAPONL2,0.2334243691516036
DRVINHALL,MRJYRBFR,0.23321907663671287
CATAG3,MJVAPFLAG,0.23306597982317315
MRJYRBFR,PREGST,0.2324794737736059
LVLDIFMEM2,PREGSTAT,0.23200186532958536
FUNICVAP21,UD5ILLANY,0.231942920693301
CAMHRCVR,FUMJ21,0.23178287400795208
CAMHPROB,FUMJ21,0.23161570899875622
CAMHPROB,UD5ILALANY,0.23134729341679272
CAMHPROB2,FUMJ21,0.23097331194639037
CAMHPROB2,UD5ILALANY,0.23089405179824296
LVLDIFCARE2,PREGSTAT,0.23046191053052917
CAMHPROB,MRJYR,0.23016191434743044
FUNICVAP21,MRJMDAYS,0.23007118195360834
ILLFLAG,STMANYFLAG,0.23003200768441848
CAMHPROB2,MRJYR,0.22995206113409655
LVLDIFCOMM2,PREGSTAT,0.22953009925398232
CASUPROB,ILLYR,0.2287513058536781
FUNICVAP21,MRJFLAG,0.22772072254531953
CAMHRCVR,UD5ILLANY,0.22737600152869525
CASUPROB,SVYRSUDANY,0.22646628853415257
DRVINMARJ,TQSDANYFLG,0.22644188195063258
FUNICVAP21,ILLMON,0.22583836654922562
CAMHRCVR,MRJYRBFR,0.22577991387765636
CASURCVR,ILLMON,0.22576297519781663
CASURCVR,ILIMFOTHYR,0.22575312619314458
FUNICVAP18,MRJMONVAP2,0.2257371081422763
DRVINHALL,SVYRDUDANY,0.22549551319919514
ILIMFOTHFG,NICVPMDAYS,0.2253178258521157
FUNICVAP18,MRJYR,0.2249346000816853
IRMARIT,IRMCDCHP,0.22435757289275327
NICVAPFLAG,NOMARR2,0.22410172711351603
CBDHMPFLAG,TQSDANYFLG,0.22334548362766113
DRVINDETAG,NICVAPFLAG,0.22312922110806385
DRVINHALL,SVYRSUDANY,0.2229779461113197
DRVINMARJ,TOBVAPONL2,0.22273660293404335
MRJMLU,STMANYFLAG,0.22230669868926442
CAMHRCVR,PREGSTAT,0.22220680252102915
CASUPROB,ILIMFOTHYR,0.22186100659619246
ILLEMFLAG2,NICVPMDAYS,0.22176286985762086
MRJMLU,TQSDANYFLG,0.22164564275389478
HPDRGTALK,TOBVAPONL2,0.2215214310715248
PREGST,RKFQDBLT,0.22136199530591166
HALLMOLST,SVYRDUDANY,0.2212473346120519
CASURCVR,MRJYRBFR,0.22120800546056613
ILIMFOTHFG,STMANYFLAG,0.22110744715294287
FUNICVAP18,SVYRDUDANY,0.22083587427009416
MRJYRBFR,TQSDANYFLG,0.22065530773877218
ENRLCOLLST2,NOMARR2,0.22029581826399322
FUNICVAP18,MRJYRBFR,0.220209270815839
MRJYDAYS,TOBVAPONL2,0.21977125910658285
HALLMOLST,SVYRSUDANY,0.21952730399623097
HPDRGTALK,PREGSTAT,0.21936478440166843
MRJFLAG,STMANYFLAG,0.21902162023760569
FUNICVAP18,ILLYR,0.2189655217714395
MRJFLAG,TQSDANYFLG,0.21851166216182222
LVLDIFMEM2,STMANYFLAG,0.2184861151681757
CASURCVR,ILIMFOTHMN,0.21817018796481433
IRMARIT,NICVAPYR,0.21792031616042218
PREGSTAT,RKFQDBLT,0.21787032343288337
FUNICVAP21,ILLFLAG,0.21783174587267048
ILLYR,STMANYFLAG,0.21715888881400125
CAMHPROB,UD5ILLANY,0.21701642527564538
CAMHPROB2,UD5ILLANY,0.21697148478613998
SVYRSUDANY,TOBVAPONL2,0.21657540180775517
FUNICVAP18,ILLANDALC,0.2162179102746992
CASUPROB,ILLMON,0.2161607029723563
CASUPROB,CBDHMPFLAG,0.21504830626157426
FUNICVAP18,SVYRSUDANY,0.2150249112563827
CASURCVR,CBDHMPFLAG,0.21478499190136033
NICVAPFLAG,SEXAGE,0.21467045749592786
ILIMFOTHYR,STMANYFLAG,0.21463521320397602
CBDHMPFLAG,STMANYFLAG,0.2145323262912615
CATAG2,NICVAPFLAG,0.21443876927884012
DRVINAGE,NICVAPFLAG,0.21443876927884012
CASURCVR,MRJYR,0.21437266292469712
DRVINHALL,MRJMDAYS,0.21397844162749244
CASURCVR,TQSDANYFLG,0.21350997780850833
CAMHRCVR,ILIMFOTHMN,0.21345315534469594
CASUPROB,NICVAPFLAG,0.21244795494975913
CASURCVR,NICVAPFLAG,0.2122425670349448
DRVINDETAG,NICVAPYR,0.21197300482187523
CASUPROB,TQSDANYFLG,0.21176221666090678
FUNICVAP21,ILIMFOTHMN,0.21166078615210826
DRVINHALL,IRPYSEV5MRJ,0.2113356063996967
MRJMLU,SVYRSUDANY,0.21075034714634572
HALLMOLST,MRJMDAYS,0.21061466976805782
CASURCVR,PREGSTAT,0.21051680034261466
CASUPROB,ILIMFOTHMN,0.210498670509501
MRJYRBFR,TOBVAPONL2,0.21031273635236422
CBDHMPFLAG,NICVPMDAYS,0.21029172373020158
HPDRGTALK,LVLDIFMEM2,0.20996212197270242
CAMHPROB,HPDRGTALK,0.20986287398780767
HALLMOLST,HPDRGTALK,0.20982784051881803
CASUPROB,DRVINMARJ,0.20948767632586165
NICVAPYR,SEXAGE,0.20935941250529388
DRVINAGE,NICVAPYR,0.2092837446725366
CATAG2,NICVAPYR,0.2092837446725366
CASUPROB,MRJYR,0.20899932022780376
ILLANDALC,STMANYFLAG,0.20890151294820916
HALLMOLST,IRPYSEV5MRJ,0.2086602333291621
FUNICVAP18,UD5ILLANY,0.20833689644994324
NICVAPYR,NOMARR2,0.20803779000737163
FUMJ21,STMANYFLAG,0.20769127818063743
CATAG2,TOBVAPONL2,0.20700588524398644
DRVINAGE,TOBVAPONL2,0.20700588524398644
CAMHPROB,ILIMFOTHMN,0.20665137856615087
CAMHPROB2,ILIMFOTHMN,0.20616685942904944
IRMCDCHP,RKFQDBLT,0.206057672764271
CASURCVR,MJSMKYR,0.20589915065929992
CASURCVR,STMANYFLAG,0.2057613267299765
CASUPROB,STMANYFLAG,0.2052008401040724
DRVINHALL,MRJYDAYS,0.2051042913599554
CASUPROB,HPDRGTALK,0.2047961061806251
CAMHRCVR,ILLMON,0.2040832375611714
IRPRVHLT,RKFQDBLT,0.2036587905076449
MRJMDAYS,TOBVAPONL2,0.20347062737537563
HALLMOLST,MRJYDAYS,0.20346467095404466
MRJYRBFR,PREGSTAT,0.20342551557920746
CASURCVR,ILLANDALC,0.20338905998410023
FUNICVAP18,UD5ILALANY,0.20329031395639577
IRPYSEV5MRJ,MRJMLU,0.20323277751916838
MRJYRBFR,RKFQDBLT,0.20322533571140333
FUNICVAP21,ILIMFOTHFG,0.20305896486478847
CATAG7,MJVAPFLAG,0.2021051230710487
IRMARIT,IRPRVHLT,0.20210408699841026
CATAG7,TQSDANYFLG,0.20197063589062497
SVYRDUDANY,TOBVAPONL2,0.20185658295008063
CASUPROB,MJSMKYR,0.20180598584207854
CAMHPROB,DRVINMARJ,0.20153360769573084
CATAG3,TQSDANYFLG,0.20149076396092955
CBDHMPFLAG,FUNICVAP21,0.20125497965097375
IRMARIT,MJSMKYR,0.2006266625331836
CATAGE,TQSDANYFLG,0.20012966696148776
HPDRGTALK,LVLDIFCARE2,0.19982778869558446
MRJMLU,SVYRDUDANY,0.19951003403734321
DRVINMARJ,INHOSPYR,0.19885869911610166
HPDRGTALK,LVLDIFCOMM2,0.197888894854491
FUNICVAP18,ILIMFOTHYR,0.19778256476341557
CAMHRCVR,NICVAPFLAG,0.19746969449784388
STMANYFLAG,SVYRSUDANY,0.1953079117368013
CAMHPROB,ILLMON,0.19529337857535417
FUNICVAP18,MRJMDAYS,0.195172408063916
CAMHPROB2,ILLMON,0.19505373155960304
CATAGE,MJVAPFLAG,0.19479130589973892
RCVYMHPRB,TQSDANYFLG,0.19469622629115524
CAMHPROB,NICVAPFLAG,0.19422595183206393
STMANYFLAG,SVYRDUDANY,0.19399964193499541
CAMHPROB2,NICVAPFLAG,0.1939808580447556
MRJMLU,RCVYMHPRB,0.19366341374028614
STMANYFLAG,UD5ILLANY,0.19210877755024977
LVLDIFMEM2,UD5ILLANY,0.19190848414509193
CAMHPROB2,HALLMOLST,0.1915987182345914
IRMARIT,MJVAPFLAG,0.19110817867718308
CAMHRCVR,HPDRGTALK,0.19106260607883016
ILIMFOTHFG,RCVYMHPRB,0.190182813984681
CBDHMPFLAG,RCVYMHPRB,0.19015930954297028
FUNICVAP18,ILLMON,0.18981973869685057
MRJMLU,TOBVAPONL2,0.1893456458345346
STMANYFLAG,UD5ILALANY,0.18927166262313705
CASUPROB,ILLANDALC,0.18909039441350534
CAMHRCVR,MJSMKYR,0.18904399911706116
CAMHRCVR,RKFQDBLT,0.18773949033084664
ILLFLAG,RCVYMHPRB,0.18771693406163778
CASUPROB,DRVINHALL,0.18765196534346745
IRMCDCHP,NOMARR2,0.18757771159985093
MRJYDAYS,STMANYFLAG,0.18656222947095458
FUMJ21,TQSDANYFLG,0.18645383275308156
ILIMFOTHMN,STMANYFLAG,0.18625313543348324
HPDRGTALK,RKFQDBLT,0.18577815828265837
CASURCVR,HPDRGTALK,0.1857405867793729
FUNICVAP18,MRJMLU,0.1856843430606176
CASURCVR,RKFQDBLT,0.18483703479212524
ILLMON,STMANYFLAG,0.18479054960116967
ILLYR,IRMARIT,0.1846533856173693
MJSMKYR,NOMARR2,0.18458058271472777
CBDHMPFLAG,LVLDIFMEM2,0.18454174716200406
CAMHPROB,MJSMKYR,0.18452803002083296
MRJFLAG,RCVYMHPRB,0.184221355708952
MRJYR,STMANYFLAG,0.18421535496235938
CAMHPROB2,MJSMKYR,0.18419818503214658
NICVAPFLAG,STMANYFLAG,0.18407845543479726
CASURCVR,DRVINMARJ,0.1838662583108994
IRPYSEV5MRJ,TOBVAPONL2,0.18281927483991542
LVLDIFMEM2,UD5ILALANY,0.18172515279727364
CASUPROB,HALLMOLST,0.18164067189555844
IRMARIT,MRJYR,0.1815731170545475
CAMHPROB2,DRVINHALL,0.1815363293531735
ILIMFOTHYR,TQSDANYFLG,0.1814919454648254
DRVINDETAG,TQSDANYFLG,0.18137567639780897
ILLEMFLAG2,RCVYMHPRB,0.18107197715912907
SEXAGE,TQSDANYFLG,0.18084183909406046
DRVINAGE,TQSDANYFLG,0.1792549838598056
CATAG2,TQSDANYFLG,0.1792549838598056
LVLDIFMEM2,TQSDANYFLG,0.17916239705251066
CASURCVR,SVYRDUDANY,0.17795617468874958
FUNICVAP18,MRJFLAG,0.17776389137305249
CATAG2,NICVPMDAYS,0.17725770163165638
DRVINAGE,NICVPMDAYS,0.17725770163165638
FUNICVAP21,HALLMOLST,0.1771436094439673
MJVAPFLAG,NOMARR2,0.17709388448439792
CATAG3,MJSMKYR,0.17625010633692093
RCVYMHPRB,STMANYFLAG,0.1761298344233709
NICVPMDAYS,SVYRSUDANY,0.17588473818714312
HPDRGTALK,PREGST,0.17466252160919027
FUNICVAP18,ILIMFOTHMN,0.17430383751770664
CASURCVR,NICVAPYR,0.17418953668147488
CAMHPROB2,SVYRSUDANY,0.17407311322357458
CASUPROB,NICVAPYR,0.17400485192800527
MRJMONVAP2,STMANYFLAG,0.17359379068985345
CATAGE,PREGSTAT,0.17321643262214428
ILIMFOTHFG,LVLDIFMEM2,0.1731946921966477
CATAGE,PREGST,0.17288619717478074
FUNICVAP18,ILLFLAG,0.17259698503731563
ILLEMFLAG2,LVLDIFMEM2,0.17226528139616337
DRVINHALL,TOBVAPONL2,0.17127557215558087
CASUPROB,SVYRDUDANY,0.17054039411603106
DRVINHALL,MRJMLU,0.1705234093132163
CATAG3,MRJYR,0.17034134257444475
ILLANDALC,IRMARIT,0.1702429898197891
NICVPMDAYS,SVYRDUDANY,0.16986067610209468
DRVINMARJ,PREGST,0.16915956645752434
CATAG3,ILLANDALC,0.16892825752500698
HALLMOLST,TOBVAPONL2,0.16888100702161582
CATAG2,DRVINMARJ,0.16832845934726995
DRVINAGE,DRVINMARJ,0.16832845934726995
CATAGE,TOBVAPONL2,0.1678808067779205
CAMHRCVR,DRVINMARJ,0.16765354379597638
DRVINHALL,FUNICVAP21,0.1665082576376093
MJVAPFLAG,RCVYMHPRB,0.1662224433785141
DRVINAGE,HPDRGTALK,0.16563531759315794
CATAG2,HPDRGTALK,0.16563531759315794
ILLFLAG,LVLDIFMEM2,0.16512376147415095
CATAG3,ILLYR,0.1650955985789157
CAMHPROB2,MRJYDAYS,0.16493117354334438
IRMARIT,UD5ILLANY,0.16425834035416673
MRJYR,NOMARR2,0.16401441347476667
ILLYR,NOMARR2,0.16290108635905215
CASURCVR,HALLMOLST,0.16284327762412945
MRJMDAYS,STMANYFLAG,0.16263549147665463
ILIMFOTHYR,LVLDIFMEM2,0.16255420021745687
FUMJ21,RCVYMHPRB,0.16247421139783
ILLYR,TQSDANYFLG,0.16204962483908092
CASUPROB,MRJMLU,0.16204376107828186
DRVINHALL,INHOSPYR,0.16203039413234796
MRJYDAYS,NICVPMDAYS,0.1617417481373092
CASURCVR,DRVINHALL,0.16127733386232582
CBDHMPFLAG,FUNICVAP18,0.16082024806693415
DRVINMARJ,NICVPMDAYS,0.16042189888686714
IRPYSEV5MRJ,NICVPMDAYS,0.16019173768441225
FUNICVAP18,ILIMFOTHFG,0.15995342196939044
FUNICVAP18,HALLMOLST,0.15932848451580647
MJSMKYR,STMANYFLAG,0.1591252108486202
DRVINMARJ,LVLDIFMEM2,0.1590191845747603
CATAG7,MJSMKYR,0.1587541699629176
ILIMFOTHYR,RCVYMHPRB,0.15841362412358928
IRPRVHLT,NOMARR2,0.1580782212923267
HPDRGTALK,NICVPMDAYS,0.15785649868712076
CAMHPROB2,SVYRDUDANY,0.15753409842509003
ILLANDALC,NOMARR2,0.15747338465683314
ILLMON,IRMARIT,0.15727078175373566
LVLDIFMEM2,MJVAPFLAG,0.15639119564232878
CAMHPROB,MRJMLU,0.15554680620583403
HEALTH2,IRPRVHLT,0.15554097824499488
ILIMFOTHYR,IRMARIT,0.15550570024597948
SVYRSUDANY,TQSDANYFLG,0.1553436806915312
SEXAGE,TOBVAPONL2,0.1550825779193908
CATAGE,MJSMKYR,0.1547848267865061
NICVAPYR,STMANYFLAG,0.1545328171623851
NOMARR2,UD5ILLANY,0.1534411442446256
LVLDIFMEM2,MRJFLAG,0.153142055331731
SVYRDUDANY,TQSDANYFLG,0.1527888948511847
ILLYR,LVLDIFMEM2,0.15276982115128115
DRVINDETAG,TOBVAPONL2,0.1525075583162414
DRVINAGE,RKFQDBLT,0.15244270609429103
CATAG2,RKFQDBLT,0.15244270609429103
HEALTH2,ILIMFOTHFG,0.15220075311098244
ILIMFOTHMN,TQSDANYFLG,0.15203027631308022
STMANYFLAG,TOBVAPONL2,0.151829372670895
CATAG7,ILLANDALC,0.15179113042152237
CAMHRCVR,FUNICVAP21,0.1516692123772624
CAMHRCVR,NICVAPYR,0.15091084309726485
NOMARR2,TQSDANYFLG,0.15013271453039842
CAMHRCVR,SVYRSUDANY,0.15004057941255675
DRVINMARJ,LVLDIFCARE2,0.14994173671715647
CASURCVR,MRJMONVAP2,0.14959013450377767
TQSDANYFLG,UD5ILLANY,0.14947731115503365
HEALTH2,TQSDANYFLG,0.14943756835732577
DRVINHALL,FUNICVAP18,0.14926866546474055
TQSDANYFLG,UD5ILALANY,0.14918608582476556
CATAGE,NICVPMDAYS,0.14895753389267433
CAMHPROB,FUNICVAP21,0.14891039236601405
MRJMDAYS,NICVPMDAYS,0.14888972105020482
CAMHPROB2,FUNICVAP21,0.1486477131437326
MRJYRBFR,NICVPMDAYS,0.14855354796310902
CATAG3,TOBVAPONL2,0.14826803126694926
IRMARIT,UD5ILALANY,0.14782856011891665
NICVPMDAYS,STMANYFLAG,0.14782519150641554
ILLYR,RCVYMHPRB,0.1478082624850546
HALLMOLST,RCVYMHPRB,0.1476191278753346
HEALTH2,IRMCDCHP,0.14746268509619925
ENRLCOLLST2,TQSDANYFLG,0.1472492365688144
ENRLCOLLFT2,TQSDANYFLG,0.14714433182502895
HEALTH2,ILLFLAG,0.14707990580239771
HEALTH2,UD5ILLANY,0.1470057403408684
CAMHPROB,NICVAPYR,0.1468164867823948
CAMHPROB2,NICVAPYR,0.14664035906386086
IRMARIT,TQSDANYFLG,0.14589844377366232
CATAG7,MRJYR,0.14549467937811159
DRVINDETAG,MJVAPFLAG,0.1451979839130441
CASUPROB,MRJMONVAP2,0.14397880580108235
CASURCVR,MRJMLU,0.14394178325008694
CASURCVR,IRPYSEV5MRJ,0.1431022145509525
CAMHPROB,SVYRSUDANY,0.14272169828843087
IRMCDCHP,PREGSTAT,0.14252899977599084
HEALTH2,LVLDIFMEM2,0.14251493918613048
LVLDIFCARE2,UD5ILLANY,0.14241521439806434
CATAG7,PREGSTAT,0.142092132026491
LVLDIFCOMM2,UD5ILLANY,0.1419110073631358
CATAG7,PREGST,0.14169198080705886
CATAG7,TOBVAPONL2,0.14146095424807512
DRVINMARJ,LVLDIFCOMM2,0.14125518979321636
CAMHRCVR,MRJMONVAP2,0.14109822492567273
ENRLCOLLST2,NICVAPYR,0.14101360771316568
IRMCDCHP,PREGST,0.14092738918454795
ILIMFOTHMN,LVLDIFMEM2,0.14069370402387427
MJVAPFLAG,TQSDANYFLG,0.14054937608771031
CATAGE,HPDRGTALK,0.14044219746929673
HEALTH2,MRJFLAG,0.14012892436383598
MRJYR,RCVYMHPRB,0.1400099091452475
CATAGE,MRJYR,0.139740763499444
ILLANDALC,RCVYMHPRB,0.13939696296511786
CAMHPROB,DRVINHALL,0.1393575109762056
LVLDIFMEM2,NICVAPFLAG,0.13927183905554358
CATAGE,DRVINMARJ,0.13888997536944364
DRVINAGE,PREGSTAT,0.1386841093639325
CATAG2,PREGSTAT,0.1386841093639325
CAMHRCVR,MRJMLU,0.13850464234633647
LVLDIFMEM2,MRJYR,0.13841379532303896
CAMHPROB2,IRPYSEV5MRJ,0.13812593912157117
ILLANDALC,TQSDANYFLG,0.13803685095818358
DRVINAGE,PREGST,0.13793930577780078
CATAG2,PREGST,0.13793930577780078
CATAGE,ILLANDALC,0.13774733353270524
DRVINMARJ,RKFQDBLT,0.13750697692954325
ILLMON,NOMARR2,0.1374720411832314
ILIMFOTHMN,IRMARIT,0.13721912177360537
CATAG7,ILLYR,0.13694300682709518
CATAG3,UD5ILLANY,0.13660675204555325
CATAG2,IRPYSEV5MRJ,0.13647292110075476
DRVINAGE,IRPYSEV5MRJ,0.13647292110075476
ENRLCOLLFT2,NICVAPYR,0.13605982571828554
CAMHRCVR,SVYRDUDANY,0.13570497698689132
MJVAPFLAG,SEXAGE,0.13553517924200606
FUMJ21,LVLDIFMEM2,0.13548384779466094
CAMHPROB,MRJMONVAP2,0.1352654256664232
CAMHPROB2,MRJMONVAP2,0.13504727745934814
ILLANDALC,LVLDIFMEM2,0.1347838420713162
CATAG2,MJVAPFLAG,0.1347661686477633
DRVINAGE,MJVAPFLAG,0.1347661686477633
DRVINMARJ,PREGSTAT,0.1347593397698002
IRPYSEV5MRJ,STMANYFLAG,0.13475304112713063
DRVINHALL,RCVYMHPRB,0.13453419527681823
ILLMON,TQSDANYFLG,0.134413978916342
CASUPROB,IRPYSEV5MRJ,0.1343653682365131
CATAG7,IRMCDCHP,0.13388222076953088
NOMARR2,UD5ILALANY,0.13316075246009548
ILLMON,LVLDIFMEM2,0.13241723657217974
HEALTH2,UD5ILALANY,0.13239236383260175
DRVINDETAG,DRVINMARJ,0.13200752396159277
CATAG3,UD5ILALANY,0.13193869490577995
CATAG3,NICVPMDAYS,0.13154293705752193
NICVAPYR,RKFQDBLT,0.13131674878308344
ILIMFOTHYR,NOMARR2,0.13114344661160307
CATAG3,IRMCDCHP,0.13047983561232493
MRJMLU,NICVPMDAYS,0.1302588254155328
CATAGE,ILLYR,0.13017344257501728
CATAG3,HPDRGTALK,0.12998639917850532
CATAG2,HALLMOLST,0.12994821076682153
DRVINAGE,HALLMOLST,0.12994821076682153
CAMHPROB,HALLMOLST,0.12985998881542896
INHOSPYR,MRJMLU,0.12961472106595653
DRVINDETAG,NICVPMDAYS,0.12945442421254716
NICVAPFLAG,RKFQDBLT,0.12922629033533709
MRJYDAYS,TQSDANYFLG,0.129225468087487
RCVYMHPRB,UD5ILALANY,0.1291558076226585
CAMHPROB2,MRJMDAYS,0.12911674766334225
CAMHPROB2,HEALTH2,0.12908316017619312
CAMHPROB,SVYRDUDANY,0.12887929172374038
CATAG2,MRJYRBFR,0.12883796603600786
DRVINAGE,MRJYRBFR,0.12883796603600786
IRPRVHLT,TOBVAPONL2,0.12867602558584393
IRMCDCHP,TOBVAPONL2,0.12863121358384874
CATAG3,ILIMFOTHYR,0.1285157963192783
CATAG3,ILLMON,0.12827068689920743
HPDRGTALK,SEXAGE,0.1279296694488807
LVLDIFCOMM2,UD5ILALANY,0.12791207569413657
FUNICVAP21,ILLEMFLAG2,0.127371841820657
DRVINDETAG,HPDRGTALK,0.1271604508999539
DRVINDETAG,MJSMKYR,0.12681925772642388
CATAG3,DRVINMARJ,0.12672801931868144
HPDRGTALK,IRMARIT,0.12672492855362633
MRJYR,TQSDANYFLG,0.12620165276616518
NICVPMDAYS,SEXAGE,0.12607305502014363
CBDHMPFLAG,HEALTH2,0.12534383398880028
CATAG7,NICVPMDAYS,0.12446324345690897
NICVAPFLAG,RCVYMHPRB,0.12431208168706218
DRVINAGE,LVLDIFCOMM2,0.12404389577635103
CATAG2,LVLDIFCOMM2,0.12404389577635103
HEALTH2,LVLDIFCARE2,0.12390554645178521
ENRLCOLLST2,NICVAPFLAG,0.12374632244372938
HALLMOLST,NICVPMDAYS,0.12362745100263856
HEALTH2,ILLEMFLAG2,0.12328122677588962
CATAG7,DRVINMARJ,0.12260825564232994
LVLDIFMEM2,MJSMKYR,0.12259727320809805
DRVINHALL,NICVPMDAYS,0.12248975173891656
CASURCVR,TOBVAPONL2,0.1224433832631276
ENRLCOLLST2,IRMCDCHP,0.12240073558261254
MJSMKYR,SEXAGE,0.12229059369604271
CASUPROB,TOBVAPONL2,0.12196171151643596
DRVINMARJ,SEXAGE,0.12189233456467069
CATAG2,MJSMKYR,0.12174349721417689
DRVINAGE,MJSMKYR,0.12174349721417689
CATAG7,HPDRGTALK,0.12159019117782864
FUNICVAP21,LVLDIFMEM2,0.1212549561704304
RKFQDBLT,UD5ILLANY,0.12117938495471449
DRVINDETAG,IRMCDCHP,0.12079117054516429
DRVINHALL,LVLDIFMEM2,0.12020070167164716
DRVINMARJ,IRMARIT,0.11984023097928055
ENRLCOLLFT2,IRMCDCHP,0.11972487436835687
DRVINDETAG,RKFQDBLT,0.11970537524433589
LVLDIFMEM2,NICVAPYR,0.11954683928891457
HEALTH2,ILIMFOTHYR,0.11950065295864083
CATAG7,UD5ILLANY,0.11949722736010011
DRVINDETAG,ILLANDALC,0.11936119301575254
LVLDIFCARE2,UD5ILALANY,0.1192557730555638
ILIMFOTHMN,RCVYMHPRB,0.11918961045494796
HALLMOLST,MRJMLU,0.11893535063241747
CATAGE,UD5ILLANY,0.11873242408147593
CAMHRCVR,IRPYSEV5MRJ,0.118103715416752
RCVYMHPRB,UD5ILLANY,0.11805658185542413
ILIMFOTHMN,NOMARR2,0.11780990998036597
ENRLCOLLFT2,RKFQDBLT,0.11718772243023272
CATAGE,IRMCDCHP,0.11713182013189671
ENRLCOLLFT2,NICVAPFLAG,0.11705007463770471
FUMJ21,HEALTH2,0.11686338660922353
IRMCDCHP,SEXAGE,0.11685599695628744
IRMARIT,TOBVAPONL2,0.11680435051418578
CAMHPROB2,CATAG3,0.11601242381562911
LVLDIFMEM2,SVYRDUDANY,0.11545649444182549
HEALTH2,ILLYR,0.11493350216101454
CATAG2,DRVINHALL,0.11486079043920727
DRVINAGE,DRVINHALL,0.11486079043920727
CAMHRCVR,FUNICVAP18,0.11466581332937395
CATAGE,RKFQDBLT,0.11466018017427469
IRMCDCHP,SVYRDUDANY,0.11445837038446433
CAMHPROB,FUNICVAP18,0.11424540523376286
CAMHRCVR,HALLMOLST,0.11423630868994578
DRVINHALL,LVLDIFCARE2,0.11406857704836708
ENRLCOLLST2,IRPRVHLT,0.11404794422713321
MRJMDAYS,TQSDANYFLG,0.11386908748044733
CAMHPROB2,FUNICVAP18,0.11375444060042122
HEALTH2,ILIMFOTHMN,0.11374613201104343
CAMHPROB,IRPYSEV5MRJ,0.11311250272168422
CATAGE,IRPYSEV5MRJ,0.11308896861388437
MRJMONVAP2,TQSDANYFLG,0.11287651568498161
CATAGE,MRJYRBFR,0.11280725299193288
LVLDIFMEM2,SVYRSUDANY,0.11271116383164903
ENRLCOLLFT2,IRPRVHLT,0.11256346232400705
DRVINHALL,LVLDIFCOMM2,0.11250471884638918
FUNICVAP18,ILLEMFLAG2,0.11248099770985469
FUNICVAP18,LVLDIFMEM2,0.11231766009009016
CAMHRCVR,DRVINHALL,0.11227438322938318
RKFQDBLT,SEXAGE,0.1120358140916862
FUMJ21,IRMARIT,0.11143762777800822
MJSMKYR,RCVYMHPRB,0.11117928312888874
HEALTH2,ILLMON,0.11091920300620019
FUMJ21,RKFQDBLT,0.11082983961622449
CATAG7,UD5ILALANY,0.11076495682758167
IRMARIT,MRJMONVAP2,0.11074770011482966
DRVINDETAG,MRJYR,0.11073175885623987
DRVINAGE,MRJMLU,0.11027578356930913
CATAG2,MRJMLU,0.11027578356930913
IRMCDCHP,UD5ILLANY,0.10976081862566563
LVLDIFMEM2,MRJMLU,0.10972161614045163
LVLDIFCARE2,STMANYFLAG,0.109596563635782
CASURCVR,MRJMDAYS,0.10943287657280769
HALLMOLST,INHOSPYR,0.10917144636380394
DRVINDETAG,MRJYRBFR,0.10866068542742376
CAMHRCVR,MRJYDAYS,0.10816595321913307
CATAG3,STMANYFLAG,0.10809319025631006
CATAG3,ILIMFOTHMN,0.10801915423655742
HEALTH2,NICVAPFLAG,0.10797016479162956
RKFQDBLT,UD5ILALANY,0.10777302306122889
CATAG2,HEALTH2,0.10765754534717785
DRVINAGE,HEALTH2,0.10765754534717785
IRMARIT,MRJYDAYS,0.10755996023271443
NOMARR2,PREGSTAT,0.1075437947282239
CATAG2,SVYRDUDANY,0.10728125240655573
DRVINAGE,SVYRDUDANY,0.10728125240655573
ILLMON,RCVYMHPRB,0.10724689220708258
MJSMKYR,RKFQDBLT,0.10714735311896317
CATAG3,MRJMONVAP2,0.10686034196650698
CATAG3,MRJYRBFR,0.10638105481208512
CATAG7,ILIMFOTHYR,0.10594541833955419
CASURCVR,MRJYDAYS,0.10589621121489697
ENRLCOLLFT2,TOBVAPONL2,0.10564079464495944
CAMHPROB,MRJYDAYS,0.104982554709149
CASUPROB,MRJMDAYS,0.10486240604779772
DRVINAGE,MRJYDAYS,0.10480211026258608
CATAG2,MRJYDAYS,0.10480211026258608
DRVINMARJ,ENRLCOLLFT2,0.10467942274243094
CATAG7,ILLMON,0.10452757654441458
CATAG7,MRJYRBFR,0.10402887464223809
CAMHRCVR,HEALTH2,0.1040249065831975
HEALTH2,MRJYR,0.10388832229818853
CATAGE,UD5ILALANY,0.1035754481973638
DRVINDETAG,ILLYR,0.10351052094532802
HPDRGTALK,NOMARR2,0.10338676365162619
MRJYR,SEXAGE,0.10314479374885402
CATAG2,MRJYR,0.10299067523857833
DRVINAGE,MRJYR,0.10299067523857833
IRMARIT,NICVPMDAYS,0.10281817271905402
CATAG7,RKFQDBLT,0.10281680945354284
CASUPROB,MRJYDAYS,0.10278148524767432
NOMARR2,TOBVAPONL2,0.10274923873926166
ILIMFOTHMN,LVLDIFCARE2,0.10266971860919669
LVLDIFCARE2,MJVAPFLAG,0.10258180390199455
IRMARIT,MRJYRBFR,0.10241615835965295
IRMARIT,RKFQDBLT,0.10228182413072635
DRVINAGE,IRMCDCHP,0.1018423871954733
CATAG2,IRMCDCHP,0.1018423871954733
MRJFLAG,RKFQDBLT,0.10176524421915077
MRJMLU,PREGST,0.1017342460631243
MRJYDAYS,RCVYMHPRB,0.10155544446516904
CATAGE,HALLMOLST,0.1013626476798096
ILLYR,LVLDIFCARE2,0.10135233554944464
DRVINDETAG,HALLMOLST,0.10126344295020506
ENRLCOLLFT2,HPDRGTALK,0.10123610972465166
ILLANDALC,SEXAGE,0.10116181645602944
CATAG2,ILLANDALC,0.10083504365337323
DRVINAGE,ILLANDALC,0.10083504365337323
CATAG3,IRPYSEV5MRJ,0.10069864359508196
RKFQDBLT,TOBVAPONL2,0.10061232365212423
IRMCDCHP,LVLDIFMEM2,0.10050527574129249
HEALTH2,MJSMKYR,0.1004399798797794
IRMARIT,IRPYSEV5MRJ,0.1002120135884855
DRVINHALL,PREGSTAT,0.10014483454877533
CATAGE,MRJYDAYS,0.09998879111942918
ILLMON,LVLDIFCARE2,0.09975476784960394
NOMARR2,PREGST,0.0996734344325621
ILIMFOTHYR,LVLDIFCARE2,0.09959434557382024
FUNICVAP21,LVLDIFCOMM2,0.099529637578808
DRVINDETAG,PREGSTAT,0.09948853974424576
CATAG3,MRJYDAYS,0.09928326257685818
IRMCDCHP,MRJYDAYS,0.09909776498919555
MRJMONVAP2,NOMARR2,0.09893310538462367
ILLFLAG,IRMARIT,0.09882527628487986
IRMARIT,PREGSTAT,0.09879735861147419
IRPRVHLT,MRJYDAYS,0.09869416624829946
DRVINDETAG,PREGST,0.09868594126427302
IRMARIT,PREGST,0.09865333719887814
IRMARIT,SVYRDUDANY,0.09854894989356464
SEXAGE,UD5ILLANY,0.09850190831274006
CATAG3,ILLEMFLAG2,0.09839636186743142
ILLMON,RKFQDBLT,0.09829226666292953
IRMCDCHP,LVLDIFCARE2,0.0982915439111319
DRVINDETAG,MRJMLU,0.09819649840651332
IRPYSEV5MRJ,SEXAGE,0.09812421016015667
IRMCDCHP,NICVAPYR,0.09787286577361178
ILLFLAG,RKFQDBLT,0.0977965494350899
CATAG7,IRPRVHLT,0.09778331162287683
IRPRVHLT,SVYRDUDANY,0.09777481493440816
CATAGE,ILIMFOTHYR,0.09776301274794397
DRVINDETAG,IRPYSEV5MRJ,0.09763258432137344
IRMCDCHP,MJSMKYR,0.0974689921536929
CAMHRCVR,CATAG3,0.09741119760390736
DRVINAGE,LVLDIFMEM2,0.09719501894144456
CATAG2,LVLDIFMEM2,0.09719501894144456
IRPYSEV5MRJ,NOMARR2,0.09716848867951984
DRVINDETAG,UD5ILLANY,0.09703017948318858
DRVINMARJ,NOMARR2,0.09693052372100033
CAMHRCVR,MRJMDAYS,0.09683509199524538
CATAG3,RKFQDBLT,0.09680505123935801
FUNICVAP21,STMANYFLAG,0.09667830467923097
DRVINAGE,MRJMONVAP2,0.09665239866998918
CATAG2,MRJMONVAP2,0.09665239866998918
IRMARIT,MRJFLAG,0.09663834428514968
IRMCDCHP,NICVAPFLAG,0.0966227954723947
CAMHPROB2,NICVPMDAYS,0.09651861026408463
NOMARR2,RKFQDBLT,0.0963284676956594
DRVINAGE,LVLDIFCARE2,0.09631160811127092
CATAG2,LVLDIFCARE2,0.09631160811127092
CATAG2,UD5ILLANY,0.09600075065006068
DRVINAGE,UD5ILLANY,0.09600075065006068
CATAG3,IRPRVHLT,0.09594273346201297
CATAGE,LVLDIFCOMM2,0.09580992232473357
CATAGE,ILLMON,0.09564677686359672
CATAG7,MRJFLAG,0.09556457209263026
HPDRGTALK,IRPRVHLT,0.09549324142852307
MJSMKYR,TQSDANYFLG,0.09544807039736146
IRMCDCHP,LVLDIFCOMM2,0.0953451390309196
CAMHPROB2,TOBVAPONL2,0.09525196013877116
CAMHPROB,CATAG3,0.09516646214483544
HALLMOLST,SEXAGE,0.09501495305274764
RCVYMHPRB,SVYRSUDANY,0.09488892812792911
ILLYR,SEXAGE,0.09455008335470635
DRVINAGE,ILLYR,0.09431026584930965
CATAG2,ILLYR,0.09431026584930965
HEALTH2,TOBVAPONL2,0.09425973833365826
HEALTH2,MJVAPFLAG,0.09422700917632114
CBDHMPFLAG,LVLDIFCARE2,0.0942238108555168
LVLDIFCARE2,MRJMLU,0.09419883408956439
LVLDIFMEM2,MRJMONVAP2,0.09417904175979502
FUNICVAP21,RCVYMHPRB,0.09398922397945295
IRPRVHLT,UD5ILLANY,0.09391679828840091
CATAG3,HALLMOLST,0.09378206143414491
FUNICVAP18,RKFQDBLT,0.09377515250188743
ILIMFOTHFG,RKFQDBLT,0.09369666300135067
LVLDIFCARE2,MRJYR,0.09324413190076139
CAMHRCVR,CATAGE,0.09323636028016478
CATAG7,IRPYSEV5MRJ,0.09312646328706574
LVLDIFCARE2,TQSDANYFLG,0.0930352064446667
CATAG7,MRJMONVAP2,0.09301351069512807
CATAGE,DRVINHALL,0.09275730467240575
FUNICVAP21,RKFQDBLT,0.09269839171909089
ILLYR,RKFQDBLT,0.09268212579058085
NOMARR2,SVYRDUDANY,0.09257656741388642
ILLEMFLAG2,LVLDIFCARE2,0.09252580110724469
CAMHPROB,HEALTH2,0.09234893742322069
ILIMFOTHMN,RKFQDBLT,0.09223545229219009
MRJYRBFR,SEXAGE,0.09212198035570632
ENRLCOLLST2,MRJFLAG,0.09205509818063627
IRPRVHLT,LVLDIFCOMM2,0.0920388243173126
CAMHPROB2,CATAG7,0.09185466441779458
CAMHPROB,CATAGE,0.09176762525935642
ILLEMFLAG2,IRMARIT,0.09174578833527387
LVLDIFCOMM2,STMANYFLAG,0.09170666215418492
CAMHPROB,MRJMDAYS,0.09160198379528074
ENRLCOLLFT2,LVLDIFCOMM2,0.0916019533759845
IRMARIT,SVYRSUDANY,0.09145832750344154
DRVINDETAG,LVLDIFCOMM2,0.09131347083152516
IRPYSEV5MRJ,LVLDIFMEM2,0.09126755788612147
NICVAPYR,RCVYMHPRB,0.09119182018296863
CAMHPROB2,CATAGE,0.09116476601946152
DRVINDETAG,MRJFLAG,0.09116186089229779
LVLDIFCOMM2,MJVAPFLAG,0.09111137138736836
LVLDIFCOMM2,MRJMLU,0.09104150349179531
IRPRVHLT,NICVAPYR,0.09103190098389027
ENRLCOLLST2,TOBVAPONL2,0.09086706943728373
CATAGE,HEALTH2,0.09085581820406331
MJVAPFLAG,RKFQDBLT,0.09084654261277336
CATAGE,SVYRDUDANY,0.09068719068236097
HEALTH2,NICVAPYR,0.09059842625565988
DRVINDETAG,IRPRVHLT,0.0905308251605195
FUNICVAP21,LVLDIFCARE2,0.09032176566172165
HEALTH2,LVLDIFCOMM2,0.08997253346113254
LVLDIFCARE2,MJSMKYR,0.08990751338891538
ENRLCOLLFT2,HALLMOLST,0.08978918211970194
CATAG7,HALLMOLST,0.08976043108200668
IRMCDCHP,NICVPMDAYS,0.0897384487043444
DRVINDETAG,DRVINHALL,0.08967537925063436
CATAG7,ILLEMFLAG2,0.08961287338649047
DRVINDETAG,ILLEMFLAG2,0.08960850932552371
ENRLCOLLFT2,MRJMLU,0.08949744844641196
LVLDIFCARE2,NICVAPFLAG,0.08941887067164216
IRPRVHLT,LVLDIFCARE2,0.08939250026483365
CAMHPROB2,IRMARIT,0.08927235537918496
ENRLCOLLST2,ILLEMFLAG2,0.08917349103038488
CAMHRCVR,CATAG2,0.08894964697968646
CAMHRCVR,DRVINAGE,0.08894964697968646
CATAGE,MRJMLU,0.08886731903825634
LVLDIFCOMM2,SEXAGE,0.0887209361485382
CATAGE,MRJMONVAP2,0.08869066169085779
CATAGE,IRPRVHLT,0.08827552739299807
CATAG7,ILIMFOTHMN,0.08825475245408726
CATAG3,DRVINHALL,0.08818743637615967
IRMARIT,MRJMDAYS,0.08791913030702392
ENRLCOLLFT2,ILLEMFLAG2,0.08791742445593118
ILIMFOTHMN,LVLDIFCOMM2,0.08784000101296087
CATAG7,MRJMLU,0.0874054859889052
IRMCDCHP,MRJMDAYS,0.08726282537195236
MRJYR,RKFQDBLT,0.08688798426548663
CAMHRCVR,SEXAGE,0.08681549770814233
ENRLCOLLST2,ILIMFOTHFG,0.08679162249031737
HEALTH2,SVYRDUDANY,0.08662049599154631
ILLEMFLAG2,RKFQDBLT,0.08653112929447097
CAMHPROB,CATAG2,0.08632297831460932
CAMHPROB,DRVINAGE,0.08632297831460932
ILLMON,LVLDIFCOMM2,0.08626502959612944
LVLDIFCOMM2,SVYRDUDANY,0.08623933167997233
HEALTH2,ILLANDALC,0.08601687553166824
TOBVAPONL2,TQSDANYFLG,0.08594687113948858
ILIMFOTHFG,IRMARIT,0.08585266770305663
LVLDIFCARE2,SVYRDUDANY,0.08581976928577234
ENRLCOLLST2,RKFQDBLT,0.08577991894079982
CATAG7,MRJYDAYS,0.08568317294570303
CAMHPROB,SEXAGE,0.08564698399607516
ILLYR,LVLDIFCOMM2,0.08545139836194444
CAMHPROB2,CATAG2,0.08535650258521903
CAMHPROB2,DRVINAGE,0.08535650258521903
ILIMFOTHYR,LVLDIFCOMM2,0.08524977925416537
IRPRVHLT,NICVPMDAYS,0.08523296500695032
MRJYRBFR,NOMARR2,0.0851650916298144
CATAG7,ILIMFOTHFG,0.08507473865636246
MRJMLU,RKFQDBLT,0.08499996977189984
LVLDIFCARE2,NICVAPYR,0.08478775451375498
RCVYMHPRB,SVYRDUDANY,0.08475718019705336
DRVINHALL,SEXAGE,0.08474582229981771
FUMJ21,NOMARR2,0.08467169486195039
CAMHPROB2,SEXAGE,0.08461782203063133
FUNICVAP18,LVLDIFCOMM2,0.08444160841323424
NICVPMDAYS,NOMARR2,0.0844269385946639
NICVAPFLAG,PREGSTAT,0.08439750537803666
LVLDIFCOMM2,NOMARR2,0.08427032498936997
LVLDIFCOMM2,NICVAPYR,0.08425265807570957
MRJYDAYS,NOMARR2,0.08423052411193932
IRMCDCHP,IRPYSEV5MRJ,0.08415646498090089
HEALTH2,SEXAGE,0.08406301577948942
CATAG3,SVYRDUDANY,0.08400956343738578
CATAG7,ILLFLAG,0.08378699389063306
NICVAPFLAG,PREGST,0.08375247875131848
DRVINDETAG,UD5ILALANY,0.08365347250488646
HALLMOLST,LVLDIFMEM2,0.08360246018084239
IRPRVHLT,SEXAGE,0.08344226397528565
DRVINDETAG,ILIMFOTHFG,0.08299406405977673
HEALTH2,IRMARIT,0.08298602597332455
CAMHPROB2,NOMARR2,0.08291284355885999
CASURCVR,DRVINAGE,0.08284793464571064
CASURCVR,CATAG2,0.08284793464571064
MRJMLU,SEXAGE,0.08275156734021746
ENRLCOLLFT2,NICVPMDAYS,0.08230036747046174
NOMARR2,SVYRSUDANY,0.08229295660900884
ILIMFOTHYR,RKFQDBLT,0.08226753703533116
LVLDIFCOMM2,NICVAPFLAG,0.08224125609423412
CATAG3,HEALTH2,0.08217016680892308
CBDHMPFLAG,LVLDIFCOMM2,0.08206375773415867
CATAG3,MRJMLU,0.08204597335482398
ENRLCOLLST2,ILLFLAG,0.08189099468905083
HEALTH2,SVYRSUDANY,0.08188066696154074
CATAG7,DRVINHALL,0.08184982436826958
IRPRVHLT,LVLDIFMEM2,0.08183699629605817
DRVINAGE,SVYRSUDANY,0.0816792099036297
CATAG2,SVYRSUDANY,0.0816792099036297
CASURCVR,NICVPMDAYS,0.08162254064066048
CAMHRCVR,TOBVAPONL2,0.08138651019182461
HEALTH2,STMANYFLAG,0.08134835173401064
LVLDIFCOMM2,SVYRSUDANY,0.08094607353397275
CATAG7,LVLDIFCOMM2,0.08092896939697246
CASUPROB,NICVPMDAYS,0.08087372982207645
ENRLCOLLST2,MJSMKYR,0.08084653472138958
ILLEMFLAG2,LVLDIFCOMM2,0.08081220725614811
ENRLCOLLFT2,MRJYRBFR,0.08076567888382663
ENRLCOLLST2,UD5ILLANY,0.08074241354052214
DRVINMARJ,HEALTH2,0.08069352412804762
DRVINDETAG,MRJYDAYS,0.08066220922641328
CASUPROB,DRVINAGE,0.08060772361112777
CASUPROB,CATAG2,0.08060772361112777
CATAG3,SVYRSUDANY,0.08056965550049645
HEALTH2,HPDRGTALK,0.08042375162976773
FUNICVAP21,PREGSTAT,0.08032336186321946
HPDRGTALK,IRMCDCHP,0.08031976673315463
MRJYDAYS,SEXAGE,0.08027226376110058
INHOSPYR,IRMCDCHP,0.08012395092579738
DRVINAGE,IRPRVHLT,0.08010880727945445
CATAG2,IRPRVHLT,0.08010880727945445
DRVINDETAG,ILLFLAG,0.08001784269170394
ILLEMFLAG2,SEXAGE,0.07999353214750032
ILLMON,IRMCDCHP,0.07973385210978982
ILLANDALC,RKFQDBLT,0.07972599505208929
DRVINHALL,ENRLCOLLFT2,0.0795353945847917
FUNICVAP21,PREGST,0.07942216425622535
ENRLCOLLFT2,MRJFLAG,0.07915980412202502
LVLDIFCOMM2,MJSMKYR,0.0790410710376857
ILLANDALC,LVLDIFCARE2,0.07890503990903232
IRPYSEV5MRJ,TQSDANYFLG,0.0788847446062968
INHOSPYR,TQSDANYFLG,0.07886351494448061
CATAG3,LVLDIFCOMM2,0.07866171594557063
CATAGE,ILLEMFLAG2,0.07863546168414205
CASUPROB,ENRLCOLLFT2,0.0786290158790823
DRVINMARJ,ENRLCOLLST2,0.07857689909583548
DRVINAGE,ILLEMFLAG2,0.07856832031779283
CATAG2,ILLEMFLAG2,0.07856832031779283
ILIMFOTHFG,LVLDIFCARE2,0.07854918177106354
MRJMLU,PREGSTAT,0.0785179881613715
CAMHPROB,TOBVAPONL2,0.07849058260703856
FUNICVAP18,LVLDIFCARE2,0.0784767402423158
DRVINDETAG,HEALTH2,0.07834200034290807
IRPRVHLT,MRJMDAYS,0.07812584506460371
CATAGE,SVYRSUDANY,0.07766685927575198
IRMCDCHP,SVYRSUDANY,0.07758901101329609
SEXAGE,SVYRDUDANY,0.07752182067087465
CAMHPROB,CATAG7,0.0773932021758273
FUNICVAP18,RCVYMHPRB,0.07733376278182699
ENRLCOLLFT2,ILIMFOTHFG,0.07730556346486436
ENRLCOLLFT2,UD5ILLANY,0.07730362006977476
IRPRVHLT,IRPYSEV5MRJ,0.0772726868856594
DRVINMARJ,IRMCDCHP,0.07713300031728697
CAMHRCVR,CATAG7,0.07710016051484994
DRVINDETAG,ILIMFOTHYR,0.07708256384419779
ILLFLAG,LVLDIFCARE2,0.07707613384167236
ENRLCOLLFT2,LVLDIFMEM2,0.0770706640524623
CAMHRCVR,IRMARIT,0.07703659366701031
NICVAPFLAG,TQSDANYFLG,0.07699553323087706
HEALTH2,MRJMONVAP2,0.07682680269255152
IRMARIT,LVLDIFCOMM2,0.07663687949905101
DRVINDETAG,SVYRDUDANY,0.07662887375703924
CATAGE,ILIMFOTHMN,0.0765724099929149
IRPYSEV5MRJ,RCVYMHPRB,0.07653780334986501
LVLDIFMEM2,SEXAGE,0.0765287819651277
LVLDIFCOMM2,MRJYR,0.07651743524658684
CASURCVR,ENRLCOLLFT2,0.07649262458477571
RKFQDBLT,SVYRDUDANY,0.07638283297802573
CATAG7,CBDHMPFLAG,0.07629889896900313
DRVINDETAG,ILLMON,0.07626612407799796
CBDHMPFLAG,IRMARIT,0.07621319404243618
HALLMOLST,IRMARIT,0.07578335497620933
ENRLCOLLFT2,IRPYSEV5MRJ,0.07573523922385661
PREGSTAT,TOBVAPONL2,0.0757302164915326
CATAG3,ILLFLAG,0.07570796328551418
CATAG7,HEALTH2,0.0757063413643718
SEXAGE,UD5ILALANY,0.07558822000113735
LVLDIFCARE2,SVYRSUDANY,0.07533059364515025
ENRLCOLLST2,HPDRGTALK,0.07524553740257334
MRJMONVAP2,RCVYMHPRB,0.07505130108941116
MJVAPFLAG,PREGSTAT,0.07474891770784096
HEALTH2,MRJYRBFR,0.07471400870540566
CATAG3,MRJMDAYS,0.07468752891696974
NICVAPYR,PREGSTAT,0.07467447669715575
CATAG7,SVYRDUDANY,0.07457219002716584
ENRLCOLLST2,MJVAPFLAG,0.07451540244301379
IRMCDCHP,MRJMONVAP2,0.07451451702091891
CATAG3,MRJFLAG,0.07446513737762261
MJVAPFLAG,PREGST,0.07445286800406369
CATAGE,LVLDIFMEM2,0.07433841009304308
IRPYSEV5MRJ,LVLDIFCOMM2,0.07429889046942326
HEALTH2,MRJMLU,0.07428489525283309
IRPRVHLT,NICVAPFLAG,0.07422020073099411
IRMARIT,MRJMLU,0.07421069756188678
IRPRVHLT,MJSMKYR,0.07405968073752213
CAMHPROB,IRMARIT,0.07401182681990037
ENRLCOLLFT2,PREGSTAT,0.07387422501851214
DRVINDETAG,MRJMONVAP2,0.07386692619164398
DRVINAGE,UD5ILALANY,0.07380006830466006
CATAG2,UD5ILALANY,0.07380006830466006
ENRLCOLLFT2,LVLDIFCARE2,0.07362749687527206
NICVAPYR,PREGST,0.07328591729789531
CATAG3,CBDHMPFLAG,0.07293881052168828
LVLDIFCARE2,NOMARR2,0.07290685168725548
RKFQDBLT,SVYRSUDANY,0.0727600845925015
DRVINDETAG,LVLDIFMEM2,0.07275958263569633
ENRLCOLLFT2,MJSMKYR,0.07270190817910464
LVLDIFCARE2,SEXAGE,0.07268844727830236
MRJMDAYS,RCVYMHPRB,0.07259333709796457
PREGST,TOBVAPONL2,0.07247733526060313
ENRLCOLLFT2,PREGST,0.07236626286052888
FUNICVAP18,STMANYFLAG,0.0722101980218201
ENRLCOLLFT2,ILLFLAG,0.07209357996993863
CAMHRCVR,NICVPMDAYS,0.07205572930019055
HALLMOLST,LVLDIFCOMM2,0.0713622223538739
LVLDIFCARE2,MRJMONVAP2,0.07111347134717676
CATAGE,LVLDIFCARE2,0.07101945909431048
IRPRVHLT,SVYRSUDANY,0.0709739571551416
DRVINHALL,IRMARIT,0.07072750414089492
LVLDIFMEM2,TOBVAPONL2,0.07068282983711598
CATAGE,MRJMDAYS,0.07059337010026377
DRVINDETAG,LVLDIFCARE2,0.07055789434390353
LVLDIFCARE2,MRJFLAG,0.07052314582522425
CATAG3,RCVYMHPRB,0.0704104143516395
CATAG7,STMANYFLAG,0.07037645217877182
ENRLCOLLFT2,HEALTH2,0.07021574713554472
CAMHPROB,NICVPMDAYS,0.06995771820856157
CATAG3,LVLDIFMEM2,0.06977734411755576
CATAG3,ILIMFOTHFG,0.06968364052702615
ENRLCOLLST2,MRJMLU,0.06963972349179483
CATAG3,FUMJ21,0.06951444544605397
ILLYR,IRMCDCHP,0.06930020706020165
CBDHMPFLAG,PREGSTAT,0.06928663323188056
LVLDIFMEM2,NOMARR2,0.06927239469466145
CBDHMPFLAG,PREGST,0.06919568293792802
CAMHPROB,NOMARR2,0.06913370025382223
CBDHMPFLAG,RKFQDBLT,0.06906287940012668
FUMJ21,LVLDIFCARE2,0.06893295068260433
MRJMONVAP2,SEXAGE,0.06886031302022343
DRVINAGE,MRJMDAYS,0.06884154682159174
CATAG2,MRJMDAYS,0.06884154682159174
IRPYSEV5MRJ,LVLDIFCARE2,0.06853272796617157
DRVINMARJ,IRPRVHLT,0.06842207200396926
HALLMOLST,LVLDIFCARE2,0.06829841811028858
ILIMFOTHMN,IRMCDCHP,0.06802848179450717
MRJMDAYS,NOMARR2,0.06797649406577712
CATAG7,SVYRSUDANY,0.06750790546165597
LVLDIFMEM2,MRJYDAYS,0.06739273438391491
ENRLCOLLST2,HALLMOLST,0.06630912030067347
HALLMOLST,PREGSTAT,0.06625161575989094
CATAGE,STMANYFLAG,0.06610739802757765
ILIMFOTHYR,SEXAGE,0.06610589886769562
NICVPMDAYS,RKFQDBLT,0.06588694127642798
HEALTH2,RKFQDBLT,0.0657585091411201
CAMHPROB,DRVINDETAG,0.06549116628487621
HEALTH2,IRPYSEV5MRJ,0.06532783747818367
DRVINAGE,ILIMFOTHYR,0.06532277552768771
CATAG2,ILIMFOTHYR,0.06532277552768771
HEALTH2,INHOSPYR,0.0652889384237637
LVLDIFCOMM2,MRJMONVAP2,0.06528058801964585
ENRLCOLLST2,LVLDIFCOMM2,0.0652794571988485
CASURCVR,FUNICVAP21,0.06517519721984742
CAMHRCVR,DRVINDETAG,0.06465023664099129
MRJMONVAP2,RKFQDBLT,0.06464271854341007
ENRLCOLLST2,IRPYSEV5MRJ,0.0645878947760634
ILLANDALC,LVLDIFCOMM2,0.06451282687521102
HEALTH2,MRJYDAYS,0.06440499195513935
DRVINDETAG,SVYRSUDANY,0.06433958023806931
HEALTH2,RCVYMHPRB,0.06426809619477056
LVLDIFMEM2,MRJMDAYS,0.06426385534200776
ENRLCOLLST2,MRJYR,0.06421213062653591
INHOSPYR,IRPRVHLT,0.06406912327232121
CASURCVR,DRVINDETAG,0.06406601268862021
CASUPROB,DRVINDETAG,0.06395965281442482
ILLMON,SEXAGE,0.06390717346271838
CATAG7,LVLDIFMEM2,0.06375327561241222
ENRLCOLLST2,NICVPMDAYS,0.0634857719198885
DRVINAGE,ILLMON,0.06348074116075875
CATAG2,ILLMON,0.06348074116075875
IRMARIT,LVLDIFCARE2,0.0633506452475921
DRVINDETAG,ILIMFOTHMN,0.06327055599013184
IRMCDCHP,MRJYR,0.06323561780728246
HALLMOLST,PREGST,0.0631781236851036
IRMCDCHP,UD5ILALANY,0.06314913594672886
IRMARIT,LVLDIFMEM2,0.06279696627426984
CASUPROB,FUNICVAP21,0.062757305547338
CATAG7,MRJMDAYS,0.062424442346002855
ENRLCOLLST2,MRJYRBFR,0.06232103918589415
CATAG7,FUMJ21,0.06215868548502311
CAMHRCVR,NOMARR2,0.06203255621125138
ENRLCOLLFT2,MJVAPFLAG,0.06189926344900409
MRJFLAG,NOMARR2,0.06165891101761071
NICVPMDAYS,TQSDANYFLG,0.06154314312742034
ENRLCOLLFT2,SVYRDUDANY,0.06149957773694888
CAMHPROB2,DRVINDETAG,0.061393249455561016
IRPYSEV5MRJ,RKFQDBLT,0.061080090090417746
NICVPMDAYS,RCVYMHPRB,0.060935030128625375
ENRLCOLLST2,ILLANDALC,0.06072853285823946
IRPRVHLT,STMANYFLAG,0.060360437614944085
HEALTH2,MRJMDAYS,0.06031686005680109
CAMHPROB,ENRLCOLLFT2,0.060284016307553735
CATAG7,LVLDIFCARE2,0.05991225303616605
ENRLCOLLST2,PREGST,0.05986224270241938
ILLFLAG,NOMARR2,0.059761332804789916
LVLDIFMEM2,NICVPMDAYS,0.05975331918488792
FUNICVAP21,IRMCDCHP,0.05953237267614616
RCVYMHPRB,TOBVAPONL2,0.05951587367138863
CAMHRCVR,ENRLCOLLFT2,0.059470164345696366
SEXAGE,SVYRSUDANY,0.05912599981794013
CATAG3,LVLDIFCARE2,0.05911885826297955
CASURCVR,CATAGE,0.059051789954828834
CASURCVR,SEXAGE,0.059024439077184826
ENRLCOLLFT2,MRJYDAYS,0.058908444382901604
ILIMFOTHFG,LVLDIFCOMM2,0.058793525098758896
CAMHPROB2,ENRLCOLLST2,0.058589663188464154
CAMHPROB,IRPRVHLT,0.058492864754978655
ENRLCOLLST2,ILLYR,0.058326904283167294
CASURCVR,HEALTH2,0.058252591957829024
CASUPROB,HEALTH2,0.05814718541758482
CATAG7,RCVYMHPRB,0.0581133230107694
DRVINHALL,ENRLCOLLST2,0.05779555008814877
CASUPROB,SEXAGE,0.05776271700746434
CASUPROB,CATAGE,0.057739446613227226
CATAGE,RCVYMHPRB,0.05772800764366397
MRJMLU,NOMARR2,0.05769960992495417
CAMHPROB2,ENRLCOLLFT2,0.05704483662445391
DRVINDETAG,MRJMDAYS,0.05684515709887731
CASURCVR,CATAG3,0.056368008711312985
CASUPROB,ENRLCOLLST2,0.05611870145787007
ILLANDALC,PREGSTAT,0.055974669062016195
ENRLCOLLST2,MRJMONVAP2,0.05580469185995568
NICVAPYR,TQSDANYFLG,0.055673378846121294
ILIMFOTHFG,SEXAGE,0.05544872537533041
ILLANDALC,PREGST,0.05525156764730726
RCVYMHPRB,SEXAGE,0.05524464943804301
MRJMDAYS,SEXAGE,0.055208033701140434
CATAGE,ILIMFOTHFG,0.05512909133030593
CAMHRCVR,IRPRVHLT,0.05509782434862963
ENRLCOLLST2,LVLDIFMEM2,0.055053531268835894
IRMCDCHP,MRJYRBFR,0.05494824813401784
ILLMON,IRPRVHLT,0.054935986613659296
CASUPROB,CATAG3,0.05489345152485136
FUNICVAP18,IRMCDCHP,0.054659287831979673
CASURCVR,ENRLCOLLST2,0.054559148931049274
ILIMFOTHFG,NOMARR2,0.05433434107496551
CATAGE,CBDHMPFLAG,0.05405899157897547
ILLFLAG,LVLDIFCOMM2,0.05391458458028701
HALLMOLST,NOMARR2,0.05387335714800217
CBDHMPFLAG,DRVINDETAG,0.053843789399822393
HEALTH2,NOMARR2,0.0538396916439635
ILIMFOTHYR,PREGSTAT,0.05368844596582803
ILIMFOTHYR,PREGST,0.05354267265259109
HALLMOLST,RKFQDBLT,0.05312231668268309
LVLDIFCARE2,TOBVAPONL2,0.05310594689367016
ENRLCOLLFT2,INHOSPYR,0.0530857249387128
ENRLCOLLST2,PREGSTAT,0.0530502045279431
ENRLCOLLFT2,MRJYR,0.0529438025454853
ENRLCOLLST2,LVLDIFCARE2,0.05291968039528331
MRJMDAYS,RKFQDBLT,0.05283983755399148
IRMARIT,STMANYFLAG,0.052778452956512484
CASUPROB,CATAG7,0.05276285518215439
CASURCVR,FUNICVAP18,0.05269627391504486
CASURCVR,CATAG7,0.05266040727249584
DRVINDETAG,FUMJ21,0.05257549020069778
ENRLCOLLST2,SVYRDUDANY,0.05242891132650351
ENRLCOLLST2,HEALTH2,0.05217898861019642
CATAGE,MRJFLAG,0.05214601423179304
LVLDIFCOMM2,TOBVAPONL2,0.05211297656472363
IRPRVHLT,MRJMONVAP2,0.05203619359644531
CBDHMPFLAG,ENRLCOLLST2,0.0518382235955346
DRVINAGE,ILIMFOTHFG,0.05180144251090708
CATAG2,ILIMFOTHFG,0.05180144251090708
MRJYDAYS,RKFQDBLT,0.05177027655814687
CBDHMPFLAG,NOMARR2,0.051649188568544974
ENRLCOLLST2,UD5ILALANY,0.05140039671144854
RKFQDBLT,STMANYFLAG,0.05130531604194383
CAMHPROB2,IRPRVHLT,0.051117312621944036
CASUPROB,FUNICVAP18,0.05103819443119971
RKFQDBLT,TQSDANYFLG,0.05103424086689112
ILLYR,PREGSTAT,0.05092194743013016
ENRLCOLLFT2,MRJMONVAP2,0.05075621146276343
FUNICVAP18,PREGSTAT,0.050638315535062955
DRVINHALL,NOMARR2,0.05062887262105409
FUMJ21,LVLDIFCOMM2,0.05062083009428474
CASURCVR,IRMARIT,0.050585821518653186
LVLDIFCARE2,MRJMDAYS,0.05056245688975488
ILLYR,PREGST,0.050510430037066865
MRJYR,PREGSTAT,0.05036201887048328
IRMCDCHP,MJVAPFLAG,0.05032873578449067
HALLMOLST,HEALTH2,0.050248636747075345
MRJYR,PREGST,0.05020967347349916
PREGSTAT,STMANYFLAG,0.04999823076725369
IRPRVHLT,RCVYMHPRB,0.04993495047518481
ILIMFOTHMN,PREGSTAT,0.049808672261246245
ILIMFOTHMN,PREGST,0.04976481492311981
IRPRVHLT,PREGSTAT,0.0496459933793217
NOMARR2,RCVYMHPRB,0.04943111856642743
INHOSPYR,SEXAGE,0.04942098586225364
IRPRVHLT,MRJYRBFR,0.04936666246732021
PREGST,STMANYFLAG,0.049251931797875466
FUNICVAP18,PREGST,0.04924662892758605
IRMARIT,RCVYMHPRB,0.049170143661691444
LVLDIFCARE2,MRJYDAYS,0.04914061829932347
CATAG3,INHOSPYR,0.048993727674399724
CATAGE,ILLFLAG,0.04897977839891578
CATAGE,FUMJ21,0.048856093494966404
ILIMFOTHYR,IRMCDCHP,0.04867602993646001
CATAG2,RCVYMHPRB,0.04828486673560529
DRVINAGE,RCVYMHPRB,0.04828486673560529
INHOSPYR,NOMARR2,0.04828023696759932
DRVINHALL,HEALTH2,0.04810763379324389
HEALTH2,NICVPMDAYS,0.0478607984951174
INHOSPYR,IRMARIT,0.04775764559179092
ENRLCOLLFT2,ILLYR,0.047730830657255405
IRPRVHLT,UD5ILALANY,0.04743788099519941
MRJFLAG,SEXAGE,0.047295014392835594
LVLDIFCOMM2,TQSDANYFLG,0.04705969071953373
ENRLCOLLST2,RCVYMHPRB,0.0469615190357101
ENRLCOLLST2,MRJYDAYS,0.04682665666683744
ENRLCOLLFT2,RCVYMHPRB,0.04658278765889601
ILIMFOTHMN,IRPRVHLT,0.04658076094009569
CASUPROB,IRMARIT,0.046542709056812785
ILIMFOTHMN,SEXAGE,0.04558298995570469
IRPRVHLT,PREGST,0.04555450446667279
DRVINAGE,ILIMFOTHMN,0.045513205954568335
CATAG2,ILIMFOTHMN,0.045513205954568335
ENRLCOLLFT2,ILLANDALC,0.04510019096286551
IRPRVHLT,MRJMLU,0.044939609171290765
FUNICVAP21,TQSDANYFLG,0.044769667428304974
ENRLCOLLST2,FUMJ21,0.044759325663078435
FUNICVAP21,IRPRVHLT,0.04469242742266665
ILLFLAG,SEXAGE,0.04452698704304988
ILLMON,PREGSTAT,0.0444634514862522
ILLMON,PREGST,0.04433286630731234
CAMHRCVR,ENRLCOLLST2,0.04427332775164901
DRVINAGE,INHOSPYR,0.04426260451839774
CATAG2,INHOSPYR,0.04426260451839774
CAMHPROB,ENRLCOLLST2,0.044088773157136496
LVLDIFCARE2,NICVPMDAYS,0.04388627279330117
LVLDIFCOMM2,MRJMDAYS,0.0438368164924636
LVLDIFCOMM2,MRJFLAG,0.04379147966036186
LVLDIFCOMM2,NICVPMDAYS,0.04368675951840318
DRVINHALL,PREGST,0.043594495298187576
DRVINAGE,MRJFLAG,0.04349799345790568
CATAG2,MRJFLAG,0.04349799345790568
INHOSPYR,UD5ILLANY,0.04298195223658072
ENRLCOLLST2,ILLMON,0.04285780643725303
ENRLCOLLST2,ILIMFOTHYR,0.04281316819711343
IRPRVHLT,TQSDANYFLG,0.042612062429178844
LVLDIFCOMM2,MRJYDAYS,0.04231520176898612
DRVINAGE,ILLFLAG,0.04215096803380375
CATAG2,ILLFLAG,0.04215096803380375
CASUPROB,NOMARR2,0.042038950682363505
NICVPMDAYS,PREGST,0.041729999953301136
ENRLCOLLFT2,UD5ILALANY,0.04166126823633686
MRJYDAYS,PREGST,0.04112216162476385
CBDHMPFLAG,SEXAGE,0.04030643161110185
NICVPMDAYS,PREGSTAT,0.04003407674662024
ENRLCOLLFT2,MRJMDAYS,0.03991614365641075
FUMJ21,SEXAGE,0.03928767799066659
ILLEMFLAG2,NOMARR2,0.03919327827175513
ENRLCOLLFT2,SVYRSUDANY,0.03853566358442555
NOMARR2,STMANYFLAG,0.038278653050050605
HALLMOLST,IRPRVHLT,0.038268306465355686
FUNICVAP18,IRPRVHLT,0.038268149634556686
ENRLCOLLST2,INHOSPYR,0.0382024561070158
CASUPROB,IRPRVHLT,0.038180217907359336
CASUPROB,IRMCDCHP,0.038024131241635215
CBDHMPFLAG,ENRLCOLLFT2,0.03713270446297368
ENRLCOLLST2,SVYRSUDANY,0.036493114894858604
ENRLCOLLST2,STMANYFLAG,0.03616460754806145
CATAG2,FUMJ21,0.03582174907487032
DRVINAGE,FUMJ21,0.03582174907487032
CAMHPROB,IRMCDCHP,0.03554985809830714
ILLYR,IRPRVHLT,0.03549310672669049
HEALTH2,PREGSTAT,0.03544394706269967
FUMJ21,IRMCDCHP,0.03541980510846231
CATAGE,INHOSPYR,0.03509593758533627
ENRLCOLLST2,ILIMFOTHMN,0.03498765346688427
DRVINDETAG,RCVYMHPRB,0.03479007937163518
DRVINDETAG,INHOSPYR,0.034605166654364375
CASURCVR,IRMCDCHP,0.03459987851115268
ILIMFOTHFG,IRPRVHLT,0.034572200902292474
MRJYDAYS,PREGSTAT,0.03412392949024428
ENRLCOLLST2,MRJMDAYS,0.034040976963096804
HALLMOLST,IRMCDCHP,0.03373779026736321
ENRLCOLLFT2,ILLMON,0.03297082276231449
INHOSPYR,UD5ILALANY,0.03242683786476534
MJSMKYR,PREGSTAT,0.03241303469917874
ILIMFOTHFG,INHOSPYR,0.03236554902344673
MRJMDAYS,PREGST,0.032336328932828846
INHOSPYR,SVYRDUDANY,0.03229843214658973
MRJMONVAP2,PREGSTAT,0.03222260331361313
MJSMKYR,PREGST,0.03215128334411076
ENRLCOLLFT2,STMANYFLAG,0.032054471687762216
MRJMONVAP2,PREGST,0.032036346587230986
CAMHRCVR,IRMCDCHP,0.03156452458833844
ILLEMFLAG2,PREGSTAT,0.031227006833325823
CATAG7,INHOSPYR,0.03108754643255194
ILLEMFLAG2,PREGST,0.030451649776023024
IRPRVHLT,MRJYR,0.03042210286896303
INHOSPYR,SVYRSUDANY,0.03037553482818287
CBDHMPFLAG,IRPRVHLT,0.03007400933652703
CASURCVR,IRPRVHLT,0.02985222043369338
MRJMDAYS,PREGSTAT,0.029451664507828854
PREGSTAT,UD5ILALANY,0.029438527176251346
ILLFLAG,INHOSPYR,0.02912112370685002
DRVINHALL,IRPRVHLT,0.028860929670916517
ENRLCOLLFT2,ILIMFOTHYR,0.02885226684971394
PREGSTAT,UD5ILLANY,0.028751307905489288
ILLEMFLAG2,INHOSPYR,0.028729860524020535
FUNICVAP18,HEALTH2,0.02843041822720594
CASURCVR,NOMARR2,0.028334200581444317
IRPRVHLT,MRJFLAG,0.02819493165322499
FUNICVAP18,TQSDANYFLG,0.028086429557135577
PREGST,UD5ILALANY,0.02798050882617249
DRVINDETAG,STMANYFLAG,0.02770515631813872
PREGST,UD5ILLANY,0.027568820542266552
ILLFLAG,IRPRVHLT,0.027192016249655372
CBDHMPFLAG,INHOSPYR,0.026982086746999943
INHOSPYR,MRJFLAG,0.026915792950990468
INHOSPYR,TOBVAPONL2,0.02663874051576479
IRMCDCHP,MRJMLU,0.026390806023663196
ILIMFOTHYR,INHOSPYR,0.0263089740172536
PREGSTAT,TQSDANYFLG,0.024722267338982983
ENRLCOLLFT2,ILIMFOTHMN,0.024223186173259078
FUNICVAP21,HEALTH2,0.023960627933100425
FUMJ21,INHOSPYR,0.023817992058330444
PREGST,TQSDANYFLG,0.023474781521381684
DRVINHALL,IRMCDCHP,0.023041643731405093
ILLANDALC,IRMCDCHP,0.02289648789484684
ILIMFOTHFG,PREGSTAT,0.022407825771942825
ILIMFOTHFG,PREGST,0.02230675258679869
HEALTH2,PREGST,0.02214089069135171
ILIMFOTHMN,INHOSPYR,0.02200721052885343
INHOSPYR,MJSMKYR,0.02169712004571357
ILLMON,INHOSPYR,0.021621159767477683
INHOSPYR,NICVAPYR,0.02094645067377154
FUNICVAP21,INHOSPYR,0.020873759612376887
PREGSTAT,SVYRSUDANY,0.020099056469019848
ILLYR,INHOSPYR,0.020089497238559646
ILIMFOTHYR,IRPRVHLT,0.01994038572874601
INHOSPYR,MRJYDAYS,0.019893581184265645
FUNICVAP18,INHOSPYR,0.019777906843391712
PREGSTAT,SVYRDUDANY,0.01924448651717716
CAMHPROB2,IRMCDCHP,0.0192076868409456
IRPYSEV5MRJ,PREGSTAT,0.018951100472646292
PREGST,SVYRSUDANY,0.018557928802864172
INHOSPYR,IRPYSEV5MRJ,0.01810547195150187
ILLFLAG,PREGSTAT,0.01786251168493591
ILLFLAG,PREGST,0.017150562189492846
PREGST,SVYRDUDANY,0.01708542280271425
INHOSPYR,NICVAPFLAG,0.017068937329873895
FUMJ21,PREGSTAT,0.016769863292560694
FUMJ21,PREGST,0.0167576963874524
INHOSPYR,MRJMDAYS,0.01605217688579135
INHOSPYR,NICVPMDAYS,0.015876225967728183
INHOSPYR,MRJYR,0.015650897820817453
MRJFLAG,PREGSTAT,0.015566629334716801
MRJFLAG,PREGST,0.015075850739992324
SEXAGE,STMANYFLAG,0.014762781695139207
ILLANDALC,INHOSPYR,0.014480193216582938
IRPYSEV5MRJ,PREGST,0.014336568232220579
INHOSPYR,MRJMONVAP2,0.014336024960724168
ENRLCOLLFT2,FUMJ21,0.014066769561177082
DRVINAGE,STMANYFLAG,0.013517040437447149
CATAG2,STMANYFLAG,0.013517040437447149
INHOSPYR,STMANYFLAG,0.013410647564307545
IRMCDCHP,STMANYFLAG,0.01301775276112939
IRMCDCHP,RCVYMHPRB,0.012732711677361905
IRMCDCHP,TQSDANYFLG,0.011540568270523221
ILLEMFLAG2,IRMCDCHP,0.010404542845827786
INHOSPYR,MJVAPFLAG,0.010261802046725076
IRPRVHLT,MJVAPFLAG,0.009658987665258642
ILLEMFLAG2,IRPRVHLT,0.009217951161520391
ILLFLAG,IRMCDCHP,0.007933438445279979
ILLANDALC,IRPRVHLT,0.006986933361807188
IRMCDCHP,MRJFLAG,0.005519174145000542
FUMJ21,IRPRVHLT,0.003975195663493679
CBDHMPFLAG,IRMCDCHP,0.0027740994886577045
ILIMFOTHFG,IRMCDCHP,0.0026193249392498993
CATAG2,CBDHMPFLAG,1.919921893425615e-05
CBDHMPFLAG,DRVINAGE,1.919921893425615e-05
