variable_original,puntuacion_media,puntuacion_max,targets_f,targets_l1,targets_rf,targets_regla_final,targets_regla_detalle,modulo,tipo_variable
CAMHPROB2,0.9820623206232062,0.985649856498565,4,4,4,4,"IRAMDEYR, IRSUICTHNK, IRSUIPLANYR, IRSUITRYYR",RECODED EMERGING ISSUES,Binaria
SVYRDUDANY,0.957359573595736,0.9684296842968431,4,4,4,4,"IRAMDEYR, IRSUICTHNK, IRSUIPLANYR, IRSUITRYYR",RECODED SUBSTANCE USE DISORDER,Categórica con pocas categorías
SVYRSUDANY,0.951209512095121,0.9536695366953669,4,4,4,4,"IRAMDEYR, IRSUICTHNK, IRSUIPLANYR, IRSUITRYYR",RECODED SUBSTANCE USE DISORDER,Categórica con pocas categorías
LVLDIFMEM2,0.9292742927429274,0.979089790897909,4,1,3,3,"IRAMDEYR, IRSUICTHNK, IRSUIPLANYR",DEMOGRAPHICS,Categórica con pocas categorías
MRJAGLST,0.9336305863058632,0.965559655596556,3,4,4,3,"IRAMDEYR, IRSUICTHNK, IRSUIPLANYR",PRIOR SUBSTANCE USE,Numérica con rango documentado
LVLDIFCOMM2,0.92209922099221,0.959819598195982,4,0,3,3,"IRAMDEYR, IRSUICTHNK, IRSUIPLANYR",DEMOGRAPHICS,Categórica con pocas categorías
LVLDIFCARE2,0.9202542025420254,0.957769577695777,4,0,3,3,"IRAMDEYR, IRSUICTHNK, IRSUIPLANYR",DEMOGRAPHICS,Categórica con pocas categorías
ILLYR,0.9239442394423945,0.947929479294793,4,3,3,3,"IRAMDEYR, IRSUICTHNK, IRSUIPLANYR",RECODED DRUG USE,Binaria
ILIMFOTHYR,0.9134891348913489,0.9446494464944649,3,3,2,3,"IRAMDEYR, IRSUICTHNK, IRSUIPLANYR",RECODED EMERGING ISSUES,Binaria
MJVAPFLAG,0.8966789667896679,0.941779417794178,3,3,1,3,"IRAMDEYR, IRSUICTHNK, IRSUIPLANYR",RECODED DRUG USE,Binaria
SEXAGE,0.9211254612546126,0.939729397293973,4,3,3,3,"IRSUICTHNK, IRSUIPLANYR, IRSUITRYYR",RECODED DEMOGRAPHICS,Categórica con pocas categorías
MRJYDAYS,0.8907339073390734,0.9393193931939319,3,4,1,3,"IRAMDEYR, IRSUICTHNK, IRSUIPLANYR",RECODED DRUG USE,Categórica con pocas categorías
FUNICVAP21,0.9149241492414923,0.931119311193112,4,3,0,3,"IRSUICTHNK, IRSUIPLANYR, IRSUITRYYR",RECODED DRUG USE,Binaria
NICVAPFLAG,0.9068265682656826,0.9290692906929069,3,3,0,3,"IRAMDEYR, IRSUICTHNK, IRSUIPLANYR",RECODED DRUG USE,Binaria
ILIMFOTHMN,0.89749897498975,0.922919229192292,3,3,0,3,"IRAMDEYR, IRSUICTHNK, IRSUIPLANYR",RECODED EMERGING ISSUES,Binaria
ILLEMFLAG2,0.8841738417384174,0.9208692086920869,3,3,0,3,"IRAMDEYR, IRSUICTHNK, IRSUIPLANYR",RECODED DRUG USE,Binaria
NMERTMT2,0.9279417794177942,0.9872898728987289,2,4,3,2,"IRSUIPLANYR, IRSUITRYYR",HEALTH,Numérica con rango documentado
RCVYMHPRB,0.8642886428864289,0.976219762197622,2,1,3,2,"IRAMDEYR, IRSUICTHNK",RECODED EMERGING ISSUES,Binaria
HALLYRLST,0.9243029930299304,0.9551045510455105,2,4,4,2,"IRAMDEYR, IRSUICTHNK",PRIOR SUBSTANCE USE,Numérica con rango documentado
CBDHMPFLAG,0.8024805248052481,0.947109471094711,2,2,1,2,"IRAMDEYR, IRSUICTHNK",RECODED DRUG USE,Binaria
HPDRGTALK,0.8128331283312833,0.9409594095940959,2,2,1,2,"IRAMDEYR, IRSUICTHNK",HEALTH,Categórica con pocas categorías
CATAG7,0.9129766297662976,0.940139401394014,2,4,3,2,"IRSUICTHNK, IRSUIPLANYR",RECODED DEMOGRAPHICS,Categórica con pocas categorías
HALLAGLST,0.892220172201722,0.9391143911439115,2,1,4,2,"IRAMDEYR, IRSUICTHNK",PRIOR SUBSTANCE USE,Numérica con rango documentado
NOMARR2,0.9093890938909389,0.938089380893809,2,1,4,2,"IRAMDEYR, IRSUICTHNK",DEMOGRAPHICS,Categórica con pocas categorías
ILLANDALC,0.8714637146371463,0.9294792947929479,3,2,0,2,"IRAMDEYR, IRSUICTHNK",RECODED DRUG USE,Binaria
IRPYSEV5MRJ,0.9000615006150061,0.9290692906929069,4,2,0,2,"IRSUICTHNK, IRSUIPLANYR",IMPUTED SUBSTANCE USE DISORDER,Categórica con pocas categorías
HEALTH2,0.8989339893398933,0.9179991799917998,4,0,2,2,"IRAMDEYR, IRSUIPLANYR",RECODED DEMOGRAPHICS,Categórica con pocas categorías
FUMJ21,0.8006355063550635,0.9134891348913489,2,3,0,2,"IRAMDEYR, IRSUICTHNK",RECODED DRUG USE,Binaria
MRJMDAYS,0.8661336613366133,0.9081590815908159,3,2,0,2,"IRSUICTHNK, IRSUIPLANYR",RECODED DRUG USE,Categórica con pocas categorías
TOBVAPONL2,0.8358958589585896,0.8864288642886429,2,2,0,2,"IRSUIPLANYR, IRSUITRYYR",RECODED DRUG USE,Categórica con pocas categorías
ILLMON,0.8412259122591226,0.8847888478884789,3,2,0,2,"IRSUICTHNK, IRSUIPLANYR",RECODED DRUG USE,Binaria
MRJMONVAP2,0.7997129971299712,0.8154981549815498,3,2,0,2,"IRSUICTHNK, IRSUIPLANYR",RECODED DRUG USE,Categórica con pocas categorías
NMNGTHS2,0.890221402214022,0.9852398523985239,1,4,4,1,IRSUITRYYR,HEALTH,Numérica con rango documentado
INHLAGLST,0.9193829438294383,0.9477244772447723,1,4,4,1,IRAMDEYR,PRIOR SUBSTANCE USE,Numérica con rango documentado
MRJYLU,0.8643911439114391,0.9475194751947519,1,4,4,1,IRAMDEYR,PRIOR SUBSTANCE USE,Numérica con rango documentado
RKFQDBLT,0.8140631406314063,0.941369413694137,1,2,1,1,IRSUITRYYR,RISK/AVAILABILITY,Categórica con pocas categorías
NICVAPYR,0.8916564165641656,0.938089380893809,4,1,1,1,IRSUIPLANYR,RECODED DRUG USE,Binaria
ILIMFOTHFG,0.7890528905289053,0.9343993439934399,2,1,1,1,IRAMDEYR,RECODED EMERGING ISSUES,Binaria
IRMARIT,0.905289052890529,0.9343993439934399,2,1,2,1,IRSUICTHNK,IMPUTED DEMOGRAPHICS,Categórica con pocas categorías
INHOSPYR,0.7216072160721607,0.93029930299303,1,1,1,1,IRSUITRYYR,HEALTH,Categórica con pocas categorías
ILLFLAG,0.7391348913489134,0.9290692906929069,2,1,0,1,IRAMDEYR,RECODED DRUG USE,Binaria
TQSDANYFLG,0.7144321443214432,0.9290692906929069,1,1,1,1,IRAMDEYR,RECODED DRUG USE,Binaria
MRJMLU,0.7569188191881919,0.9255842558425584,1,2,0,1,IRAMDEYR,PRIOR SUBSTANCE USE,Categórica con número moderado de categorías
CASURCVR,0.8638786387863879,0.924559245592456,2,1,0,1,IRAMDEYR,EMERGING ISSUES,Categórica con pocas categorías
NICVPMDAYS,0.8586510865108651,0.924559245592456,2,1,0,1,IRSUIPLANYR,RECODED DRUG USE,Categórica con pocas categorías
MRJFLAG,0.707359573595736,0.923329233292333,1,1,0,1,IRAMDEYR,RECODED DRUG USE,Binaria
DRVINMARJ,0.7894116441164412,0.9227142271422714,1,2,0,1,IRAMDEYR,SPECIAL TOPICS,Categórica con pocas categorías
MRJYRBFR,0.7578413284132841,0.9202542025420254,1,2,0,1,IRAMDEYR,PRIOR SUBSTANCE USE,Categórica con pocas categorías
MJSMKYR,0.8894013940139401,0.9196391963919638,3,1,0,1,IRSUICTHNK,RECODED DRUG USE,Binaria
IRPRVHLT,0.7068470684706847,0.9192291922919229,1,1,1,1,IRSUITRYYR,IMPUTED HEALTH INSURANCE,Binaria
IRMCDCHP,0.7924354243542435,0.918819188191882,1,1,0,1,IRSUITRYYR,IMPUTED HEALTH INSURANCE,Binaria
ENRLCOLLST2,0.8765887658876589,0.9186141861418614,2,2,1,1,IRSUITRYYR,RECODED EDUCATION,Categórica con pocas categorías
STMANYFLAG,0.7578925789257893,0.917179171791718,1,0,1,1,IRAMDEYR,RECODED DRUG USE,Binaria
FUNICVAP18,0.8825338253382533,0.9163591635916358,3,1,0,1,IRSUITRYYR,RECODED DRUG USE,Binaria
CASUPROB,0.8602911029110292,0.914309143091431,2,1,0,1,IRAMDEYR,EMERGING ISSUES,Categórica con pocas categorías
PREGST,0.6671791717917179,0.9093890938909389,1,1,1,1,IRAMDEYR,RECODED HEALTH,Categórica con pocas categorías
INHLYRLST,0.864749897498975,0.9018040180401803,1,0,4,1,IRAMDEYR,PRIOR SUBSTANCE USE,Numérica con rango documentado
DRVINHALL,0.8163181631816319,0.8989339893398934,2,1,0,1,IRAMDEYR,SPECIAL TOPICS,Categórica con pocas categorías
HALLMOLST,0.800840508405084,0.8669536695366954,2,1,0,1,IRAMDEYR,PRIOR SUBSTANCE USE,Categórica con número moderado de categorías
