target,modelo,accuracy,accuracy_std,accuracy_train,roc_auc,roc_auc_std,roc_auc_train,average_precision,average_precision_std,average_precision_train,recall,precision,f1,balanced_accuracy,specificity,fit_time_s,gap_accuracy,gap_roc_auc,gap_average_precision
IRAMDEYR,Modelo de referencia,0.8890298394246073,5.254073250292721e-05,0.88902983709595,0.5,0.0,0.5,0.11097016057539259,5.254073250288454e-05,0.11097016290405004,0.0,0.0,0.0,0.5,1.0,0.22729802131652832,-2.3286573780367803e-09,0.0,2.3286574474257193e-09
IRAMDEYR,Random Forest,0.8073416695281141,0.005150659970699799,0.8230397167887853,0.8822059588816771,0.004213746086306143,0.9242360807253324,0.46939842263165693,0.016991865397263013,0.675695374209157,0.812096316476531,0.3441555355985023,0.4834085661695438,0.8094221178102037,0.8067479191438764,1.162355375289917,0.015698047260671144,0.04203012184365529,0.2062969515775001
IRAMDEYR,Regresión Logística,0.800893257023724,0.005430789789535028,0.8032387153279155,0.8898005525227839,0.0033495967535845227,0.8978572513269223,0.506291424966763,0.005589502745121164,0.5249804187096572,0.845435041716329,0.3402756285447562,0.4852227698544403,0.8203839893480576,0.795332936979786,2.1678226947784425,0.0023454583041914168,0.008056698804138396,0.018688993742894122
IRAMDEYR,XGBoost,0.8010781835895319,0.005160527685955938,0.8125214733514022,0.890720111564784,0.003544150722809221,0.9228143698251966,0.5085399333599747,0.013138600398230598,0.6400826448366914,0.8432916170043703,0.3402180396626955,0.48481323481228555,0.8195500891204966,0.7958085612366231,1.0530500411987305,0.011443289761870368,0.03209425826041257,0.1315427114767167
IRAMDEYR,Árbol de Decisión,0.7847459768143137,0.008458794449517998,0.8102420581228778,0.8113918642048408,0.009306646258043777,0.9218430684234227,0.4040923455987201,0.010435194335754195,0.6167326618864257,0.7963814631931438,0.31467645909775893,0.4510108184181124,0.7898375805858704,0.7832936979785969,0.8804015159606934,0.025496081308564067,0.1104512042185819,0.21264031628770563
IRSUICTHNK,Modelo de referencia,0.9255265749997695,6.976775832930245e-05,0.9255265732303464,0.5,0.0,0.5,0.07447342500023049,6.976775832927744e-05,0.07447342676965366,0.0,0.0,0.0,0.5,1.0,0.23865132331848143,-1.769423163544559e-09,0.0,1.769423163544559e-09
IRSUICTHNK,Random Forest,0.8200268370701647,0.004582339376608955,0.8457345628719091,0.8011291742766172,0.005238163752046606,0.8837535629741959,0.26399206958193655,0.013402935795290883,0.5468696734770833,0.5897843366967739,0.22725431087751083,0.32803029318740984,0.7141692042911398,0.8385540718855056,1.1405706882476807,0.025707725801744408,0.08262438869757871,0.2828776038951467
IRSUICTHNK,Regresión Logística,0.7653743541487448,0.0024759894431019783,0.7697745778916222,0.8145476902624911,0.003402712417221938,0.8311217418873171,0.29608559941235363,0.014043934351682419,0.3194287999101001,0.7207267299043876,0.20066066293820062,0.3139156762722515,0.7448470106796684,0.7689672914549492,1.6600383281707765,0.004400223742877407,0.01657405162482606,0.023343200497746464
IRSUICTHNK,XGBoost,0.7849308021002511,0.003235518119549977,0.8020825124074753,0.8117579239171286,0.002965208473274834,0.8788840339966424,0.29474105376978194,0.02099658844641185,0.4932633203493129,0.6884358111938325,0.21087671325350663,0.3228381664685672,0.7405658311832336,0.7926958511726347,0.9443305492401123,0.017151710307224177,0.06712611007951375,0.19852226657953098
IRSUICTHNK,Árbol de Decisión,0.7596394373756528,0.0147030192141213,0.7916369019204461,0.6973067577615101,0.010251229114502,0.8810011859897457,0.20070435298689762,0.018390132510101465,0.4568216710501728,0.619576609601552,0.1790097156307902,0.27758362606089937,0.6952425695402885,0.7709085294790252,0.8187127113342285,0.03199746454479335,0.18369442822823567,0.2561173180632752
IRSUIPLANYR,Modelo de referencia,0.9750786246109806,7.148386187970058e-05,0.9750786227117645,0.5,0.0,0.5,0.024921375389019472,7.148386187971557e-05,0.024921377288235524,0.0,0.0,0.0,0.5,1.0,0.24458227157592774,-1.8992161177067146e-09,0.0,1.8992160517872225e-09
IRSUIPLANYR,Random Forest,0.9197653638769208,0.004274983740663473,0.9387140277767786,0.8113129570302288,0.013878523615401699,0.9498165390433704,0.11173052112969979,0.022893682340577353,0.6409616443407687,0.35630980524597544,0.12156641941612212,0.18116824608705367,0.6452379949405621,0.9341661846351489,1.11764497756958,0.01894866389985783,0.1385035820131416,0.5292311232110689
IRSUIPLANYR,Regresión Logística,0.802188266845776,0.0062546716032388615,0.8053727705882793,0.8255248078713395,0.02428581660336918,0.8730668904337238,0.13997051617262493,0.016215392972200468,0.16498827177828887,0.7210401891252955,0.08597560384404544,0.15361407842959887,0.7626502937545976,0.8042603983838997,1.3984390258789063,0.0031845037425032308,0.047542082562384236,0.02501775560566394
IRSUIPLANYR,XGBoost,0.8482518640385495,0.0018357019591902963,0.8625029671624536,0.8192847098475683,0.013256495019018334,0.9402295308456962,0.13434159095878478,0.02790386884617574,0.4870513082574638,0.6266801756163458,0.09880524533579702,0.1706956224475849,0.740296948466358,0.8539137213163702,0.9098451614379883,0.014251103123904096,0.12094482099812787,0.352709717298679
IRSUIPLANYR,Árbol de Decisión,0.8247311857623693,0.01099038729857121,0.8456684768853003,0.6027132205340753,0.019091193688835394,0.9262118966516992,0.07026564473974636,0.0077802775332175625,0.2894146639747047,0.4878025441855229,0.06974884399390129,0.12200394730631517,0.6605727333662574,0.833342922546992,0.6846800804138183,0.02093729112293108,0.32349867611762395,0.21914901923495836
IRSUITRYYR,Modelo de referencia,0.9889003408870888,6.559782298579383e-07,0.9889003409161623,0.5,0.0,0.5,0.01109965911291127,6.559782298214761e-07,0.011099659083837662,0.0,0.0,0.0,0.5,1.0,0.23134808540344237,2.9073521368161437e-11,0.0,-2.9073608104335236e-11
IRSUITRYYR,Random Forest,0.9784350220482786,0.0019397406929270323,0.988259462199219,0.7758002229527394,0.02718373813503275,0.9787394967184324,0.04760467584795937,0.01122469702560383,0.7874457077377429,0.09761904761904762,0.08727184503420797,0.09166680610528984,0.5429702789235742,0.9883215102281009,1.1074158191680907,0.009824440150940417,0.20293927376569298,0.7398410318897836
IRSUITRYYR,Regresión Logística,0.8245726268869138,0.005540922125764109,0.8280808186345991,0.794307028889655,0.026050012927828263,0.8954261975445412,0.08255389653322431,0.018024811247595827,0.10456320037026898,0.6452380952380953,0.04004564348984152,0.07540664930280006,0.7359118199839584,0.8265855447298216,1.434617042541504,0.003508191747685352,0.10111916865488624,0.022009303837044664
IRSUITRYYR,XGBoost,0.9187877092896132,0.006232880240905741,0.9299201828280166,0.7772735095488624,0.024334287871179888,0.977628609612719,0.05974244845637786,0.014691071604067699,0.6681419275240132,0.40476190476190477,0.05718439526052732,0.10016246141579985,0.66465957851753,0.9245572522731553,0.9159931659698486,0.011132473538403409,0.2003551000638566,0.6083994790676354
IRSUITRYYR,Árbol de Decisión,0.8710063880357322,0.015844065075238313,0.8838235377439302,0.547312870534167,0.039293795522457556,0.9543580079821099,0.025451130487331823,0.005712607302487835,0.22751811988699813,0.3404761904761905,0.030380656996395156,0.055730485330109526,0.6087186904486324,0.8769611904210741,0.6304093837738037,0.012817149708198028,0.4070451374479429,0.2020669893996663
