fold,accuracy,roc_auc,average_precision,recall,precision,f1,balanced_accuracy,specificity,tn,fp,fn,tp,target,modelo
1,0.7889799154334038,0.8879893373818017,0.5092591235434992,0.8464285714285714,0.3262964662689307,0.47101689301093075,0.8141179718022762,0.781807372175981,5260,1468,129,711,IRAMDEYR,Regresión Logística
2,0.7963794926004228,0.8929407486835399,0.5176687110150243,0.8690476190476191,0.3378065710319297,0.4865044985004998,0.8281771983466395,0.7873067776456599,5297,1431,110,730,IRAMDEYR,Regresión Logística
3,0.8014006342494715,0.8990348614178133,0.523947901497552,0.8726190476190476,0.3442930953499295,0.4937689457729875,0.8325639827869317,0.7925089179548157,5332,1396,107,733,IRAMDEYR,Regresión Logística
4,0.8033826638477801,0.8940137343581904,0.5108963605255523,0.8642857142857143,0.3457142857142857,0.49387755102040815,0.8300322745031425,0.7957788347205708,5354,1374,114,726,IRAMDEYR,Regresión Logística
5,0.7970133474296287,0.8870491596501695,0.5095955329289807,0.8379022646007152,0.33428435568235854,0.477906186267845,0.8149083261172423,0.7919143876337693,5328,1400,136,703,IRAMDEYR,Regresión Logística
1,0.7825052854122622,0.8907516915803182,0.5191634184604417,0.8464285714285714,0.31912028725314184,0.4634941329856584,0.8104764735858672,0.7745243757431629,5211,1517,129,711,IRAMDEYR,XGBoost
2,0.7864693446088795,0.8945580127116245,0.5273322591734526,0.875,0.3272484416740873,0.4763447828904731,0.8252080856123662,0.7754161712247325,5217,1511,105,735,IRAMDEYR,XGBoost
3,0.797568710359408,0.9002195869429817,0.5234187802518069,0.8809523809523809,0.3406998158379374,0.4913678618857902,0.8340552630088897,0.7871581450653984,5296,1432,100,740,IRAMDEYR,XGBoost
4,0.7937367864693446,0.8922009477096428,0.5057454910280262,0.8642857142857143,0.33410032213529683,0.4819117158977763,0.8246071853235943,0.7849286563614745,5281,1447,114,726,IRAMDEYR,XGBoost
5,0.7911986256112066,0.8878202243767352,0.5142712722448564,0.8510131108462455,0.32918395573997233,0.4747340425531915,0.8173763532828136,0.7837395957193817,5273,1455,125,714,IRAMDEYR,XGBoost
1,0.7629492600422833,0.8172439963384652,0.302503619972776,0.7411347517730497,0.20232333010648595,0.3178707224334601,0.7529203170629954,0.7647058823529411,5356,1648,146,418,IRSUICTHNK,Regresión Logística
2,0.766252642706131,0.8107004963728933,0.33259227979322326,0.7216312056737588,0.20158494304110947,0.3151374370886566,0.7457385040361941,0.7698458023986293,5392,1612,157,407,IRSUICTHNK,Regresión Logística
3,0.7657241014799154,0.8192884208010822,0.30981303458061954,0.7216312056737588,0.20118635689569947,0.31465017394665634,0.7454529529225448,0.7692747001713307,5388,1616,157,407,IRSUICTHNK,Regresión Logística
4,0.760438689217759,0.8213701707610526,0.2958957252033138,0.7335701598579041,0.1989402697495183,0.3129973474801061,0.7480841520203154,0.7625981441827266,5342,1663,150,413,IRSUICTHNK,Regresión Logística
5,0.761067794370292,0.8202355568449593,0.29726699033914245,0.7353463587921847,0.19971056439942114,0.3141122913505311,0.7492408550100272,0.7631353512278698,5345,1659,149,414,IRSUICTHNK,Regresión Logística
1,0.7581923890063424,0.8146068254816903,0.30313609841041256,0.7287234042553191,0.1968390804597701,0.30995475113122173,0.7446443977301724,0.7605653912050258,5327,1677,153,411,IRSUICTHNK,XGBoost
2,0.755946088794926,0.8090833859881486,0.341029390729591,0.7375886524822695,0.1966903073286052,0.3105636431504293,0.7475064907185762,0.7574243289548829,5305,1699,148,416,IRSUICTHNK,XGBoost
3,0.7597780126849895,0.8181674807911183,0.32194501733792286,0.7269503546099291,0.19768563162970107,0.310841546626232,0.7446859140268378,0.7624214734437464,5340,1664,154,410,IRSUICTHNK,XGBoost
4,0.7542283298097252,0.818051683458783,0.29481047236199254,0.7495559502664298,0.19710415693601122,0.3121301775147929,0.7520799023280758,0.7546038543897217,5286,1719,141,422,IRSUICTHNK,XGBoost
5,0.7552530725518699,0.8169825311697048,0.29139409864229354,0.7513321492007105,0.19812646370023418,0.31356560415122314,0.7534501979584363,0.7555682467161622,5292,1712,140,423,IRSUICTHNK,XGBoost
1,0.7843551797040169,0.8611482177005961,0.17082755155022059,0.8148148148148148,0.08794974300399772,0.15876288659793814,0.7991949124893969,0.7835750101639789,5782,1597,35,154,IRSUIPLANYR,Regresión Logística
2,0.7904334038054969,0.8412770116252972,0.15841281838507976,0.746031746031746,0.08397855866587255,0.15096359743040685,0.7688012097823725,0.791570673532999,5841,1538,48,141,IRSUIPLANYR,Regresión Logística
3,0.7917547568710359,0.8418542252395078,0.15795922110843866,0.7566137566137566,0.08547519426180514,0.1535982814178303,0.7746342939458537,0.7926548312779509,5849,1530,46,143,IRSUIPLANYR,Regresión Logística
4,0.7953224101479915,0.8198495070057084,0.13901024730257833,0.7074468085106383,0.08174554394591273,0.1465564738292011,0.7525038920601972,0.7975609756097561,5886,1494,55,133,IRSUIPLANYR,Regresión Logística
5,0.788952028544998,0.8462644133870415,0.1630730310053103,0.7606382978723404,0.08436578171091445,0.15188528943175783,0.7751558476758369,0.7896733974793333,5827,1552,45,143,IRSUIPLANYR,Regresión Logística
1,0.7846194503171248,0.8551616879303557,0.15992117642526635,0.8253968253968254,0.0889903023388477,0.16065911431513905,0.8044859177804021,0.7835750101639789,5782,1597,33,156,IRSUIPLANYR,XGBoost
2,0.7848837209302325,0.8419987079019469,0.14373197118160602,0.7566137566137566,0.08289855072463768,0.14942528735632185,0.7711107812747602,0.7856078059357636,5797,1582,46,143,IRSUIPLANYR,XGBoost
3,0.7917547568710359,0.8474618017238968,0.17139459160795859,0.7619047619047619,0.08597014925373134,0.15450643776824036,0.7772120367322969,0.7925193115598319,5848,1531,45,144,IRSUIPLANYR,XGBoost
4,0.7905655391120507,0.8146882027330912,0.14604891680984897,0.7021276595744681,0.07947019867549669,0.1427798810167658,0.747473043879375,0.7928184281842818,5851,1529,56,132,IRSUIPLANYR,XGBoost
5,0.789216334082199,0.8444940068567212,0.18608480881271558,0.7553191489361702,0.08397397989355411,0.15114422565194252,0.7726995527849303,0.7900799566336902,5830,1549,46,142,IRSUIPLANYR,XGBoost
1,0.8027219873150105,0.8516438242854598,0.10734465667779773,0.7380952380952381,0.04044357469015003,0.0766852195423624,0.7707712962255988,0.8034473543559594,6013,1471,22,62,IRSUITRYYR,Regresión Logística
2,0.8019291754756871,0.8512230854394136,0.08997243497685656,0.8095238095238095,0.04384268214055448,0.08318042813455657,0.8056838716245451,0.8018439337252806,6001,1483,16,68,IRSUITRYYR,Regresión Logística
3,0.8081395348837209,0.8136683655290016,0.11621982966043005,0.6547619047619048,0.03721244925575101,0.07042253521126761,0.7323114708202896,0.8098610368786745,6061,1423,29,55,IRSUITRYYR,Regresión Logística
4,0.816992600422833,0.8212257578071315,0.0737461784440017,0.6666666666666666,0.039631988676574664,0.07481629926519706,0.7426732585070372,0.8186798503474078,6127,1357,28,56,IRSUITRYYR,Regresión Logística
5,0.8112858464384829,0.8557166084394469,0.11026027004075621,0.7619047619047619,0.043478260869565216,0.08226221079691516,0.7868724664795759,0.81184017105439,6075,1408,20,64,IRSUITRYYR,Regresión Logística
1,0.8258456659619451,0.853212249624596,0.10824738266780502,0.6904761904761905,0.04296296296296296,0.08089260808926081,0.7589206179532209,0.8273650454302512,6192,1292,26,58,IRSUITRYYR,XGBoost
2,0.8217494714587738,0.842304058181263,0.10123809388098295,0.7142857142857143,0.04332129963898917,0.08168822328114364,0.7686206764907995,0.8229556386958845,6159,1325,24,60,IRSUITRYYR,XGBoost
3,0.8255813953488372,0.7864181682828129,0.0818573666546822,0.5952380952380952,0.0374251497005988,0.07042253521126761,0.7117024254918429,0.8281667557455906,6198,1286,34,50,IRSUITRYYR,XGBoost
4,0.8298097251585623,0.8123393397979182,0.07570973196425333,0.6428571428571429,0.041158536585365856,0.07736389684813753,0.7373826067038254,0.8319080705505077,6226,1258,30,54,IRSUITRYYR,XGBoost
5,0.8301836923483547,0.8444458232310699,0.111639423626021,0.7261904761904762,0.04610733182161754,0.0867093105899076,0.7787707692993007,0.8313510624081251,6221,1262,23,61,IRSUITRYYR,XGBoost
